id,chat_id,user_id,selected_path,decision_mode,prompt_version,art_affinity_score,created_at,user_msg_count,avg_user_msg_len,art_kw_count,confusion_kw_count,first_user_ts,last_user_ts,assistant_msg_count,avg_output_tokens,conversation_span_minutes,followup_depth_proxy,art_keyword_ratio,confusion_ratio,activate_art_path
label_chat_00001,chat_00001,user_0001,default,manual,default_v3,0.268,1768415028000,3,43.0,1,0,1768414740000,1768415017000,3,206.66666666666666,4.616666666666666,2,0.3333333333333333,0.0,0
label_chat_00002,chat_00002,user_0001,default,manual,default_v3,0.432,1768613939000,4,40.5,2,0,1768613340000,1768613923000,4,162.75,9.716666666666667,3,0.5,0.0,0
label_chat_00003,chat_00003,user_0001,default,manual,default_v3,0.411,1768971064000,4,43.25,1,0,1768970640000,1768971047000,4,172.75,6.783333333333333,3,0.25,0.0,0
label_chat_00004,chat_00004,user_0001,default,manual,default_v3,0.3,1769232522000,3,43.333333333333336,1,0,1769232300000,1769232507000,3,176.33333333333334,3.45,2,0.3333333333333333,0.0,0
label_chat_00005,chat_00005,user_0001,default,manual,default_v3,0.422,1769333042000,4,39.75,2,0,1769332320000,1769333032000,4,142.5,11.866666666666667,3,0.5,0.0,0
label_chat_00006,chat_00006,user_0002,default,manual,default_v3,0.346,1773703207000,5,38.0,1,0,1773702600000,1773703193000,5,190.2,9.883333333333333,4,0.2,0.0,0
label_chat_00007,chat_00007,user_0002,default,manual,default_v3,0.238,1773901085000,5,40.4,0,0,1773900300000,1773901067000,5,180.2,12.783333333333333,4,0.0,0.0,0
label_chat_00008,chat_00008,user_0002,default,manual,default_v3,0.25,1774174369000,3,50.0,0,0,1774173960000,1774174352000,3,207.0,6.533333333333333,2,0.0,0.0,0
label_chat_00009,chat_00009,user_0002,default,manual,default_v3,0.218,1774283761000,4,44.75,0,0,1774283040000,1774283749000,4,209.5,11.816666666666666,3,0.0,0.0,0
label_chat_00010,chat_00010,user_0003,default,manual,default_v3,0.282,1773013933000,5,38.0,0,1,1773013260000,1773013918000,5,156.4,10.966666666666667,4,0.0,0.2,0
label_chat_00011,chat_00011,user_0003,art,manual,art_v3,0.682,1773206380000,3,42.333333333333336,3,1,1773205740000,1773206366000,3,111.33333333333333,10.433333333333334,2,1.0,0.3333333333333333,1
label_chat_00012,chat_00012,user_0003,default,manual,default_v3,0.258,1773298249000,3,38.333333333333336,0,0,1773297900000,1773298234000,3,187.66666666666666,5.566666666666666,2,0.0,0.0,0
label_chat_00013,chat_00013,user_0003,art,manual,art_v3,0.753,1773654756000,3,42.0,4,0,1773654240000,1773654744000,3,203.33333333333334,8.4,2,1.3333333333333333,0.0,1
label_chat_00014,chat_00014,user_0003,art,manual,art_v3,0.759,1774010319000,3,41.333333333333336,3,1,1774009920000,1774010309000,3,210.0,6.483333333333333,2,1.0,0.3333333333333333,1
label_chat_00015,chat_00015,user_0004,default,manual,default_v3,0.257,1769727299000,4,38.5,1,0,1769726640000,1769727285000,4,162.25,10.75,3,0.25,0.0,0
label_chat_00016,chat_00016,user_0004,default,manual,default_v3,0.236,1770081641000,3,34.666666666666664,0,0,1770081300000,1770081625000,3,187.0,5.416666666666667,2,0.0,0.0,0
label_chat_00017,chat_00017,user_0004,default,manual,default_v3,0.208,1770193263000,4,32.75,0,0,1770192780000,1770193245000,4,230.0,7.75,3,0.0,0.0,0
label_chat_00018,chat_00018,user_0004,default,manual,default_v3,0.229,1770477479000,4,37.25,0,0,1770476880000,1770477469000,4,169.75,9.816666666666666,3,0.0,0.0,0
label_chat_00019,chat_00019,user_0004,default,manual,default_v3,0.302,1770751602000,3,33.333333333333336,1,0,1770751020000,1770751588000,3,116.66666666666667,9.466666666666667,2,0.3333333333333333,0.0,0
label_chat_00020,chat_00020,user_0005,default,manual,default_v3,0.316,1774549742000,4,35.75,3,0,1774549260000,1774549729000,4,164.25,7.816666666666666,3,0.75,0.0,0
label_chat_00021,chat_00021,user_0005,default,manual,default_v3,0.331,1774747297000,3,37.333333333333336,1,0,1774747020000,1774747286000,3,174.66666666666666,4.433333333333334,2,0.3333333333333333,0.0,0
label_chat_00022,chat_00022,user_0005,default,manual,default_v3,0.359,1774852435000,4,38.25,0,0,1774851660000,1774852422000,4,167.0,12.7,3,0.0,0.0,0
label_chat_00023,chat_00023,user_0005,default,manual,default_v3,0.393,1774949580000,4,42.75,1,0,1774949160000,1774949562000,4,184.25,6.7,3,0.25,0.0,0
label_chat_00024,chat_00024,user_0005,default,manual,default_v3,0.445,1775391533000,4,41.75,2,0,1775390880000,1775391522000,4,224.25,10.7,3,0.5,0.0,0
label_chat_00025,chat_00025,user_0006,default,manual,default_v3,0.233,1773342911000,4,30.75,0,0,1773342540000,1773342894000,4,210.75,5.9,3,0.0,0.0,0
label_chat_00026,chat_00026,user_0006,default,manual,default_v3,0.309,1773779357000,5,29.4,1,0,1773778380000,1773779339000,5,183.0,15.983333333333333,4,0.2,0.0,0
label_chat_00027,chat_00027,user_0006,default,manual,default_v3,0.246,1774143460000,3,29.666666666666668,2,0,1774142940000,1774143449000,3,216.33333333333334,8.483333333333333,2,0.6666666666666666,0.0,0
label_chat_00028,chat_00028,user_0006,default,manual,default_v3,0.223,1774415711000,5,31.2,0,0,1774414980000,1774415696000,5,162.6,11.933333333333334,4,0.0,0.0,0
label_chat_00029,chat_00029,user_0006,default,manual,default_v3,0.236,1774689486000,4,26.0,0,0,1774688940000,1774689472000,4,162.0,8.866666666666667,3,0.0,0.0,0
label_chat_00030,chat_00030,user_0007,art,manual,art_v3,0.807,1771092837000,4,45.5,3,0,1771092060000,1771092823000,4,174.25,12.716666666666667,3,0.75,0.0,1
label_chat_00031,chat_00031,user_0007,art,manual,art_v3,0.688,1771543555000,4,47.5,4,0,1771543080000,1771543542000,4,209.25,7.7,3,1.0,0.0,1
label_chat_00032,chat_00032,user_0007,default,manual,default_v3,0.253,1771645484000,3,43.666666666666664,0,0,1771644960000,1771645468000,3,182.66666666666666,8.466666666666667,2,0.0,0.0,0
label_chat_00033,chat_00033,user_0007,art,manual,art_v3,0.759,1772015406000,5,40.8,6,0,1772014680000,1772015394000,5,198.6,11.9,4,1.2,0.0,1
label_chat_00034,chat_00034,user_0007,art,manual,art_v3,0.761,1772213925000,3,43.333333333333336,3,0,1772213460000,1772213907000,3,201.66666666666666,7.45,2,1.0,0.0,1
label_chat_00035,chat_00035,user_0007,art,manual,art_v3,0.814,1772572517000,5,38.0,9,0,1772571720000,1772572499000,5,174.6,12.983333333333333,4,1.8,0.0,1
label_chat_00036,chat_00036,user_0008,default,manual,default_v3,0.169,1772316615000,5,37.6,0,1,1772316000000,1772316603000,5,186.2,10.05,4,0.0,0.2,0
label_chat_00037,chat_00037,user_0008,default,manual,default_v3,0.25,1772603040000,4,40.75,0,1,1772602680000,1772603024000,4,127.5,5.733333333333333,3,0.0,0.25,0
label_chat_00038,chat_00038,user_0008,default,manual,default_v3,0.26,1772879081000,3,34.333333333333336,0,1,1772878800000,1772879066000,3,176.66666666666666,4.433333333333334,2,0.0,0.3333333333333333,0
label_chat_00039,chat_00039,user_0008,default,manual,default_v3,0.336,1773229043000,5,35.6,1,2,1773228360000,1773229027000,5,149.0,11.116666666666667,4,0.2,0.4,0
label_chat_00040,chat_00040,user_0008,default,manual,default_v3,0.311,1773319499000,4,39.75,0,2,1773318960000,1773319485000,4,181.25,8.75,3,0.0,0.5,0
label_chat_00041,chat_00041,user_0008,default,manual,default_v3,0.225,1773580244000,3,39.0,0,1,1773580020000,1773580228000,3,172.66666666666666,3.466666666666667,2,0.0,0.3333333333333333,0
label_chat_00042,chat_00042,user_0009,art,manual,art_v3,0.719,1772488244000,3,42.333333333333336,4,0,1772487840000,1772488233000,3,140.33333333333334,6.55,2,1.3333333333333333,0.0,1
label_chat_00043,chat_00043,user_0009,default,manual,default_v3,0.254,1772669886000,4,41.25,1,3,1772669340000,1772669869000,4,212.25,8.816666666666666,3,0.25,0.75,0
label_chat_00044,chat_00044,user_0009,default,manual,default_v3,0.2,1772771561000,3,37.666666666666664,1,1,1772771100000,1772771548000,3,208.66666666666666,7.466666666666667,2,0.3333333333333333,0.3333333333333333,0
label_chat_00045,chat_00045,user_0009,art,manual,art_v3,0.82,1772862430000,5,38.6,6,2,1772861820000,1772862416000,5,185.8,9.933333333333334,4,1.2,0.4,1
label_chat_00046,chat_00046,user_0009,default,manual,default_v3,0.17,1772958182000,5,40.6,0,1,1772957700000,1772958172000,5,143.6,7.866666666666666,4,0.0,0.2,0
label_chat_00047,chat_00047,user_0009,default,manual,default_v3,0.162,1773061540000,3,39.666666666666664,0,0,1773061260000,1773061529000,3,214.66666666666666,4.483333333333333,2,0.0,0.0,0
label_chat_00048,chat_00048,user_0010,default,manual,default_v3,0.32,1772568646000,3,37.333333333333336,1,0,1772568060000,1772568632000,3,158.33333333333334,9.533333333333333,2,0.3333333333333333,0.0,0
label_chat_00049,chat_00049,user_0010,default,manual,default_v3,0.295,1772926794000,4,34.75,0,0,1772926260000,1772926778000,4,183.0,8.633333333333333,3,0.0,0.0,0
label_chat_00050,chat_00050,user_0010,default,manual,default_v3,0.239,1773280095000,5,40.6,0,0,1773279120000,1773280083000,5,186.8,16.05,4,0.0,0.0,0
label_chat_00051,chat_00051,user_0010,default,manual,default_v3,0.286,1773472988000,5,33.8,1,0,1773472320000,1773472971000,5,157.0,10.85,4,0.2,0.0,0
label_chat_00052,chat_00052,user_0010,default,manual,default_v3,0.293,1773924163000,3,43.0,0,0,1773923760000,1773924152000,3,212.33333333333334,6.533333333333333,2,0.0,0.0,0
label_chat_00053,chat_00053,user_0010,default,manual,default_v3,0.32,1774119249000,5,39.4,1,0,1774118580000,1774119238000,5,151.2,10.966666666666667,4,0.2,0.0,0
label_chat_00054,chat_00054,user_0011,default,manual,default_v3,0.237,1768434183000,5,39.2,0,0,1768433400000,1768434173000,5,199.2,12.883333333333333,4,0.0,0.0,0
label_chat_00055,chat_00055,user_0011,default,manual,default_v3,0.259,1768873061000,3,43.666666666666664,2,0,1768872660000,1768873048000,3,157.0,6.466666666666667,2,0.6666666666666666,0.0,0
label_chat_00056,chat_00056,user_0011,default,manual,default_v3,0.241,1769138144000,3,44.0,1,0,1769137740000,1769138133000,3,148.66666666666666,6.55,2,0.3333333333333333,0.0,0
label_chat_00057,chat_00057,user_0011,default,manual,default_v3,0.349,1769402884000,4,35.5,1,0,1769402220000,1769402867000,4,169.25,10.783333333333333,3,0.25,0.0,0
label_chat_00058,chat_00058,user_0011,default,manual,default_v3,0.318,1769510993000,4,41.75,0,0,1769510280000,1769510983000,4,163.75,11.716666666666667,3,0.0,0.0,0
label_chat_00059,chat_00059,user_0012,art,manual,art_v3,0.715,1775072695000,4,39.75,2,1,1775072160000,1775072684000,4,139.5,8.733333333333333,3,0.5,0.25,1
label_chat_00060,chat_00060,user_0012,art,manual,art_v3,0.741,1775266628000,4,41.75,2,2,1775265900000,1775266610000,4,188.5,11.833333333333334,3,0.5,0.5,1
label_chat_00061,chat_00061,user_0012,default,manual,default_v3,0.236,1775714177000,5,38.2,1,1,1775713140000,1775714162000,5,174.8,17.033333333333335,4,0.2,0.2,0
label_chat_00062,chat_00062,user_0012,art,manual,art_v3,0.711,1776065595000,5,41.4,3,0,1776064920000,1776065583000,5,158.0,11.05,4,0.6,0.0,1
label_chat_00063,chat_00063,user_0013,default,manual,default_v3,0.343,1770932643000,4,35.0,1,0,1770932160000,1770932628000,4,201.5,7.8,3,0.25,0.0,0
label_chat_00064,chat_00064,user_0013,default,manual,default_v3,0.182,1771125758000,3,29.0,1,0,1771125420000,1771125748000,3,183.66666666666666,5.466666666666667,2,0.3333333333333333,0.0,0
label_chat_00065,chat_00065,user_0013,default,manual,default_v3,0.167,1771496626000,3,29.0,0,0,1771496040000,1771496613000,3,152.66666666666666,9.55,2,0.0,0.0,0
label_chat_00066,chat_00066,user_0013,default,manual,default_v3,0.297,1771760147000,3,31.0,1,0,1771759680000,1771760132000,3,204.66666666666666,7.533333333333333,2,0.3333333333333333,0.0,0
label_chat_00067,chat_00067,user_0014,default,manual,default_v3,0.235,1767644140000,3,38.0,1,1,1767643920000,1767644127000,3,164.66666666666666,3.45,2,0.3333333333333333,0.3333333333333333,0
label_chat_00068,chat_00068,user_0014,default,manual,default_v3,0.228,1768008440000,5,35.2,1,0,1768007880000,1768008423000,5,185.2,9.05,4,0.2,0.0,0
label_chat_00069,chat_00069,user_0014,default,manual,default_v3,0.195,1768461468000,3,41.333333333333336,1,1,1768460940000,1768461457000,3,187.33333333333334,8.616666666666667,2,0.3333333333333333,0.3333333333333333,0
label_chat_00070,chat_00070,user_0014,default,manual,default_v3,0.185,1768645125000,3,37.333333333333336,2,1,1768644720000,1768645112000,3,193.33333333333334,6.533333333333333,2,0.6666666666666666,0.3333333333333333,0
label_chat_00071,chat_00071,user_0014,default,manual,default_v3,0.232,1768735249000,3,39.333333333333336,1,1,1768734780000,1768735237000,3,187.0,7.616666666666666,2,0.3333333333333333,0.3333333333333333,0
label_chat_00072,chat_00072,user_0014,default,manual,default_v3,0.172,1769104139000,4,41.0,0,0,1769103780000,1769104125000,4,135.5,5.75,3,0.0,0.0,0
label_chat_00073,chat_00073,user_0015,default,manual,default_v3,0.219,1772044241000,3,35.0,0,0,1772043660000,1772044228000,3,125.33333333333333,9.466666666666667,2,0.0,0.0,0
label_chat_00074,chat_00074,user_0015,default,manual,default_v3,0.356,1772413858000,5,28.0,1,0,1772413200000,1772413843000,5,168.0,10.716666666666667,4,0.2,0.0,0
label_chat_00075,chat_00075,user_0015,default,manual,default_v3,0.237,1772600613000,3,35.666666666666664,0,0,1772600400000,1772600601000,3,134.66666666666666,3.35,2,0.0,0.0,0
label_chat_00076,chat_00076,user_0015,default,manual,default_v3,0.297,1772801581000,5,32.6,0,0,1772800560000,1772801570000,5,156.4,16.833333333333332,4,0.0,0.0,0
label_chat_00077,chat_00077,user_0016,default,manual,default_v3,0.294,1769470495000,4,37.25,0,0,1769469780000,1769470485000,4,162.75,11.75,3,0.0,0.0,0
label_chat_00078,chat_00078,user_0016,art,manual,art_v3,0.764,1769559396000,3,46.666666666666664,3,0,1769558940000,1769559384000,3,227.33333333333334,7.4,2,1.0,0.0,1
label_chat_00079,chat_00079,user_0016,art,manual,art_v3,0.748,1769919794000,5,40.6,4,0,1769918880000,1769919780000,5,142.2,15.0,4,0.8,0.0,1
label_chat_00080,chat_00080,user_0016,art,manual,art_v3,0.779,1770376009000,3,42.333333333333336,5,0,1770375600000,1770375997000,3,202.0,6.616666666666666,2,1.6666666666666667,0.0,1
label_chat_00081,chat_00081,user_0017,default,manual,default_v3,0.299,1768941720000,5,39.4,1,0,1768940880000,1768941710000,5,181.0,13.833333333333334,4,0.2,0.0,0
label_chat_00082,chat_00082,user_0017,default,manual,default_v3,0.385,1769048395000,4,43.25,3,0,1769047800000,1769048378000,4,184.0,9.633333333333333,3,0.75,0.0,0
label_chat_00083,chat_00083,user_0017,default,manual,default_v3,0.418,1769330692000,4,39.5,2,0,1769330040000,1769330682000,4,178.25,10.7,3,0.5,0.0,0
label_chat_00084,chat_00084,user_0017,default,manual,default_v3,0.327,1769507706000,4,32.5,2,0,1769506920000,1769507692000,4,189.25,12.866666666666667,3,0.5,0.0,0
label_chat_00085,chat_00085,user_0017,default,manual,default_v3,0.413,1769705169000,5,37.0,1,0,1769704380000,1769705154000,5,162.4,12.9,4,0.2,0.0,0
label_chat_00086,chat_00086,user_0017,default,manual,default_v3,0.321,1769811414000,4,39.5,1,0,1769810760000,1769811402000,4,150.0,10.7,3,0.25,0.0,0
label_chat_00087,chat_00087,user_0018,default,manual,default_v3,0.185,1768347668000,5,39.8,0,1,1768346760000,1768347658000,5,169.0,14.966666666666667,4,0.0,0.2,0
label_chat_00088,chat_00088,user_0018,default,manual,default_v3,0.301,1768541929000,3,43.0,0,1,1768541640000,1768541914000,3,208.66666666666666,4.566666666666666,2,0.0,0.3333333333333333,0
label_chat_00089,chat_00089,user_0018,default,manual,default_v3,0.167,1768741014000,4,40.25,1,1,1768740180000,1768740998000,4,160.25,13.633333333333333,3,0.25,0.25,0
label_chat_00090,chat_00090,user_0018,default,manual,default_v3,0.223,1768843799000,4,43.75,0,1,1768843440000,1768843782000,4,168.25,5.7,3,0.0,0.25,0
label_chat_00091,chat_00091,user_0018,default,manual,default_v3,0.285,1768951000000,3,38.0,1,1,1768950660000,1768950989000,3,190.0,5.483333333333333,2,0.3333333333333333,0.3333333333333333,0
label_chat_00092,chat_00092,user_0019,art,manual,art_v3,0.788,1772394524000,3,44.333333333333336,1,3,1772394120000,1772394511000,3,161.66666666666666,6.516666666666667,2,0.3333333333333333,1.0,1
label_chat_00093,chat_00093,user_0019,art,manual,art_v3,0.678,1772761672000,4,44.75,2,2,1772761080000,1772761659000,4,149.75,9.65,3,0.5,0.5,1
label_chat_00094,chat_00094,user_0019,art,manual,art_v3,0.781,1772943962000,4,38.5,2,1,1772943420000,1772943944000,4,173.0,8.733333333333333,3,0.5,0.25,1
label_chat_00095,chat_00095,user_0019,default,manual,default_v3,0.232,1773123729000,4,37.25,1,3,1773123300000,1773123715000,4,201.25,6.916666666666667,3,0.25,0.75,0
label_chat_00096,chat_00096,user_0019,art,manual,art_v3,0.829,1773303286000,3,48.333333333333336,3,2,1773302700000,1773303272000,3,157.0,9.533333333333333,2,1.0,0.6666666666666666,1
label_chat_00097,chat_00097,user_0019,default,manual,default_v3,0.268,1773657585000,4,35.75,0,1,1773657060000,1773657571000,4,183.75,8.516666666666667,3,0.0,0.25,0
label_chat_00098,chat_00098,user_0020,default,manual,default_v3,0.237,1775075759000,4,38.75,1,1,1775075280000,1775075742000,4,198.25,7.7,3,0.25,0.25,0
label_chat_00099,chat_00099,user_0020,default,manual,default_v3,0.25,1775169606000,4,38.75,0,0,1775169300000,1775169588000,4,161.0,4.8,3,0.0,0.0,0
label_chat_00100,chat_00100,user_0020,default,manual,default_v3,0.363,1775363048000,4,43.0,2,1,1775362260000,1775363030000,4,174.75,12.833333333333334,3,0.5,0.25,0
label_chat_00101,chat_00101,user_0020,default,manual,default_v3,0.311,1775639637000,4,35.5,0,3,1775639040000,1775639625000,4,157.5,9.75,3,0.0,0.75,0
label_chat_00102,chat_00102,user_0020,default,manual,default_v3,0.272,1776094998000,5,39.2,1,1,1776093840000,1776094986000,5,190.4,19.1,4,0.2,0.2,0
label_chat_00103,chat_00103,user_0021,art,manual,art_v3,0.749,1773515564000,3,44.666666666666664,5,0,1773515100000,1773515546000,3,205.33333333333334,7.433333333333334,2,1.6666666666666667,0.0,1
label_chat_00104,chat_00104,user_0021,art,manual,art_v3,0.85,1773973795000,4,44.25,5,0,1773973020000,1773973784000,4,143.75,12.733333333333333,3,1.25,0.0,1
label_chat_00105,chat_00105,user_0021,art,manual,art_v3,0.654,1774334860000,3,41.0,3,0,1774334460000,1774334848000,3,206.66666666666666,6.466666666666667,2,1.0,0.0,1
label_chat_00106,chat_00106,user_0021,art,manual,art_v3,0.787,1774686553000,4,44.25,4,0,1774685760000,1774686536000,4,201.0,12.933333333333334,3,1.0,0.0,1
label_chat_00107,chat_00107,user_0021,art,manual,art_v3,0.651,1775036612000,3,47.333333333333336,3,0,1775036280000,1775036602000,3,159.33333333333334,5.366666666666666,2,1.0,0.0,1
label_chat_00108,chat_00108,user_0021,default,manual,default_v3,0.171,1775227136000,4,38.5,0,0,1775226420000,1775227126000,4,207.25,11.766666666666667,3,0.0,0.0,0
label_chat_00109,chat_00109,user_0022,art,manual,art_v3,0.811,1769031835000,4,41.75,5,1,1769031120000,1769031822000,4,138.25,11.7,3,1.25,0.25,1
label_chat_00110,chat_00110,user_0022,default,manual,default_v3,0.253,1769313170000,4,40.0,0,0,1769312640000,1769313159000,4,197.75,8.65,3,0.0,0.0,0
label_chat_00111,chat_00111,user_0022,art,manual,art_v3,0.819,1769590749000,5,38.4,4,0,1769589840000,1769590735000,5,214.2,14.916666666666666,4,0.8,0.0,1
label_chat_00112,chat_00112,user_0022,default,manual,default_v3,0.316,1769948221000,4,39.25,0,0,1769947680000,1769948210000,4,191.25,8.833333333333334,3,0.0,0.0,0
label_chat_00113,chat_00113,user_0022,default,manual,default_v3,0.272,1770043000000,3,39.333333333333336,0,0,1770042660000,1770042988000,3,164.66666666666666,5.466666666666667,2,0.0,0.0,0
label_chat_00114,chat_00114,user_0023,art,manual,art_v3,0.878,1767742750000,5,38.0,6,0,1767741720000,1767742738000,5,208.6,16.966666666666665,4,1.2,0.0,1
label_chat_00115,chat_00115,user_0023,art,manual,art_v3,0.729,1768092042000,3,36.333333333333336,4,1,1768091640000,1768092031000,3,229.66666666666666,6.516666666666667,2,1.3333333333333333,0.3333333333333333,1
label_chat_00116,chat_00116,user_0023,default,manual,default_v3,0.224,1768282006000,3,42.333333333333336,0,0,1768281720000,1768281996000,3,197.33333333333334,4.6,2,0.0,0.0,0
label_chat_00117,chat_00117,user_0023,art,manual,art_v3,0.701,1768652350000,5,39.2,4,0,1768651800000,1768652334000,5,132.6,8.9,4,0.8,0.0,1
label_chat_00118,chat_00118,user_0023,art,manual,art_v3,0.887,1768749474000,4,36.25,6,0,1768748820000,1768749461000,4,138.75,10.683333333333334,3,1.5,0.0,1
label_chat_00119,chat_00119,user_0023,art,manual,art_v3,0.762,1768842588000,4,46.0,4,0,1768842000000,1768842578000,4,206.0,9.633333333333333,3,1.0,0.0,1
label_chat_00120,chat_00120,user_0024,default,manual,default_v3,0.252,1769200069000,3,36.333333333333336,1,2,1769199720000,1769200055000,3,197.0,5.583333333333333,2,0.3333333333333333,0.6666666666666666,0
label_chat_00121,chat_00121,user_0024,default,manual,default_v3,0.201,1769646242000,4,40.0,0,1,1769645340000,1769646228000,4,181.0,14.8,3,0.0,0.25,0
label_chat_00122,chat_00122,user_0024,default,manual,default_v3,0.217,1769743937000,5,34.4,1,4,1769742780000,1769743919000,5,171.0,18.983333333333334,4,0.2,0.8,0
label_chat_00123,chat_00123,user_0024,default,manual,default_v3,0.161,1770018433000,5,42.2,0,1,1770017580000,1770018417000,5,181.2,13.95,4,0.0,0.2,0
label_chat_00124,chat_00124,user_0024,default,manual,default_v3,0.241,1770196440000,4,42.5,1,2,1770195660000,1770196429000,4,127.25,12.816666666666666,3,0.25,0.5,0
label_chat_00125,chat_00125,user_0025,default,manual,default_v3,0.328,1770670612000,4,41.5,1,0,1770669900000,1770670602000,4,178.5,11.7,3,0.25,0.0,0
label_chat_00126,chat_00126,user_0025,default,manual,default_v3,0.293,1770864544000,4,38.5,1,0,1770864000000,1770864532000,4,213.5,8.866666666666667,3,0.25,0.0,0
label_chat_00127,chat_00127,user_0025,default,manual,default_v3,0.224,1771302311000,5,36.2,0,3,1771301280000,1771302300000,5,163.8,17.0,4,0.0,0.6,0
label_chat_00128,chat_00128,user_0025,default,manual,default_v3,0.19,1771489593000,3,35.666666666666664,0,1,1771489200000,1771489581000,3,177.0,6.35,2,0.0,0.3333333333333333,0
label_chat_00129,chat_00129,user_0026,default,manual,default_v3,0.382,1770065527000,4,40.75,1,0,1770064920000,1770065512000,4,163.75,9.866666666666667,3,0.25,0.0,0
label_chat_00130,chat_00130,user_0026,default,manual,default_v3,0.286,1770435408000,3,47.0,1,0,1770435060000,1770435393000,3,175.0,5.55,2,0.3333333333333333,0.0,0
label_chat_00131,chat_00131,user_0026,default,manual,default_v3,0.337,1770801233000,4,37.75,2,0,1770800940000,1770801219000,4,177.0,4.65,3,0.5,0.0,0
label_chat_00132,chat_00132,user_0026,default,manual,default_v3,0.314,1771078802000,4,35.75,1,0,1771078260000,1771078785000,4,190.0,8.75,3,0.25,0.0,0
label_chat_00133,chat_00133,user_0026,default,manual,default_v3,0.299,1771538239000,5,37.4,0,0,1771537380000,1771538224000,5,160.6,14.066666666666666,4,0.0,0.0,0
label_chat_00134,chat_00134,user_0027,default,manual,default_v3,0.249,1775082505000,5,36.8,1,0,1775081700000,1775082487000,5,172.6,13.116666666666667,4,0.2,0.0,0
label_chat_00135,chat_00135,user_0027,default,manual,default_v3,0.337,1775188084000,4,43.75,1,0,1775187480000,1775188068000,4,157.25,9.8,3,0.25,0.0,0
label_chat_00136,chat_00136,user_0027,default,manual,default_v3,0.22,1775371790000,4,43.5,0,0,1775371200000,1775371776000,4,155.0,9.6,3,0.0,0.0,0
label_chat_00137,chat_00137,user_0027,default,manual,default_v3,0.355,1775561087000,3,44.666666666666664,1,0,1775560620000,1775561070000,3,178.0,7.5,2,0.3333333333333333,0.0,0
label_chat_00138,chat_00138,user_0027,default,manual,default_v3,0.271,1775747696000,4,41.25,0,0,1775747160000,1775747680000,4,170.5,8.666666666666666,3,0.0,0.0,0
label_chat_00139,chat_00139,user_0028,default,manual,default_v3,0.218,1768433058000,5,38.0,0,0,1768432320000,1768433046000,5,188.6,12.1,4,0.0,0.0,0
label_chat_00140,chat_00140,user_0028,default,manual,default_v3,0.294,1768869103000,3,48.666666666666664,0,0,1768868460000,1768869090000,3,182.0,10.5,2,0.0,0.0,0
label_chat_00141,chat_00141,user_0028,default,manual,default_v3,0.233,1769150717000,5,34.6,1,0,1769149680000,1769150702000,5,156.4,17.033333333333335,4,0.2,0.0,0
label_chat_00142,chat_00142,user_0028,default,manual,default_v3,0.266,1769522125000,5,42.2,0,0,1769521200000,1769522107000,5,171.2,15.116666666666667,4,0.0,0.0,0
label_chat_00143,chat_00143,user_0029,default,manual,default_v3,0.209,1774050415000,5,37.6,0,2,1774049700000,1774050405000,5,134.8,11.75,4,0.0,0.4,0
label_chat_00144,chat_00144,user_0029,default,manual,default_v3,0.232,1774419573000,3,40.666666666666664,1,2,1774419120000,1774419563000,3,182.33333333333334,7.383333333333334,2,0.3333333333333333,0.6666666666666666,0
label_chat_00145,chat_00145,user_0029,default,manual,default_v3,0.193,1774781337000,4,46.25,1,2,1774780500000,1774781326000,4,179.0,13.766666666666667,3,0.25,0.5,0
label_chat_00146,chat_00146,user_0029,default,manual,default_v3,0.318,1775236992000,5,38.0,1,4,1775236200000,1775236974000,5,175.2,12.9,4,0.2,0.8,0
label_chat_00147,chat_00147,user_0029,default,manual,default_v3,0.197,1775503509000,5,36.6,0,1,1775502720000,1775503495000,5,150.8,12.916666666666666,4,0.0,0.2,0
label_chat_00148,chat_00148,user_0030,default,manual,default_v3,0.226,1768002044000,3,40.333333333333336,0,1,1768001580000,1768002032000,3,187.0,7.533333333333333,2,0.0,0.3333333333333333,0
label_chat_00149,chat_00149,user_0030,default,manual,default_v3,0.252,1768199746000,3,43.333333333333336,0,1,1768199220000,1768199729000,3,156.0,8.483333333333333,2,0.0,0.3333333333333333,0
label_chat_00150,chat_00150,user_0030,default,manual,default_v3,0.164,1768635042000,3,39.666666666666664,0,1,1768634580000,1768635029000,3,145.0,7.483333333333333,2,0.0,0.3333333333333333,0
label_chat_00151,chat_00151,user_0030,default,manual,default_v3,0.259,1768822149000,5,40.4,0,1,1768821300000,1768822134000,5,161.6,13.9,4,0.0,0.2,0
label_chat_00152,chat_00152,user_0030,default,manual,default_v3,0.304,1769261586000,4,42.0,0,1,1769261040000,1769261571000,4,152.25,8.85,3,0.0,0.25,0
label_chat_00153,chat_00153,user_0030,default,manual,default_v3,0.221,1769445965000,4,36.75,1,2,1769445720000,1769445955000,4,180.5,3.9166666666666665,3,0.25,0.5,0
label_chat_00154,chat_00154,user_0031,art,manual,art_v3,0.655,1773166726000,3,44.0,2,0,1773166320000,1773166712000,3,139.66666666666666,6.533333333333333,2,0.6666666666666666,0.0,1
label_chat_00155,chat_00155,user_0031,art,manual,art_v3,0.844,1773537965000,5,46.6,6,0,1773537480000,1773537953000,5,138.6,7.883333333333334,4,1.2,0.0,1
label_chat_00156,chat_00156,user_0031,art,manual,art_v3,0.66,1773627662000,4,42.75,3,0,1773627060000,1773627645000,4,165.25,9.75,3,0.75,0.0,1
label_chat_00157,chat_00157,user_0031,default,manual,default_v3,0.294,1773729666000,4,36.25,1,0,1773729180000,1773729649000,4,167.0,7.816666666666666,3,0.25,0.0,0
label_chat_00158,chat_00158,user_0032,default,manual,default_v3,0.275,1767648730000,4,36.25,0,0,1767648120000,1767648715000,4,134.5,9.916666666666666,3,0.0,0.0,0
label_chat_00159,chat_00159,user_0032,default,manual,default_v3,0.269,1768008896000,4,41.5,2,0,1768008240000,1768008880000,4,177.25,10.666666666666666,3,0.5,0.0,0
label_chat_00160,chat_00160,user_0032,default,manual,default_v3,0.229,1768195688000,4,42.0,0,0,1768195140000,1768195670000,4,181.0,8.833333333333334,3,0.0,0.0,0
label_chat_00161,chat_00161,user_0032,default,manual,default_v3,0.269,1768290353000,4,41.0,0,0,1768289700000,1768290340000,4,198.25,10.666666666666666,3,0.0,0.0,0
label_chat_00162,chat_00162,user_0032,default,manual,default_v3,0.242,1768735539000,3,40.333333333333336,0,0,1768735020000,1768735528000,3,191.33333333333334,8.466666666666667,2,0.0,0.0,0
label_chat_00163,chat_00163,user_0032,default,manual,default_v3,0.161,1769009990000,3,46.666666666666664,0,0,1769009700000,1769009973000,3,192.66666666666666,4.55,2,0.0,0.0,0
label_chat_00164,chat_00164,user_0033,default,manual,default_v3,0.198,1769369342000,4,41.25,0,0,1769368560000,1769369331000,4,187.75,12.85,3,0.0,0.0,0
label_chat_00165,chat_00165,user_0033,default,manual,default_v3,0.162,1769640649000,4,39.5,1,0,1769639940000,1769640639000,4,158.5,11.65,3,0.25,0.0,0
label_chat_00166,chat_00166,user_0033,default,manual,default_v3,0.288,1769999630000,4,41.0,0,0,1769998920000,1769999620000,4,197.5,11.666666666666666,3,0.0,0.0,0
label_chat_00167,chat_00167,user_0033,default,manual,default_v3,0.187,1770352904000,3,39.666666666666664,0,0,1770352560000,1770352887000,3,214.0,5.45,2,0.0,0.0,0
label_chat_00168,chat_00168,user_0033,default,manual,default_v3,0.23,1770538993000,5,39.2,0,0,1770538140000,1770538982000,5,178.4,14.033333333333333,4,0.0,0.0,0
label_chat_00169,chat_00169,user_0033,default,manual,default_v3,0.296,1770907394000,5,41.6,1,0,1770906540000,1770907376000,5,197.6,13.933333333333334,4,0.2,0.0,0
label_chat_00170,chat_00170,user_0034,default,manual,default_v3,0.278,1773776994000,3,39.666666666666664,0,0,1773776640000,1773776976000,3,171.0,5.6,2,0.0,0.0,0
label_chat_00171,chat_00171,user_0034,default,manual,default_v3,0.296,1774136291000,5,40.6,0,0,1774135440000,1774136281000,5,148.2,14.016666666666667,4,0.0,0.0,0
label_chat_00172,chat_00172,user_0034,default,manual,default_v3,0.182,1774408904000,3,44.333333333333336,0,0,1774408500000,1774408892000,3,142.33333333333334,6.533333333333333,2,0.0,0.0,0
label_chat_00173,chat_00173,user_0034,default,manual,default_v3,0.164,1774868241000,5,34.2,1,0,1774867380000,1774868224000,5,152.8,14.066666666666666,4,0.2,0.0,0
label_chat_00174,chat_00174,user_0034,default,manual,default_v3,0.237,1775060112000,5,36.6,0,0,1775059500000,1775060099000,5,152.2,9.983333333333333,4,0.0,0.0,0
label_chat_00175,chat_00175,user_0034,default,manual,default_v3,0.253,1775162160000,4,40.0,0,0,1775161620000,1775162146000,4,155.25,8.766666666666667,3,0.0,0.0,0
label_chat_00176,chat_00176,user_0035,default,manual,default_v3,0.212,1774039634000,5,38.8,1,3,1774038900000,1774039622000,5,188.8,12.033333333333333,4,0.2,0.6,0
label_chat_00177,chat_00177,user_0035,default,manual,default_v3,0.219,1774308288000,3,40.333333333333336,2,1,1774307880000,1774308270000,3,153.33333333333334,6.5,2,0.6666666666666666,0.3333333333333333,0
label_chat_00178,chat_00178,user_0035,default,manual,default_v3,0.367,1774744725000,3,40.333333333333336,2,1,1774744320000,1774744713000,3,146.33333333333334,6.55,2,0.6666666666666666,0.3333333333333333,0
label_chat_00179,chat_00179,user_0035,default,manual,default_v3,0.172,1774924695000,5,37.8,0,0,1774924260000,1774924682000,5,158.6,7.033333333333333,4,0.0,0.0,0
label_chat_00180,chat_00180,user_0035,default,manual,default_v3,0.305,1775203777000,3,41.666666666666664,1,1,1775203200000,1775203764000,3,204.66666666666666,9.4,2,0.3333333333333333,0.3333333333333333,0
label_chat_00181,chat_00181,user_0035,default,manual,default_v3,0.278,1775567635000,4,38.5,0,2,1775567100000,1775567621000,4,187.75,8.683333333333334,3,0.0,0.5,0
label_chat_00182,chat_00182,user_0036,default,manual,default_v3,0.29,1770933602000,4,38.5,1,0,1770932700000,1770933592000,4,132.25,14.866666666666667,3,0.25,0.0,0
label_chat_00183,chat_00183,user_0036,default,manual,default_v3,0.237,1771112839000,5,38.2,2,2,1771111800000,1771112826000,5,158.8,17.1,4,0.4,0.4,0
label_chat_00184,chat_00184,user_0036,default,manual,default_v3,0.237,1771302694000,3,42.333333333333336,1,1,1771302300000,1771302683000,3,160.33333333333334,6.383333333333334,2,0.3333333333333333,0.3333333333333333,0
label_chat_00185,chat_00185,user_0036,default,manual,default_v3,0.305,1771667150000,3,41.666666666666664,0,2,1771666680000,1771667134000,3,175.0,7.566666666666666,2,0.0,0.6666666666666666,0
label_chat_00186,chat_00186,user_0036,default,manual,default_v3,0.169,1771845923000,5,35.6,0,1,1771845240000,1771845910000,5,159.2,11.166666666666666,4,0.0,0.2,0
label_chat_00187,chat_00187,user_0036,default,manual,default_v3,0.26,1771941244000,4,40.0,0,0,1771940700000,1771941228000,4,184.0,8.8,3,0.0,0.0,0
label_chat_00188,chat_00188,user_0037,default,manual,default_v3,0.313,1772313769000,3,36.333333333333336,0,0,1772313180000,1772313758000,3,177.66666666666666,9.633333333333333,2,0.0,0.0,0
label_chat_00189,chat_00189,user_0037,default,manual,default_v3,0.203,1772425683000,4,35.0,0,0,1772425200000,1772425665000,4,179.5,7.75,3,0.0,0.0,0
label_chat_00190,chat_00190,user_0037,default,manual,default_v3,0.214,1772781074000,5,32.0,1,0,1772780460000,1772781057000,5,134.0,9.95,4,0.2,0.0,0
label_chat_00191,chat_00191,user_0037,default,manual,default_v3,0.279,1772973475000,3,36.333333333333336,0,0,1772973120000,1772973457000,3,206.33333333333334,5.616666666666666,2,0.0,0.0,0
label_chat_00192,chat_00192,user_0037,default,manual,default_v3,0.264,1773246773000,4,30.0,1,0,1773246000000,1773246756000,4,170.5,12.6,3,0.25,0.0,0
label_chat_00193,chat_00193,user_0038,default,manual,default_v3,0.306,1774822978000,4,39.0,1,0,1774822320000,1774822968000,4,159.25,10.8,3,0.25,0.0,0
label_chat_00194,chat_00194,user_0038,default,manual,default_v3,0.235,1775176302000,3,44.666666666666664,2,0,1775175660000,1775176284000,3,171.66666666666666,10.4,2,0.6666666666666666,0.0,0
label_chat_00195,chat_00195,user_0038,default,manual,default_v3,0.267,1775441084000,3,42.0,0,0,1775440920000,1775441067000,3,208.33333333333334,2.45,2,0.0,0.0,0
label_chat_00196,chat_00196,user_0038,default,manual,default_v3,0.24,1775553341000,3,43.0,1,0,1775552940000,1775553328000,3,157.0,6.466666666666667,2,0.3333333333333333,0.0,0
label_chat_00197,chat_00197,user_0038,default,manual,default_v3,0.201,1775994943000,3,38.333333333333336,0,0,1775994300000,1775994931000,3,120.66666666666667,10.516666666666667,2,0.0,0.0,0
label_chat_00198,chat_00198,user_0038,default,manual,default_v3,0.18,1776435417000,4,44.0,0,0,1776434580000,1776435405000,4,145.5,13.75,3,0.0,0.0,0
label_chat_00199,chat_00199,user_0039,default,manual,default_v3,0.281,1767570279000,3,43.0,0,0,1767569700000,1767570267000,3,227.0,9.45,2,0.0,0.0,0
label_chat_00200,chat_00200,user_0039,default,manual,default_v3,0.226,1767671657000,5,40.4,0,0,1767670800000,1767671647000,5,139.6,14.116666666666667,4,0.0,0.0,0
label_chat_00201,chat_00201,user_0039,default,manual,default_v3,0.142,1767852648000,3,36.333333333333336,0,0,1767852300000,1767852637000,3,138.0,5.616666666666666,2,0.0,0.0,0
label_chat_00202,chat_00202,user_0039,default,manual,default_v3,0.272,1768046805000,3,37.0,0,0,1768046520000,1768046793000,3,169.0,4.55,2,0.0,0.0,0
label_chat_00203,chat_00203,user_0039,default,manual,default_v3,0.155,1768141622000,4,39.0,0,0,1768140840000,1768141609000,4,187.5,12.816666666666666,3,0.0,0.0,0
label_chat_00204,chat_00204,user_0039,default,manual,default_v3,0.245,1768405660000,3,43.0,0,0,1768405200000,1768405647000,3,170.0,7.45,2,0.0,0.0,0
label_chat_00205,chat_00205,user_0040,default,manual,default_v3,0.306,1768088389000,3,26.666666666666668,1,0,1768087980000,1768088374000,3,176.66666666666666,6.566666666666666,2,0.3333333333333333,0.0,0
label_chat_00206,chat_00206,user_0040,default,manual,default_v3,0.313,1768458482000,5,31.8,1,0,1768457580000,1768458472000,5,132.0,14.866666666666667,4,0.2,0.0,0
label_chat_00207,chat_00207,user_0040,default,manual,default_v3,0.162,1768732986000,4,33.0,0,0,1768732560000,1768732976000,4,181.0,6.933333333333334,3,0.0,0.0,0
label_chat_00208,chat_00208,user_0040,default,manual,default_v3,0.246,1769168277000,4,29.75,0,0,1769167800000,1769168262000,4,173.0,7.7,3,0.0,0.0,0
label_chat_00209,chat_00209,user_0040,default,manual,default_v3,0.266,1769348036000,4,28.5,0,0,1769347500000,1769348024000,4,160.0,8.733333333333333,3,0.0,0.0,0
label_chat_00210,chat_00210,user_0040,default,manual,default_v3,0.212,1769614933000,5,30.4,1,0,1769613960000,1769614917000,5,203.6,15.95,4,0.2,0.0,0
label_chat_00211,chat_00211,user_0041,art,manual,art_v3,0.77,1768159726000,3,44.666666666666664,3,0,1768159260000,1768159708000,3,199.0,7.466666666666667,2,1.0,0.0,1
label_chat_00212,chat_00212,user_0041,art,manual,art_v3,0.886,1768532164000,4,38.0,4,0,1768531500000,1768532149000,4,192.5,10.816666666666666,3,1.0,0.0,1
label_chat_00213,chat_00213,user_0041,art,manual,art_v3,0.764,1768810439000,4,39.75,4,0,1768809900000,1768810424000,4,174.75,8.733333333333333,3,1.0,0.0,1
label_chat_00214,chat_00214,user_0041,art,manual,art_v3,0.657,1769005192000,3,39.333333333333336,2,0,1769004900000,1769005174000,3,173.33333333333334,4.566666666666666,2,0.6666666666666666,0.0,1
label_chat_00215,chat_00215,user_0041,default,manual,default_v3,0.29,1769451577000,3,41.0,0,0,1769451180000,1769451564000,3,164.66666666666666,6.4,2,0.0,0.0,0
label_chat_00216,chat_00216,user_0041,art,manual,art_v3,0.789,1769904887000,3,41.0,4,0,1769904240000,1769904876000,3,151.66666666666666,10.6,2,1.3333333333333333,0.0,1
label_chat_00217,chat_00217,user_0042,default,manual,default_v3,0.188,1769723154000,3,32.333333333333336,1,0,1769722560000,1769723136000,3,181.66666666666666,9.6,2,0.3333333333333333,0.0,0
label_chat_00218,chat_00218,user_0042,default,manual,default_v3,0.219,1770158452000,4,34.25,0,0,1770157980000,1770158439000,4,177.25,7.65,3,0.0,0.0,0
label_chat_00219,chat_00219,user_0042,default,manual,default_v3,0.291,1770355862000,4,34.75,0,0,1770355260000,1770355849000,4,230.75,9.816666666666666,3,0.0,0.0,0
label_chat_00220,chat_00220,user_0042,art,manual,art_v3,0.8,1770791747000,3,32.666666666666664,4,0,1770791340000,1770791733000,3,210.0,6.55,2,1.3333333333333333,0.0,1
label_chat_00221,chat_00221,user_0042,art,manual,art_v3,0.765,1771161173000,3,31.333333333333332,3,0,1771160880000,1771161157000,3,207.0,4.616666666666666,2,1.0,0.0,1
label_chat_00222,chat_00222,user_0042,art,manual,art_v3,0.652,1771259202000,3,29.0,2,0,1771258920000,1771259189000,3,237.0,4.483333333333333,2,0.6666666666666666,0.0,1
label_chat_00223,chat_00223,user_0043,default,manual,default_v3,0.277,1770925200000,4,27.5,0,0,1770924360000,1770925186000,4,181.0,13.766666666666667,3,0.0,0.0,0
label_chat_00224,chat_00224,user_0043,art,manual,art_v3,0.719,1771294958000,3,39.0,2,0,1771294560000,1771294947000,3,196.0,6.45,2,0.6666666666666666,0.0,1
label_chat_00225,chat_00225,user_0043,art,manual,art_v3,0.775,1771644790000,4,32.0,4,0,1771644240000,1771644772000,4,165.75,8.866666666666667,3,1.0,0.0,1
label_chat_00226,chat_00226,user_0043,default,manual,default_v3,0.268,1771752464000,3,36.333333333333336,2,0,1771751940000,1771752449000,3,203.33333333333334,8.483333333333333,2,0.6666666666666666,0.0,0
label_chat_00227,chat_00227,user_0043,art,manual,art_v3,0.725,1771947165000,3,35.333333333333336,2,0,1771946640000,1771947155000,3,176.0,8.583333333333334,2,0.6666666666666666,0.0,1
label_chat_00228,chat_00228,user_0044,default,manual,default_v3,0.168,1770669259000,5,38.6,1,1,1770668340000,1770669248000,5,174.8,15.133333333333333,4,0.2,0.2,0
label_chat_00229,chat_00229,user_0044,art,manual,art_v3,0.698,1771105626000,4,43.0,3,1,1771105020000,1771105610000,4,205.5,9.833333333333334,3,0.75,0.25,1
label_chat_00230,chat_00230,user_0044,default,manual,default_v3,0.301,1771291028000,5,40.8,0,3,1771290420000,1771291010000,5,167.6,9.833333333333334,4,0.0,0.6,0
label_chat_00231,chat_00231,user_0044,art,manual,art_v3,0.768,1771642200000,4,44.25,3,0,1771641660000,1771642186000,4,161.75,8.766666666666667,3,0.75,0.0,1
label_chat_00232,chat_00232,user_0045,art,manual,art_v3,0.694,1768426839000,3,43.0,2,3,1768426440000,1768426826000,3,198.0,6.433333333333334,2,0.6666666666666666,1.0,1
label_chat_00233,chat_00233,user_0045,default,manual,default_v3,0.358,1768876264000,5,38.0,4,1,1768875120000,1768876254000,5,165.2,18.9,4,0.8,0.2,0
label_chat_00234,chat_00234,user_0045,default,manual,default_v3,0.286,1768967286000,5,39.6,0,1,1768966500000,1768967268000,5,158.4,12.8,4,0.0,0.2,0
label_chat_00235,chat_00235,user_0045,art,manual,art_v3,0.765,1769153700000,5,37.0,5,2,1769153160000,1769153689000,5,177.6,8.816666666666666,4,1.0,0.4,1
label_chat_00236,chat_00236,user_0046,art,manual,art_v3,0.735,1770677839000,5,39.4,6,1,1770676980000,1770677821000,5,167.8,14.016666666666667,4,1.2,0.2,1
label_chat_00237,chat_00237,user_0046,art,manual,art_v3,0.723,1770851466000,4,39.25,4,1,1770850860000,1770851448000,4,179.0,9.8,3,1.0,0.25,1
label_chat_00238,chat_00238,user_0046,default,manual,default_v3,0.311,1771121327000,3,40.333333333333336,1,1,1771120860000,1771121310000,3,190.33333333333334,7.5,2,0.3333333333333333,0.3333333333333333,0
label_chat_00239,chat_00239,user_0046,art,manual,art_v3,0.818,1771481637000,4,42.25,3,1,1771480980000,1771481625000,4,183.0,10.75,3,0.75,0.25,1
label_chat_00240,chat_00240,user_0046,default,manual,default_v3,0.336,1771580647000,5,39.8,3,0,1771580040000,1771580634000,5,183.2,9.9,4,0.6,0.0,0
label_chat_00241,chat_00241,user_0046,art,manual,art_v3,0.846,1771939686000,5,37.4,7,3,1771938960000,1771939674000,5,190.0,11.9,4,1.4,0.6,1
label_chat_00242,chat_00242,user_0047,default,manual,default_v3,0.265,1770939557000,5,36.4,1,0,1770938640000,1770939539000,5,189.0,14.983333333333333,4,0.2,0.0,0
label_chat_00243,chat_00243,user_0047,default,manual,default_v3,0.19,1771032962000,4,36.75,0,0,1771032420000,1771032945000,4,152.75,8.75,3,0.0,0.0,0
label_chat_00244,chat_00244,user_0047,default,manual,default_v3,0.249,1771314410000,3,42.0,1,0,1771313940000,1771314398000,3,142.0,7.633333333333334,2,0.3333333333333333,0.0,0
label_chat_00245,chat_00245,user_0047,art,manual,art_v3,0.806,1771593788000,5,36.0,3,0,1771593240000,1771593772000,5,109.2,8.866666666666667,4,0.6,0.0,1
label_chat_00246,chat_00246,user_0047,default,manual,default_v3,0.19,1771874694000,3,37.666666666666664,0,0,1771874520000,1771874679000,3,191.33333333333334,2.65,2,0.0,0.0,0
label_chat_00247,chat_00247,user_0047,default,manual,default_v3,0.228,1772069335000,4,39.25,0,0,1772068980000,1772069317000,4,172.5,5.616666666666666,3,0.0,0.0,0
label_chat_00248,chat_00248,user_0048,default,manual,default_v3,0.356,1768249033000,5,39.0,1,0,1768248300000,1768249016000,5,182.6,11.933333333333334,4,0.2,0.0,0
label_chat_00249,chat_00249,user_0048,default,manual,default_v3,0.362,1768436825000,5,37.0,1,0,1768435980000,1768436808000,5,207.6,13.8,4,0.2,0.0,0
label_chat_00250,chat_00250,user_0048,default,manual,default_v3,0.439,1768872112000,3,36.0,3,0,1768871940000,1768872094000,3,145.33333333333334,2.566666666666667,2,1.0,0.0,0
label_chat_00251,chat_00251,user_0048,default,manual,default_v3,0.395,1769222353000,5,37.8,1,0,1769221440000,1769222338000,5,179.0,14.966666666666667,4,0.2,0.0,0
label_chat_00252,chat_00252,user_0048,default,manual,default_v3,0.379,1769665243000,3,41.333333333333336,0,0,1769664660000,1769665231000,3,219.66666666666666,9.516666666666667,2,0.0,0.0,0
label_chat_00253,chat_00253,user_0048,default,manual,default_v3,0.436,1769759482000,5,38.6,3,0,1769758740000,1769759470000,5,159.4,12.166666666666666,4,0.6,0.0,0
label_chat_00254,chat_00254,user_0049,art,manual,art_v3,0.709,1773004362000,3,35.0,3,0,1773004020000,1773004350000,3,184.0,5.5,2,1.0,0.0,1
label_chat_00255,chat_00255,user_0049,art,manual,art_v3,0.828,1773290393000,3,33.666666666666664,4,0,1773290040000,1773290375000,3,163.33333333333334,5.583333333333333,2,1.3333333333333333,0.0,1
label_chat_00256,chat_00256,user_0049,art,manual,art_v3,0.674,1773387589000,3,28.666666666666668,2,0,1773387120000,1773387579000,3,192.66666666666666,7.65,2,0.6666666666666666,0.0,1
label_chat_00257,chat_00257,user_0049,art,manual,art_v3,0.777,1773479591000,5,31.4,4,0,1773478980000,1773479578000,5,174.4,9.966666666666667,4,0.8,0.0,1
label_chat_00258,chat_00258,user_0049,art,manual,art_v3,0.829,1773585192000,5,34.8,4,0,1773584340000,1773585182000,5,152.8,14.033333333333333,4,0.8,0.0,1
label_chat_00259,chat_00259,user_0050,art,manual,art_v3,0.835,1774300984000,4,33.25,4,0,1774300260000,1774300966000,4,184.5,11.766666666666667,3,1.0,0.0,1
label_chat_00260,chat_00260,user_0050,art,manual,art_v3,0.762,1774670921000,3,27.666666666666668,3,0,1774670400000,1774670910000,3,198.33333333333334,8.5,2,1.0,0.0,1
label_chat_00261,chat_00261,user_0050,art,manual,art_v3,0.642,1774765070000,3,35.333333333333336,3,0,1774764660000,1774765055000,3,164.33333333333334,6.583333333333333,2,1.0,0.0,1
label_chat_00262,chat_00262,user_0050,art,manual,art_v3,0.649,1775028407000,3,38.0,3,0,1775028120000,1775028395000,3,171.66666666666666,4.583333333333333,2,1.0,0.0,1
label_chat_00263,chat_00263,user_0051,default,manual,default_v3,0.257,1769207752000,4,40.0,2,0,1769207220000,1769207737000,4,185.75,8.616666666666667,3,0.5,0.0,0
label_chat_00264,chat_00264,user_0051,default,manual,default_v3,0.268,1769656992000,5,36.2,1,0,1769656500000,1769656978000,5,160.6,7.966666666666667,4,0.2,0.0,0
label_chat_00265,chat_00265,user_0051,default,manual,default_v3,0.197,1769935566000,5,38.6,0,0,1769934660000,1769935552000,5,153.0,14.866666666666667,4,0.0,0.0,0
label_chat_00266,chat_00266,user_0051,default,manual,default_v3,0.183,1770372641000,3,43.333333333333336,1,0,1770372300000,1770372628000,3,208.33333333333334,5.466666666666667,2,0.3333333333333333,0.0,0
label_chat_00267,chat_00267,user_0051,default,manual,default_v3,0.236,1770567478000,4,41.5,2,0,1770566880000,1770567460000,4,154.5,9.666666666666666,3,0.5,0.0,0
label_chat_00268,chat_00268,user_0051,default,manual,default_v3,0.208,1770761633000,3,36.333333333333336,1,0,1770761400000,1770761615000,3,194.33333333333334,3.5833333333333335,2,0.3333333333333333,0.0,0
label_chat_00269,chat_00269,user_0052,default,manual,default_v3,0.36,1769902805000,4,40.5,1,0,1769902260000,1769902793000,4,163.5,8.883333333333333,3,0.25,0.0,0
label_chat_00270,chat_00270,user_0052,default,manual,default_v3,0.363,1770079968000,3,44.333333333333336,1,0,1770079440000,1770079951000,3,212.33333333333334,8.516666666666667,2,0.3333333333333333,0.0,0
label_chat_00271,chat_00271,user_0052,default,manual,default_v3,0.321,1770528051000,4,37.75,4,0,1770527640000,1770528039000,4,132.0,6.65,3,1.0,0.0,0
label_chat_00272,chat_00272,user_0052,default,manual,default_v3,0.37,1770888522000,3,38.333333333333336,4,0,1770888240000,1770888510000,3,208.66666666666666,4.5,2,1.3333333333333333,0.0,0
label_chat_00273,chat_00273,user_0053,art,manual,art_v3,0.851,1769463829000,4,41.25,6,0,1769463300000,1769463818000,4,192.75,8.633333333333333,3,1.5,0.0,1
label_chat_00274,chat_00274,user_0053,default,manual,default_v3,0.19,1769909471000,5,43.6,0,0,1769908740000,1769909455000,5,204.2,11.916666666666666,4,0.0,0.0,0
label_chat_00275,chat_00275,user_0053,art,manual,art_v3,0.739,1770017807000,3,38.666666666666664,2,0,1770017340000,1770017789000,3,132.0,7.483333333333333,2,0.6666666666666666,0.0,1
label_chat_00276,chat_00276,user_0053,art,manual,art_v3,0.681,1770287204000,3,47.666666666666664,3,1,1770286560000,1770287187000,3,168.33333333333334,10.45,2,1.0,0.3333333333333333,1
label_chat_00277,chat_00277,user_0053,default,manual,default_v3,0.258,1770551643000,4,37.0,1,0,1770550920000,1770551626000,4,161.5,11.766666666666667,3,0.25,0.0,0
label_chat_00278,chat_00278,user_0053,default,manual,default_v3,0.297,1770652004000,3,34.666666666666664,1,0,1770651780000,1770651990000,3,205.33333333333334,3.5,2,0.3333333333333333,0.0,0
label_chat_00279,chat_00279,user_0054,default,manual,default_v3,0.387,1771967631000,4,40.5,2,0,1771967100000,1771967619000,4,228.25,8.65,3,0.5,0.0,0
label_chat_00280,chat_00280,user_0054,default,manual,default_v3,0.376,1772151784000,5,45.2,0,0,1772151180000,1772151772000,5,178.6,9.866666666666667,4,0.0,0.0,0
label_chat_00281,chat_00281,user_0054,default,manual,default_v3,0.439,1772340239000,4,44.75,3,0,1772339640000,1772340222000,4,219.75,9.7,3,0.75,0.0,0
label_chat_00282,chat_00282,user_0054,default,manual,default_v3,0.325,1772710851000,4,37.75,3,0,1772710260000,1772710834000,4,169.0,9.566666666666666,3,0.75,0.0,0
label_chat_00283,chat_00283,user_0054,default,manual,default_v3,0.351,1772801289000,5,42.0,0,0,1772800440000,1772801273000,5,187.8,13.883333333333333,4,0.0,0.0,0
label_chat_00284,chat_00284,user_0055,art,manual,art_v3,0.734,1771180983000,5,33.8,4,4,1771180140000,1771180971000,5,189.0,13.85,4,0.8,0.8,1
label_chat_00285,chat_00285,user_0055,art,manual,art_v3,0.886,1771449601000,5,41.0,6,2,1771448760000,1771449590000,5,212.6,13.833333333333334,4,1.2,0.4,1
label_chat_00286,chat_00286,user_0055,default,manual,default_v3,0.169,1771735855000,4,39.25,0,3,1771735500000,1771735839000,4,153.0,5.65,3,0.0,0.75,0
label_chat_00287,chat_00287,user_0055,art,manual,art_v3,0.797,1771838296000,5,38.2,5,2,1771837620000,1771838281000,5,201.6,11.016666666666667,4,1.0,0.4,1
label_chat_00288,chat_00288,user_0055,default,manual,default_v3,0.278,1772030815000,3,42.0,0,1,1772030640000,1772030797000,3,191.66666666666666,2.6166666666666667,2,0.0,0.3333333333333333,0
label_chat_00289,chat_00289,user_0055,art,manual,art_v3,0.783,1772127241000,4,44.75,4,2,1772126640000,1772127223000,4,141.75,9.716666666666667,3,1.0,0.5,1
label_chat_00290,chat_00290,user_0056,default,manual,default_v3,0.277,1771015157000,5,36.8,0,0,1771014360000,1771015141000,5,208.2,13.016666666666667,4,0.0,0.0,0
label_chat_00291,chat_00291,user_0056,default,manual,default_v3,0.325,1771383186000,5,38.0,2,0,1771382280000,1771383174000,5,163.0,14.9,4,0.4,0.0,0
label_chat_00292,chat_00292,user_0056,default,manual,default_v3,0.258,1771662116000,4,39.5,0,0,1771661700000,1771662099000,4,163.5,6.65,3,0.0,0.0,0
label_chat_00293,chat_00293,user_0056,default,manual,default_v3,0.167,1772019706000,3,34.666666666666664,0,0,1772019180000,1772019696000,3,132.0,8.6,2,0.0,0.0,0
label_chat_00294,chat_00294,user_0057,default,manual,default_v3,0.262,1770403085000,5,36.8,1,0,1770402360000,1770403072000,5,154.2,11.866666666666667,4,0.2,0.0,0
label_chat_00295,chat_00295,user_0057,default,manual,default_v3,0.17,1770860020000,3,44.666666666666664,1,0,1770859380000,1770860004000,3,141.66666666666666,10.4,2,0.3333333333333333,0.0,0
label_chat_00296,chat_00296,user_0057,default,manual,default_v3,0.194,1771039042000,5,38.0,1,0,1771038180000,1771039028000,5,175.0,14.133333333333333,4,0.2,0.0,0
label_chat_00297,chat_00297,user_0057,default,manual,default_v3,0.21,1771233039000,3,42.666666666666664,0,0,1771232520000,1771233025000,3,176.0,8.416666666666666,2,0.0,0.0,0
label_chat_00298,chat_00298,user_0057,default,manual,default_v3,0.17,1771680539000,4,38.0,0,0,1771679820000,1771680529000,4,203.0,11.816666666666666,3,0.0,0.0,0
label_chat_00299,chat_00299,user_0058,default,manual,default_v3,0.195,1772312931000,3,36.333333333333336,0,3,1772312700000,1772312916000,3,215.0,3.6,2,0.0,1.0,0
label_chat_00300,chat_00300,user_0058,default,manual,default_v3,0.234,1772583178000,4,39.25,1,3,1772582580000,1772583167000,4,172.5,9.783333333333333,3,0.25,0.75,0
label_chat_00301,chat_00301,user_0058,default,manual,default_v3,0.232,1772862127000,4,38.25,0,2,1772861460000,1772862111000,4,181.0,10.85,3,0.0,0.5,0
label_chat_00302,chat_00302,user_0058,default,manual,default_v3,0.298,1773041820000,4,42.0,0,1,1773041160000,1773041802000,4,192.0,10.7,3,0.0,0.25,0
label_chat_00303,chat_00303,user_0059,art,manual,art_v3,0.795,1767295516000,5,34.4,6,0,1767294600000,1767295499000,5,162.0,14.983333333333333,4,1.2,0.0,1
label_chat_00304,chat_00304,user_0059,art,manual,art_v3,0.836,1767566653000,5,39.6,5,1,1767565800000,1767566641000,5,172.2,14.016666666666667,4,1.0,0.2,1
label_chat_00305,chat_00305,user_0059,art,manual,art_v3,0.716,1767752696000,4,36.25,3,0,1767752160000,1767752682000,4,116.25,8.7,3,0.75,0.0,1
label_chat_00306,chat_00306,user_0059,art,manual,art_v3,0.702,1767943310000,3,34.333333333333336,3,0,1767942960000,1767943293000,3,202.0,5.55,2,1.0,0.0,1
label_chat_00307,chat_00307,user_0060,default,manual,default_v3,0.173,1767303409000,3,43.666666666666664,0,1,1767302940000,1767303399000,3,147.0,7.65,2,0.0,0.3333333333333333,0
label_chat_00308,chat_00308,user_0060,default,manual,default_v3,0.291,1767497475000,5,39.4,0,1,1767496740000,1767497457000,5,170.6,11.95,4,0.0,0.2,0
label_chat_00309,chat_00309,user_0060,default,manual,default_v3,0.268,1767595801000,4,39.75,1,0,1767595080000,1767595789000,4,191.0,11.816666666666666,3,0.25,0.0,0
label_chat_00310,chat_00310,user_0060,default,manual,default_v3,0.255,1767868859000,4,42.0,0,1,1767868140000,1767868847000,4,147.0,11.783333333333333,3,0.0,0.25,0
label_chat_00311,chat_00311,user_0060,default,manual,default_v3,0.298,1768130781000,5,40.2,1,2,1768129740000,1768130764000,5,164.2,17.066666666666666,4,0.2,0.4,0
label_chat_00312,chat_00312,user_0060,default,manual,default_v3,0.242,1768483142000,4,38.5,1,2,1768482600000,1768483124000,4,170.5,8.733333333333333,3,0.25,0.5,0
label_chat_00313,chat_00313,user_0061,default,manual,default_v3,0.312,1768593662000,5,37.4,0,1,1768592400000,1768593651000,5,160.6,20.85,4,0.0,0.2,0
label_chat_00314,chat_00314,user_0061,default,manual,default_v3,0.207,1768786142000,5,39.0,0,2,1768785240000,1768786132000,5,174.0,14.866666666666667,4,0.0,0.4,0
label_chat_00315,chat_00315,user_0061,default,manual,default_v3,0.211,1769055113000,3,34.333333333333336,0,2,1769054640000,1769055097000,3,175.0,7.616666666666666,2,0.0,0.6666666666666666,0
label_chat_00316,chat_00316,user_0061,default,manual,default_v3,0.269,1769512914000,4,37.5,0,3,1769512140000,1769512901000,4,178.5,12.683333333333334,3,0.0,0.75,0
label_chat_00317,chat_00317,user_0062,default,manual,default_v3,0.313,1771370328000,3,40.333333333333336,1,0,1771369860000,1771370310000,3,151.0,7.5,2,0.3333333333333333,0.0,0
label_chat_00318,chat_00318,user_0062,default,manual,default_v3,0.246,1771822079000,4,44.5,1,0,1771821300000,1771822063000,4,165.25,12.716666666666667,3,0.25,0.0,0
label_chat_00319,chat_00319,user_0062,default,manual,default_v3,0.383,1771912143000,4,34.0,2,0,1771911780000,1771912129000,4,210.75,5.816666666666666,3,0.5,0.0,0
label_chat_00320,chat_00320,user_0062,default,manual,default_v3,0.286,1772358783000,4,44.0,1,0,1772358180000,1772358768000,4,207.75,9.8,3,0.25,0.0,0
label_chat_00321,chat_00321,user_0062,default,manual,default_v3,0.361,1772721547000,5,38.2,1,0,1772720760000,1772721536000,5,195.8,12.933333333333334,4,0.2,0.0,0
label_chat_00322,chat_00322,user_0062,default,manual,default_v3,0.38,1773001304000,3,44.333333333333336,2,0,1773000780000,1773001287000,3,213.33333333333334,8.45,2,0.6666666666666666,0.0,0
label_chat_00323,chat_00323,user_0063,default,manual,default_v3,0.247,1770420610000,4,33.25,0,0,1770420120000,1770420593000,4,180.5,7.883333333333334,3,0.0,0.0,0
label_chat_00324,chat_00324,user_0063,default,manual,default_v3,0.314,1770788400000,4,36.25,0,0,1770788100000,1770788384000,4,182.75,4.733333333333333,3,0.0,0.0,0
label_chat_00325,chat_00325,user_0063,default,manual,default_v3,0.203,1770892205000,5,28.4,0,0,1770891540000,1770892194000,5,170.2,10.9,4,0.0,0.0,0
label_chat_00326,chat_00326,user_0063,default,manual,default_v3,0.214,1771244523000,5,30.2,1,0,1771243740000,1771244512000,5,166.8,12.866666666666667,4,0.2,0.0,0
label_chat_00327,chat_00327,user_0064,default,manual,default_v3,0.382,1769815042000,5,36.0,2,0,1769814180000,1769815028000,5,176.4,14.133333333333333,4,0.4,0.0,0
label_chat_00328,chat_00328,user_0064,default,manual,default_v3,0.326,1770093981000,5,37.8,2,0,1770093060000,1770093964000,5,161.6,15.066666666666666,4,0.4,0.0,0
label_chat_00329,chat_00329,user_0064,default,manual,default_v3,0.402,1770268185000,3,38.0,2,0,1770267780000,1770268174000,3,157.0,6.566666666666666,2,0.6666666666666666,0.0,0
label_chat_00330,chat_00330,user_0064,default,manual,default_v3,0.348,1770363170000,4,44.25,2,0,1770362700000,1770363158000,4,212.25,7.633333333333334,3,0.5,0.0,0
label_chat_00331,chat_00331,user_0064,default,manual,default_v3,0.293,1770815856000,3,46.0,0,0,1770815520000,1770815844000,3,141.0,5.4,2,0.0,0.0,0
label_chat_00332,chat_00332,user_0064,default,manual,default_v3,0.287,1770993616000,5,37.8,1,0,1770992580000,1770993605000,5,181.6,17.083333333333332,4,0.2,0.0,0
label_chat_00333,chat_00333,user_0065,default,manual,default_v3,0.197,1769210838000,5,43.6,1,0,1769209980000,1769210822000,5,150.6,14.033333333333333,4,0.2,0.0,0
label_chat_00334,chat_00334,user_0065,default,manual,default_v3,0.22,1769387823000,4,39.0,0,0,1769387280000,1769387812000,4,204.5,8.866666666666667,3,0.0,0.0,0
label_chat_00335,chat_00335,user_0065,default,manual,default_v3,0.244,1769826299000,4,40.0,0,0,1769825700000,1769826284000,4,168.0,9.733333333333333,3,0.0,0.0,0
label_chat_00336,chat_00336,user_0065,default,manual,default_v3,0.207,1769937535000,4,36.5,1,0,1769936880000,1769937518000,4,200.0,10.633333333333333,3,0.25,0.0,0
label_chat_00337,chat_00337,user_0065,default,manual,default_v3,0.14,1770206172000,5,38.6,0,0,1770205200000,1770206162000,5,168.4,16.033333333333335,4,0.0,0.0,0
label_chat_00338,chat_00338,user_0066,art,manual,art_v3,0.691,1771017393000,3,33.0,3,0,1771016940000,1771017383000,3,167.0,7.383333333333334,2,1.0,0.0,1
label_chat_00339,chat_00339,user_0066,art,manual,art_v3,0.753,1771214820000,4,29.5,3,0,1771214400000,1771214804000,4,135.25,6.733333333333333,3,0.75,0.0,1
label_chat_00340,chat_00340,user_0066,art,manual,art_v3,0.808,1771656341000,3,36.0,4,0,1771655880000,1771656324000,3,125.0,7.4,2,1.3333333333333333,0.0,1
label_chat_00341,chat_00341,user_0066,art,manual,art_v3,0.797,1772019239000,5,34.2,6,0,1772018520000,1772019229000,5,179.8,11.816666666666666,4,1.2,0.0,1
label_chat_00342,chat_00342,user_0066,art,manual,art_v3,0.802,1772203596000,3,31.333333333333332,3,0,1772203140000,1772203584000,3,147.66666666666666,7.4,2,1.0,0.0,1
label_chat_00343,chat_00343,user_0066,art,manual,art_v3,0.81,1772649882000,3,44.666666666666664,3,0,1772649420000,1772649868000,3,197.66666666666666,7.466666666666667,2,1.0,0.0,1
label_chat_00344,chat_00344,user_0067,default,manual,default_v3,0.423,1771882130000,3,38.333333333333336,1,0,1771881720000,1771882112000,3,186.0,6.533333333333333,2,0.3333333333333333,0.0,0
label_chat_00345,chat_00345,user_0067,art,manual,art_v3,0.725,1772079514000,3,43.666666666666664,4,1,1772079000000,1772079504000,3,161.33333333333334,8.4,2,1.3333333333333333,0.3333333333333333,1
label_chat_00346,chat_00346,user_0067,art,manual,art_v3,0.783,1772536851000,3,40.0,2,0,1772536380000,1772536833000,3,166.66666666666666,7.55,2,0.6666666666666666,0.0,1
label_chat_00347,chat_00347,user_0067,default,manual,default_v3,0.313,1772982582000,3,40.666666666666664,2,0,1772982240000,1772982569000,3,149.66666666666666,5.483333333333333,2,0.6666666666666666,0.0,0
label_chat_00348,chat_00348,user_0067,art,manual,art_v3,0.884,1773250204000,4,40.75,5,0,1773249720000,1773250188000,4,140.0,7.8,3,1.25,0.0,1
label_chat_00349,chat_00349,user_0068,default,manual,default_v3,0.256,1771267992000,5,40.2,0,0,1771267080000,1771267978000,5,194.8,14.966666666666667,4,0.0,0.0,0
label_chat_00350,chat_00350,user_0068,default,manual,default_v3,0.219,1771622414000,5,39.2,1,0,1771621800000,1771622403000,5,174.8,10.05,4,0.2,0.0,0
label_chat_00351,chat_00351,user_0068,art,manual,art_v3,0.845,1771721476000,5,41.4,4,0,1771720800000,1771721459000,5,193.6,10.983333333333333,4,0.8,0.0,1
label_chat_00352,chat_00352,user_0068,default,manual,default_v3,0.313,1771913563000,3,41.333333333333336,0,0,1771913100000,1771913545000,3,197.33333333333334,7.416666666666667,2,0.0,0.0,0
label_chat_00353,chat_00353,user_0068,art,manual,art_v3,0.835,1772112792000,5,37.2,6,0,1772112060000,1772112777000,5,153.6,11.95,4,1.2,0.0,1
label_chat_00354,chat_00354,user_0069,art,manual,art_v3,0.914,1772562251000,5,40.4,9,0,1772561460000,1772562240000,5,170.2,13.0,4,1.8,0.0,1
label_chat_00355,chat_00355,user_0069,art,manual,art_v3,0.901,1772757237000,5,37.4,6,0,1772756400000,1772757226000,5,173.0,13.766666666666667,4,1.2,0.0,1
label_chat_00356,chat_00356,user_0069,art,manual,art_v3,0.777,1772954784000,5,40.4,6,1,1772953920000,1772954766000,5,193.4,14.1,4,1.2,0.2,1
label_chat_00357,chat_00357,user_0069,art,manual,art_v3,0.895,1773239258000,3,44.0,3,0,1773238920000,1773239248000,3,214.33333333333334,5.466666666666667,2,1.0,0.0,1
label_chat_00358,chat_00358,user_0069,default,manual,default_v3,0.402,1773338800000,3,42.0,2,0,1773338520000,1773338785000,3,136.66666666666666,4.416666666666667,2,0.6666666666666666,0.0,0
label_chat_00359,chat_00359,user_0070,art,manual,art_v3,0.76,1769639215000,4,40.0,4,0,1769638380000,1769639202000,4,199.75,13.7,3,1.0,0.0,1
label_chat_00360,chat_00360,user_0070,art,manual,art_v3,0.584,1769818966000,3,47.0,1,0,1769818440000,1769818948000,3,180.0,8.466666666666667,2,0.3333333333333333,0.0,1
label_chat_00361,chat_00361,user_0070,art,manual,art_v3,0.765,1770257881000,4,39.75,5,0,1770257460000,1770257867000,4,212.25,6.783333333333333,3,1.25,0.0,1
label_chat_00362,chat_00362,user_0070,art,manual,art_v3,0.765,1770437899000,5,38.6,2,0,1770437280000,1770437881000,5,194.8,10.016666666666667,4,0.4,0.0,1
label_chat_00363,chat_00363,user_0070,art,manual,art_v3,0.806,1770614291000,5,40.2,6,1,1770613440000,1770614275000,5,150.2,13.916666666666666,4,1.2,0.2,1
label_chat_00364,chat_00364,user_0071,art,manual,art_v3,0.883,1769974326000,5,27.6,5,0,1769973780000,1769974316000,5,193.0,8.933333333333334,4,1.0,0.0,1
label_chat_00365,chat_00365,user_0071,art,manual,art_v3,0.787,1770157128000,4,38.5,6,0,1770156420000,1770157118000,4,190.0,11.633333333333333,3,1.5,0.0,1
label_chat_00366,chat_00366,user_0071,art,manual,art_v3,0.747,1770270778000,4,35.25,6,0,1770270300000,1770270765000,4,179.5,7.75,3,1.5,0.0,1
label_chat_00367,chat_00367,user_0071,art,manual,art_v3,0.698,1770464025000,3,34.333333333333336,3,0,1770463560000,1770464012000,3,159.0,7.533333333333333,2,1.0,0.0,1
label_chat_00368,chat_00368,user_0072,default,manual,default_v3,0.207,1773949631000,5,33.6,1,0,1773949080000,1773949620000,5,160.2,9.0,4,0.2,0.0,0
label_chat_00369,chat_00369,user_0072,default,manual,default_v3,0.266,1774224852000,5,32.2,0,0,1774224240000,1774224835000,5,153.0,9.916666666666666,4,0.0,0.0,0
label_chat_00370,chat_00370,user_0072,default,manual,default_v3,0.31,1774495336000,5,29.2,0,0,1774494540000,1774495320000,5,168.4,13.0,4,0.0,0.0,0
label_chat_00371,chat_00371,user_0072,default,manual,default_v3,0.264,1774938952000,4,27.25,0,0,1774938480000,1774938940000,4,190.5,7.666666666666667,3,0.0,0.0,0
label_chat_00372,chat_00372,user_0072,default,manual,default_v3,0.218,1775045574000,4,30.75,1,0,1775044800000,1775045560000,4,161.5,12.666666666666666,3,0.25,0.0,0
label_chat_00373,chat_00373,user_0073,art,manual,art_v3,0.78,1770579859000,5,37.8,3,0,1770579120000,1770579846000,5,181.2,12.1,4,0.6,0.0,1
label_chat_00374,chat_00374,user_0073,default,manual,default_v3,0.349,1770689531000,5,38.8,1,0,1770688980000,1770689520000,5,189.0,9.0,4,0.2,0.0,0
label_chat_00375,chat_00375,user_0073,art,manual,art_v3,0.689,1770972275000,3,37.333333333333336,3,0,1770971940000,1770972263000,3,220.66666666666666,5.383333333333334,2,1.0,0.0,1
label_chat_00376,chat_00376,user_0073,art,manual,art_v3,0.725,1771237973000,4,42.75,5,0,1771237320000,1771237959000,4,178.0,10.65,3,1.25,0.0,1
label_chat_00377,chat_00377,user_0073,art,manual,art_v3,0.816,1771510070000,3,44.666666666666664,3,0,1771509720000,1771510054000,3,195.33333333333334,5.566666666666666,2,1.0,0.0,1
label_chat_00378,chat_00378,user_0074,default,manual,default_v3,0.193,1772397246000,5,41.2,0,0,1772396340000,1772397232000,5,173.4,14.866666666666667,4,0.0,0.0,0
label_chat_00379,chat_00379,user_0074,default,manual,default_v3,0.248,1772671864000,5,41.0,0,0,1772671200000,1772671851000,5,189.0,10.85,4,0.0,0.0,0
label_chat_00380,chat_00380,user_0074,default,manual,default_v3,0.323,1772847310000,4,38.0,1,0,1772846760000,1772847296000,4,164.5,8.933333333333334,3,0.25,0.0,0
label_chat_00381,chat_00381,user_0074,default,manual,default_v3,0.243,1773200868000,3,38.333333333333336,0,0,1773200700000,1773200857000,3,196.33333333333334,2.6166666666666667,2,0.0,0.0,0
label_chat_00382,chat_00382,user_0074,default,manual,default_v3,0.18,1773481636000,5,40.2,1,0,1773480780000,1773481624000,5,170.2,14.066666666666666,4,0.2,0.0,0
label_chat_00383,chat_00383,user_0074,default,manual,default_v3,0.309,1773933283000,3,42.0,0,0,1773932880000,1773933273000,3,221.33333333333334,6.55,2,0.0,0.0,0
label_chat_00384,chat_00384,user_0075,default,manual,default_v3,0.16,1769466529000,3,38.333333333333336,0,1,1769466300000,1769466513000,3,194.0,3.55,2,0.0,0.3333333333333333,0
label_chat_00385,chat_00385,user_0075,art,manual,art_v3,0.755,1769642757000,4,42.0,5,0,1769642100000,1769642744000,4,163.0,10.733333333333333,3,1.25,0.0,1
label_chat_00386,chat_00386,user_0075,art,manual,art_v3,0.769,1769839906000,4,37.75,3,2,1769839380000,1769839895000,4,183.5,8.583333333333334,3,0.75,0.5,1
label_chat_00387,chat_00387,user_0075,art,manual,art_v3,0.846,1770017900000,5,40.8,4,1,1770017040000,1770017884000,5,159.4,14.066666666666666,4,0.8,0.2,1
label_chat_00388,chat_00388,user_0075,art,manual,art_v3,0.676,1770378169000,4,40.5,2,1,1770377640000,1770378152000,4,162.25,8.533333333333333,3,0.5,0.25,1
label_chat_00389,chat_00389,user_0076,default,manual,default_v3,0.237,1773180940000,3,41.333333333333336,0,0,1773180780000,1773180930000,3,222.33333333333334,2.5,2,0.0,0.0,0
label_chat_00390,chat_00390,user_0076,default,manual,default_v3,0.166,1773538541000,3,42.666666666666664,0,0,1773538140000,1773538528000,3,158.66666666666666,6.466666666666667,2,0.0,0.0,0
label_chat_00391,chat_00391,user_0076,default,manual,default_v3,0.163,1773728388000,3,48.666666666666664,1,0,1773728100000,1773728377000,3,160.0,4.616666666666666,2,0.3333333333333333,0.0,0
label_chat_00392,chat_00392,user_0076,default,manual,default_v3,0.263,1774005069000,4,38.0,0,0,1774004400000,1774005051000,4,227.0,10.85,3,0.0,0.0,0
label_chat_00393,chat_00393,user_0076,default,manual,default_v3,0.234,1774204299000,3,47.333333333333336,0,0,1774203900000,1774204286000,3,189.66666666666666,6.433333333333334,2,0.0,0.0,0
label_chat_00394,chat_00394,user_0077,default,manual,default_v3,0.226,1769463495000,5,39.8,0,0,1769462820000,1769463477000,5,187.2,10.95,4,0.0,0.0,0
label_chat_00395,chat_00395,user_0077,default,manual,default_v3,0.259,1769902795000,3,43.666666666666664,0,0,1769902500000,1769902777000,3,200.33333333333334,4.616666666666666,2,0.0,0.0,0
label_chat_00396,chat_00396,user_0077,default,manual,default_v3,0.279,1770186046000,3,42.666666666666664,1,0,1770185760000,1770186032000,3,207.0,4.533333333333333,2,0.3333333333333333,0.0,0
label_chat_00397,chat_00397,user_0077,default,manual,default_v3,0.258,1770623656000,5,38.4,0,0,1770622980000,1770623640000,5,136.0,11.0,4,0.0,0.0,0
label_chat_00398,chat_00398,user_0077,default,manual,default_v3,0.305,1770802387000,4,39.75,1,0,1770801780000,1770802374000,4,203.75,9.9,3,0.25,0.0,0
label_chat_00399,chat_00399,user_0077,default,manual,default_v3,0.261,1771171799000,4,41.0,1,0,1771171380000,1771171789000,4,193.5,6.816666666666666,3,0.25,0.0,0
label_chat_00400,chat_00400,user_0078,art,manual,art_v3,0.857,1775083875000,5,38.6,8,0,1775083380000,1775083857000,5,189.8,7.95,4,1.6,0.0,1
label_chat_00401,chat_00401,user_0078,default,manual,default_v3,0.237,1775364920000,5,38.2,3,0,1775364060000,1775364904000,5,187.2,14.066666666666666,4,0.6,0.0,0
label_chat_00402,chat_00402,user_0078,art,manual,art_v3,0.813,1775463202000,5,39.8,5,0,1775462400000,1775463190000,5,167.2,13.166666666666666,4,1.0,0.0,1
label_chat_00403,chat_00403,user_0078,art,manual,art_v3,0.691,1775906983000,3,49.0,4,1,1775906580000,1775906973000,3,170.0,6.55,2,1.3333333333333333,0.3333333333333333,1
label_chat_00404,chat_00404,user_0079,default,manual,default_v3,0.206,1768944718000,4,36.5,0,1,1768944180000,1768944703000,4,136.25,8.716666666666667,3,0.0,0.25,0
label_chat_00405,chat_00405,user_0079,default,manual,default_v3,0.285,1769041308000,3,36.666666666666664,1,2,1769040840000,1769041290000,3,182.66666666666666,7.5,2,0.3333333333333333,0.6666666666666666,0
label_chat_00406,chat_00406,user_0079,default,manual,default_v3,0.205,1769404785000,3,38.666666666666664,0,3,1769404380000,1769404770000,3,141.66666666666666,6.5,2,0.0,1.0,0
label_chat_00407,chat_00407,user_0079,default,manual,default_v3,0.196,1769768506000,3,42.333333333333336,1,1,1769767980000,1769768496000,3,221.33333333333334,8.6,2,0.3333333333333333,0.3333333333333333,0
label_chat_00408,chat_00408,user_0080,default,manual,default_v3,0.234,1774480621000,5,38.2,1,0,1774479780000,1774480608000,5,156.4,13.8,4,0.2,0.0,0
label_chat_00409,chat_00409,user_0080,default,manual,default_v3,0.349,1774753998000,5,38.4,1,0,1774753200000,1774753982000,5,202.8,13.033333333333333,4,0.2,0.0,0
label_chat_00410,chat_00410,user_0080,default,manual,default_v3,0.321,1774934810000,3,41.0,1,0,1774934280000,1774934800000,3,184.0,8.666666666666666,2,0.3333333333333333,0.0,0
label_chat_00411,chat_00411,user_0080,default,manual,default_v3,0.263,1775294085000,3,43.666666666666664,0,0,1775293560000,1775294068000,3,159.0,8.466666666666667,2,0.0,0.0,0
label_chat_00412,chat_00412,user_0081,default,manual,default_v3,0.275,1770410201000,3,33.666666666666664,0,0,1770409980000,1770410186000,3,214.33333333333334,3.433333333333333,2,0.0,0.0,0
label_chat_00413,chat_00413,user_0081,default,manual,default_v3,0.223,1770676637000,5,39.0,1,1,1770675960000,1770676620000,5,185.2,11.0,4,0.2,0.2,0
label_chat_00414,chat_00414,user_0081,default,manual,default_v3,0.301,1770774369000,5,39.6,1,1,1770773760000,1770774358000,5,169.0,9.966666666666667,4,0.2,0.2,0
label_chat_00415,chat_00415,user_0081,default,manual,default_v3,0.308,1770966843000,4,39.25,0,2,1770966480000,1770966830000,4,151.75,5.833333333333333,3,0.0,0.5,0
label_chat_00416,chat_00416,user_0081,default,manual,default_v3,0.228,1771155430000,4,42.25,0,3,1771154880000,1771155413000,4,141.75,8.883333333333333,3,0.0,0.75,0
label_chat_00417,chat_00417,user_0082,art,manual,art_v3,0.813,1767818270000,4,42.75,3,2,1767817740000,1767818259000,4,189.25,8.65,3,0.75,0.5,1
label_chat_00418,chat_00418,user_0082,default,manual,default_v3,0.176,1767907516000,5,35.4,0,2,1767906900000,1767907500000,5,194.4,10.0,4,0.0,0.4,0
label_chat_00419,chat_00419,user_0082,art,manual,art_v3,0.809,1768013575000,4,41.0,6,1,1768012980000,1768013564000,4,173.75,9.733333333333333,3,1.5,0.25,1
label_chat_00420,chat_00420,user_0082,art,manual,art_v3,0.73,1768284608000,4,40.0,3,1,1768284000000,1768284593000,4,207.5,9.883333333333333,3,0.75,0.25,1
label_chat_00421,chat_00421,user_0082,art,manual,art_v3,0.666,1768398360000,4,41.75,2,1,1768397820000,1768398348000,4,147.75,8.8,3,0.5,0.25,1
label_chat_00422,chat_00422,user_0083,default,manual,default_v3,0.276,1771961222000,4,36.25,0,0,1771960680000,1771961204000,4,202.75,8.733333333333333,3,0.0,0.0,0
label_chat_00423,chat_00423,user_0083,default,manual,default_v3,0.282,1772234882000,4,37.75,0,0,1772234160000,1772234864000,4,179.75,11.733333333333333,3,0.0,0.0,0
label_chat_00424,chat_00424,user_0083,default,manual,default_v3,0.35,1772497736000,4,36.75,1,0,1772497080000,1772497726000,4,204.5,10.766666666666667,3,0.25,0.0,0
label_chat_00425,chat_00425,user_0083,default,manual,default_v3,0.344,1772686517000,5,40.6,2,0,1772685840000,1772686502000,5,139.8,11.033333333333333,4,0.4,0.0,0
label_chat_00426,chat_00426,user_0083,default,manual,default_v3,0.251,1772879877000,4,41.25,0,0,1772879460000,1772879864000,4,186.25,6.733333333333333,3,0.0,0.0,0
label_chat_00427,chat_00427,user_0084,default,manual,default_v3,0.248,1771796526000,5,39.0,0,1,1771795740000,1771796511000,5,127.2,12.85,4,0.0,0.2,0
label_chat_00428,chat_00428,user_0084,default,manual,default_v3,0.179,1772245095000,5,37.0,0,2,1772244060000,1772245085000,5,143.6,17.083333333333332,4,0.0,0.4,0
label_chat_00429,chat_00429,user_0084,default,manual,default_v3,0.271,1772614018000,4,40.5,0,2,1772613420000,1772614007000,4,201.25,9.783333333333333,3,0.0,0.5,0
label_chat_00430,chat_00430,user_0084,default,manual,default_v3,0.332,1772799549000,5,39.0,1,3,1772798760000,1772799532000,5,136.2,12.866666666666667,4,0.2,0.6,0
label_chat_00431,chat_00431,user_0085,art,manual,art_v3,0.705,1772561816000,4,43.25,4,0,1772560980000,1772561805000,4,199.25,13.75,3,1.0,0.0,1
label_chat_00432,chat_00432,user_0085,default,manual,default_v3,0.22,1773015796000,5,36.6,0,0,1773015180000,1773015784000,5,158.2,10.066666666666666,4,0.0,0.0,0
label_chat_00433,chat_00433,user_0085,art,manual,art_v3,0.67,1773463606000,3,46.666666666666664,2,0,1773463380000,1773463591000,3,158.0,3.5166666666666666,2,0.6666666666666666,0.0,1
label_chat_00434,chat_00434,user_0085,art,manual,art_v3,0.701,1773649874000,4,40.0,3,0,1773649260000,1773649858000,4,159.25,9.966666666666667,3,0.75,0.0,1
label_chat_00435,chat_00435,user_0086,default,manual,default_v3,0.257,1772062129000,3,33.0,1,0,1772061780000,1772062112000,3,202.0,5.533333333333333,2,0.3333333333333333,0.0,0
label_chat_00436,chat_00436,user_0086,default,manual,default_v3,0.228,1772326131000,4,27.5,0,0,1772325780000,1772326120000,4,170.5,5.666666666666667,3,0.0,0.0,0
label_chat_00437,chat_00437,user_0086,default,manual,default_v3,0.195,1772778907000,4,32.75,1,0,1772778360000,1772778890000,4,168.0,8.833333333333334,3,0.25,0.0,0
label_chat_00438,chat_00438,user_0086,default,manual,default_v3,0.304,1773059806000,3,37.333333333333336,1,0,1773059280000,1773059789000,3,202.0,8.483333333333333,2,0.3333333333333333,0.0,0
label_chat_00439,chat_00439,user_0087,default,manual,default_v3,0.298,1771022346000,5,34.8,1,0,1771021380000,1771022336000,5,148.0,15.933333333333334,4,0.2,0.0,0
label_chat_00440,chat_00440,user_0087,default,manual,default_v3,0.251,1771111851000,4,40.25,0,0,1771111140000,1771111833000,4,173.75,11.55,3,0.0,0.0,0
label_chat_00441,chat_00441,user_0087,default,manual,default_v3,0.216,1771303249000,4,42.25,0,0,1771302600000,1771303234000,4,187.0,10.566666666666666,3,0.0,0.0,0
label_chat_00442,chat_00442,user_0087,default,manual,default_v3,0.145,1771413586000,3,40.666666666666664,0,0,1771413120000,1771413569000,3,199.66666666666666,7.483333333333333,2,0.0,0.0,0
label_chat_00443,chat_00443,user_0087,default,manual,default_v3,0.247,1771601990000,3,34.333333333333336,1,0,1771601580000,1771601976000,3,169.33333333333334,6.6,2,0.3333333333333333,0.0,0
label_chat_00444,chat_00444,user_0087,default,manual,default_v3,0.201,1771788608000,5,40.0,1,0,1771787940000,1771788592000,5,177.0,10.866666666666667,4,0.2,0.0,0
label_chat_00445,chat_00445,user_0088,art,manual,art_v3,0.826,1771710070000,5,38.4,5,0,1771709520000,1771710056000,5,170.8,8.933333333333334,4,1.0,0.0,1
label_chat_00446,chat_00446,user_0088,art,manual,art_v3,0.744,1772144582000,5,42.6,4,0,1772144100000,1772144564000,5,180.0,7.733333333333333,4,0.8,0.0,1
label_chat_00447,chat_00447,user_0088,art,manual,art_v3,0.724,1772601591000,4,39.5,2,0,1772601180000,1772601580000,4,180.5,6.666666666666667,3,0.5,0.0,1
label_chat_00448,chat_00448,user_0088,default,manual,default_v3,0.146,1773050157000,5,42.4,0,0,1773049320000,1773050145000,5,190.6,13.75,4,0.0,0.0,0
label_chat_00449,chat_00449,user_0088,default,manual,default_v3,0.269,1773404945000,4,38.5,2,0,1773404160000,1773404934000,4,160.25,12.9,3,0.5,0.0,0
label_chat_00450,chat_00450,user_0088,art,manual,art_v3,0.718,1773595962000,3,41.666666666666664,4,0,1773595320000,1773595945000,3,195.66666666666666,10.416666666666666,2,1.3333333333333333,0.0,1
label_chat_00451,chat_00451,user_0089,art,manual,art_v3,0.837,1768002711000,4,47.25,5,0,1768002180000,1768002698000,4,173.75,8.633333333333333,3,1.25,0.0,1
label_chat_00452,chat_00452,user_0089,art,manual,art_v3,0.787,1768109355000,5,41.0,4,0,1768108500000,1768109340000,5,158.6,14.0,4,0.8,0.0,1
label_chat_00453,chat_00453,user_0089,default,manual,default_v3,0.168,1768207740000,4,36.75,0,0,1768207080000,1768207723000,4,165.25,10.716666666666667,3,0.0,0.0,0
label_chat_00454,chat_00454,user_0089,art,manual,art_v3,0.771,1768659606000,5,41.6,3,0,1768658700000,1768659596000,5,152.2,14.933333333333334,4,0.6,0.0,1
label_chat_00455,chat_00455,user_0089,art,manual,art_v3,0.751,1769103541000,4,45.0,7,1,1769103300000,1769103523000,4,192.75,3.716666666666667,3,1.75,0.25,1
label_chat_00456,chat_00456,user_0089,art,manual,art_v3,0.877,1769377005000,4,36.0,6,0,1769376300000,1769376992000,4,163.25,11.533333333333333,3,1.5,0.0,1
label_chat_00457,chat_00457,user_0090,default,manual,default_v3,0.259,1773002782000,5,36.0,0,0,1773002160000,1773002767000,5,150.8,10.116666666666667,4,0.0,0.0,0
label_chat_00458,chat_00458,user_0090,art,manual,art_v3,0.789,1773264117000,4,41.25,6,0,1773263640000,1773264103000,4,161.75,7.716666666666667,3,1.5,0.0,1
label_chat_00459,chat_00459,user_0090,art,manual,art_v3,0.881,1773444354000,4,38.5,6,0,1773443820000,1773444340000,4,161.25,8.666666666666666,3,1.5,0.0,1
label_chat_00460,chat_00460,user_0090,default,manual,default_v3,0.363,1773714596000,4,41.75,1,0,1773713940000,1773714580000,4,159.25,10.666666666666666,3,0.25,0.0,0
label_chat_00461,chat_00461,user_0090,art,manual,art_v3,0.702,1773826487000,3,49.666666666666664,4,1,1773826080000,1773826470000,3,214.33333333333334,6.5,2,1.3333333333333333,0.3333333333333333,1
label_chat_00462,chat_00462,user_0090,art,manual,art_v3,0.77,1774273788000,3,50.333333333333336,3,0,1774273260000,1774273774000,3,226.66666666666666,8.566666666666666,2,1.0,0.0,1
label_chat_00463,chat_00463,user_0091,art,manual,art_v3,0.756,1773513841000,4,44.75,4,0,1773513060000,1773513828000,4,212.75,12.8,3,1.0,0.0,1
label_chat_00464,chat_00464,user_0091,art,manual,art_v3,0.78,1773863039000,4,40.5,4,0,1773862560000,1773863022000,4,140.0,7.7,3,1.0,0.0,1
label_chat_00465,chat_00465,user_0091,art,manual,art_v3,0.731,1774311947000,3,43.0,2,0,1774311600000,1774311934000,3,186.33333333333334,5.566666666666666,2,0.6666666666666666,0.0,1
label_chat_00466,chat_00466,user_0091,default,manual,default_v3,0.167,1774504371000,4,38.25,0,0,1774503780000,1774504360000,4,215.5,9.666666666666666,3,0.0,0.0,0
label_chat_00467,chat_00467,user_0091,art,manual,art_v3,0.841,1774769831000,5,37.2,6,0,1774768980000,1774769818000,5,186.4,13.966666666666667,4,1.2,0.0,1
label_chat_00468,chat_00468,user_0092,art,manual,art_v3,0.826,1770496300000,3,49.333333333333336,4,0,1770495960000,1770496289000,3,220.33333333333334,5.483333333333333,2,1.3333333333333333,0.0,1
label_chat_00469,chat_00469,user_0092,art,manual,art_v3,0.904,1770945614000,5,40.0,8,1,1770944520000,1770945598000,5,156.6,17.966666666666665,4,1.6,0.2,1
label_chat_00470,chat_00470,user_0092,art,manual,art_v3,0.764,1771402492000,3,42.333333333333336,3,0,1771401960000,1771402476000,3,193.66666666666666,8.6,2,1.0,0.0,1
label_chat_00471,chat_00471,user_0092,default,manual,default_v3,0.408,1771496714000,5,40.4,2,0,1771495680000,1771496698000,5,186.6,16.966666666666665,4,0.4,0.0,0
label_chat_00472,chat_00472,user_0092,default,manual,default_v3,0.274,1771846381000,4,45.0,0,0,1771845780000,1771846366000,4,157.5,9.766666666666667,3,0.0,0.0,0
label_chat_00473,chat_00473,user_0092,art,manual,art_v3,0.821,1772113501000,4,41.75,5,0,1772112600000,1772113484000,4,124.25,14.733333333333333,3,1.25,0.0,1
label_chat_00474,chat_00474,user_0093,art,manual,art_v3,0.783,1768863169000,3,35.666666666666664,2,1,1768862580000,1768863152000,3,166.33333333333334,9.533333333333333,2,0.6666666666666666,0.3333333333333333,1
label_chat_00475,chat_00475,user_0093,default,manual,default_v3,0.251,1769211349000,3,37.666666666666664,0,1,1769211000000,1769211331000,3,205.0,5.516666666666667,2,0.0,0.3333333333333333,0
label_chat_00476,chat_00476,user_0093,art,manual,art_v3,0.731,1769657330000,3,41.0,3,1,1769656920000,1769657312000,3,211.33333333333334,6.533333333333333,2,1.0,0.3333333333333333,1
label_chat_00477,chat_00477,user_0093,art,manual,art_v3,0.664,1770093522000,3,36.666666666666664,2,2,1770093000000,1770093504000,3,136.66666666666666,8.4,2,0.6666666666666666,0.6666666666666666,1
label_chat_00478,chat_00478,user_0094,default,manual,default_v3,0.287,1774727106000,5,35.6,1,0,1774726380000,1774727095000,5,215.0,11.916666666666666,4,0.2,0.0,0
label_chat_00479,chat_00479,user_0094,default,manual,default_v3,0.201,1774911326000,5,36.8,0,0,1774910460000,1774911309000,5,205.4,14.15,4,0.0,0.0,0
label_chat_00480,chat_00480,user_0094,default,manual,default_v3,0.314,1775262759000,3,38.0,0,0,1775262120000,1775262749000,3,159.0,10.483333333333333,2,0.0,0.0,0
label_chat_00481,chat_00481,user_0094,default,manual,default_v3,0.271,1775449432000,4,38.0,1,0,1775448840000,1775449415000,4,162.75,9.583333333333334,3,0.25,0.0,0
label_chat_00482,chat_00482,user_0094,default,manual,default_v3,0.245,1775716243000,3,42.333333333333336,1,0,1775716020000,1775716231000,3,131.66666666666666,3.5166666666666666,2,0.3333333333333333,0.0,0
label_chat_00483,chat_00483,user_0095,default,manual,default_v3,0.188,1768345556000,4,39.0,1,0,1768345200000,1768345545000,4,150.25,5.75,3,0.25,0.0,0
label_chat_00484,chat_00484,user_0095,default,manual,default_v3,0.22,1768791196000,5,41.6,0,0,1768790520000,1768791182000,5,174.4,11.033333333333333,4,0.0,0.0,0
label_chat_00485,chat_00485,user_0095,default,manual,default_v3,0.243,1768988302000,5,36.6,0,0,1768987680000,1768988285000,5,166.0,10.083333333333334,4,0.0,0.0,0
label_chat_00486,chat_00486,user_0095,default,manual,default_v3,0.145,1769082583000,3,37.333333333333336,0,0,1769082180000,1769082573000,3,190.0,6.55,2,0.0,0.0,0
label_chat_00487,chat_00487,user_0096,default,manual,default_v3,0.188,1768414837000,3,44.666666666666664,1,2,1768414200000,1768414826000,3,178.0,10.433333333333334,2,0.3333333333333333,0.6666666666666666,0
label_chat_00488,chat_00488,user_0096,default,manual,default_v3,0.314,1768861625000,4,42.75,0,1,1768860960000,1768861609000,4,155.75,10.816666666666666,3,0.0,0.25,0
label_chat_00489,chat_00489,user_0096,default,manual,default_v3,0.315,1769308329000,5,39.2,0,2,1769307360000,1769308315000,5,185.0,15.916666666666666,4,0.0,0.4,0
label_chat_00490,chat_00490,user_0096,default,manual,default_v3,0.367,1769581126000,3,39.333333333333336,1,2,1769580480000,1769581109000,3,147.33333333333334,10.483333333333333,2,0.3333333333333333,0.6666666666666666,0
label_chat_00491,chat_00491,user_0096,default,manual,default_v3,0.204,1769844517000,3,41.666666666666664,0,1,1769843880000,1769844502000,3,199.33333333333334,10.366666666666667,2,0.0,0.3333333333333333,0
label_chat_00492,chat_00492,user_0096,default,manual,default_v3,0.275,1770041140000,3,40.333333333333336,2,1,1770040920000,1770041127000,3,154.66666666666666,3.45,2,0.6666666666666666,0.3333333333333333,0
label_chat_00493,chat_00493,user_0097,default,manual,default_v3,0.231,1771967626000,4,38.0,0,0,1771966920000,1771967612000,4,163.75,11.533333333333333,3,0.0,0.0,0
label_chat_00494,chat_00494,user_0097,default,manual,default_v3,0.232,1772338500000,5,38.0,0,0,1772337720000,1772338487000,5,200.8,12.783333333333333,4,0.0,0.0,0
label_chat_00495,chat_00495,user_0097,default,manual,default_v3,0.187,1772620364000,3,42.666666666666664,0,0,1772620080000,1772620348000,3,173.0,4.466666666666667,2,0.0,0.0,0
label_chat_00496,chat_00496,user_0097,default,manual,default_v3,0.276,1773070258000,4,41.25,0,0,1773069540000,1773070240000,4,188.25,11.666666666666666,3,0.0,0.0,0
label_chat_00497,chat_00497,user_0097,default,manual,default_v3,0.224,1773160842000,3,41.666666666666664,0,0,1773160380000,1773160829000,3,231.66666666666666,7.483333333333333,2,0.0,0.0,0
label_chat_00498,chat_00498,user_0097,default,manual,default_v3,0.209,1773606188000,5,35.4,0,0,1773605400000,1773606177000,5,157.4,12.95,4,0.0,0.0,0
label_chat_00499,chat_00499,user_0098,art,manual,art_v3,0.837,1775075680000,3,41.0,5,0,1775075280000,1775075663000,3,139.0,6.383333333333334,2,1.6666666666666667,0.0,1
label_chat_00500,chat_00500,user_0098,art,manual,art_v3,0.837,1775265741000,5,39.2,4,0,1775265120000,1775265728000,5,148.2,10.133333333333333,4,0.8,0.0,1
label_chat_00501,chat_00501,user_0098,art,manual,art_v3,0.821,1775356848000,4,38.5,3,0,1775356320000,1775356838000,4,184.75,8.633333333333333,3,0.75,0.0,1
label_chat_00502,chat_00502,user_0098,art,manual,art_v3,0.839,1775532698000,3,40.333333333333336,4,0,1775532180000,1775532688000,3,201.66666666666666,8.466666666666667,2,1.3333333333333333,0.0,1
label_chat_00503,chat_00503,user_0098,art,manual,art_v3,0.751,1775730070000,5,45.0,4,0,1775729280000,1775730053000,5,154.0,12.883333333333333,4,0.8,0.0,1
label_chat_00504,chat_00504,user_0099,art,manual,art_v3,0.725,1771022260000,3,33.666666666666664,3,2,1771021800000,1771022243000,3,169.0,7.383333333333334,2,1.0,0.6666666666666666,1
label_chat_00505,chat_00505,user_0099,default,manual,default_v3,0.231,1771217324000,3,34.666666666666664,0,1,1771217100000,1771217313000,3,207.66666666666666,3.55,2,0.0,0.3333333333333333,0
label_chat_00506,chat_00506,user_0099,art,manual,art_v3,0.758,1771310738000,3,44.333333333333336,2,2,1771310280000,1771310727000,3,146.0,7.45,2,0.6666666666666666,0.6666666666666666,1
label_chat_00507,chat_00507,user_0099,art,manual,art_v3,0.825,1771415159000,4,39.75,4,3,1771414440000,1771415146000,4,149.5,11.766666666666667,3,1.0,0.75,1
label_chat_00508,chat_00508,user_0099,art,manual,art_v3,0.829,1771681848000,3,43.333333333333336,2,1,1771681440000,1771681834000,3,152.0,6.566666666666666,2,0.6666666666666666,0.3333333333333333,1
label_chat_00509,chat_00509,user_0099,art,manual,art_v3,0.849,1771774987000,5,45.2,6,3,1771774320000,1771774969000,5,205.8,10.816666666666666,4,1.2,0.6,1
label_chat_00510,chat_00510,user_0100,art,manual,art_v3,0.743,1774727453000,4,40.75,4,0,1774726620000,1774727439000,4,198.5,13.65,3,1.0,0.0,1
label_chat_00511,chat_00511,user_0100,art,manual,art_v3,0.763,1775163174000,4,43.0,6,0,1775162580000,1775163164000,4,190.0,9.733333333333333,3,1.5,0.0,1
label_chat_00512,chat_00512,user_0100,art,manual,art_v3,0.764,1775353200000,5,42.0,6,0,1775352300000,1775353187000,5,176.8,14.783333333333333,4,1.2,0.0,1
label_chat_00513,chat_00513,user_0100,art,manual,art_v3,0.829,1775810401000,5,42.6,3,0,1775809680000,1775810385000,5,144.6,11.75,4,0.6,0.0,1
label_chat_00514,chat_00514,user_0100,art,manual,art_v3,0.739,1775986725000,3,42.666666666666664,4,0,1775986260000,1775986707000,3,166.66666666666666,7.45,2,1.3333333333333333,0.0,1
label_chat_00515,chat_00515,user_0101,default,manual,default_v3,0.301,1769816581000,4,36.75,2,1,1769815680000,1769816564000,4,149.0,14.733333333333333,3,0.5,0.25,0
label_chat_00516,chat_00516,user_0101,art,manual,art_v3,0.742,1770168166000,3,44.666666666666664,4,2,1770167640000,1770168150000,3,158.33333333333334,8.5,2,1.3333333333333333,0.6666666666666666,1
label_chat_00517,chat_00517,user_0101,art,manual,art_v3,0.883,1770609320000,5,38.8,5,2,1770608460000,1770609306000,5,177.6,14.1,4,1.0,0.4,1
label_chat_00518,chat_00518,user_0101,default,manual,default_v3,0.305,1770782921000,3,45.0,0,0,1770782580000,1770782905000,3,180.66666666666666,5.416666666666667,2,0.0,0.0,0
label_chat_00519,chat_00519,user_0102,art,manual,art_v3,0.808,1768517261000,3,41.0,5,1,1768516920000,1768517249000,3,200.66666666666666,5.483333333333333,2,1.6666666666666667,0.3333333333333333,1
label_chat_00520,chat_00520,user_0102,art,manual,art_v3,0.87,1768868301000,5,36.4,7,0,1768867260000,1768868283000,5,153.8,17.05,4,1.4,0.0,1
label_chat_00521,chat_00521,user_0102,art,manual,art_v3,0.82,1769313484000,5,38.8,9,0,1769312640000,1769313469000,5,176.4,13.816666666666666,4,1.8,0.0,1
label_chat_00522,chat_00522,user_0102,default,manual,default_v3,0.52,1769758623000,4,39.25,5,0,1769757960000,1769758605000,4,226.0,10.75,3,1.25,0.0,0
label_chat_00523,chat_00523,user_0102,art,manual,art_v3,0.918,1769950395000,5,35.2,5,0,1769949720000,1769950378000,5,177.4,10.966666666666667,4,1.0,0.0,1
label_chat_00524,chat_00524,user_0103,art,manual,art_v3,0.879,1772061553000,5,40.6,8,0,1772061000000,1772061537000,5,133.8,8.95,4,1.6,0.0,1
label_chat_00525,chat_00525,user_0103,default,manual,default_v3,0.38,1772502173000,4,42.75,4,0,1772501340000,1772502157000,4,170.5,13.616666666666667,3,1.0,0.0,0
label_chat_00526,chat_00526,user_0103,art,manual,art_v3,0.83,1772858567000,4,40.25,3,0,1772857920000,1772858554000,4,145.25,10.566666666666666,3,0.75,0.0,1
label_chat_00527,chat_00527,user_0103,art,manual,art_v3,0.895,1773045163000,3,43.333333333333336,4,0,1773044820000,1773045150000,3,172.0,5.5,2,1.3333333333333333,0.0,1
label_chat_00528,chat_00528,user_0104,default,manual,default_v3,0.278,1773697811000,5,41.4,3,0,1773697200000,1773697801000,5,167.8,10.016666666666667,4,0.6,0.0,0
label_chat_00529,chat_00529,user_0104,art,manual,art_v3,0.821,1773805800000,4,40.25,3,0,1773805200000,1773805785000,4,164.25,9.75,3,0.75,0.0,1
label_chat_00530,chat_00530,user_0104,art,manual,art_v3,0.794,1774165565000,5,43.2,6,0,1774164900000,1774165550000,5,184.0,10.833333333333334,4,1.2,0.0,1
label_chat_00531,chat_00531,user_0104,default,manual,default_v3,0.323,1774265380000,3,44.333333333333336,3,0,1774265040000,1774265368000,3,185.33333333333334,5.466666666666667,2,1.0,0.0,0
label_chat_00532,chat_00532,user_0104,art,manual,art_v3,0.756,1774370115000,5,40.8,5,0,1774369380000,1774370100000,5,164.4,12.0,4,1.0,0.0,1
label_chat_00533,chat_00533,user_0105,default,manual,default_v3,0.237,1771366909000,3,40.666666666666664,0,0,1771366260000,1771366892000,3,176.66666666666666,10.533333333333333,2,0.0,0.0,0
label_chat_00534,chat_00534,user_0105,default,manual,default_v3,0.362,1771645737000,4,32.75,1,0,1771645020000,1771645719000,4,217.0,11.65,3,0.25,0.0,0
label_chat_00535,chat_00535,user_0105,default,manual,default_v3,0.303,1772015230000,5,39.0,1,0,1772014440000,1772015214000,5,133.0,12.9,4,0.2,0.0,0
label_chat_00536,chat_00536,user_0105,default,manual,default_v3,0.308,1772191251000,4,41.75,1,0,1772190600000,1772191239000,4,160.5,10.65,3,0.25,0.0,0
label_chat_00537,chat_00537,user_0105,default,manual,default_v3,0.181,1772289583000,3,45.666666666666664,1,0,1772289120000,1772289566000,3,186.33333333333334,7.433333333333334,2,0.3333333333333333,0.0,0
label_chat_00538,chat_00538,user_0106,art,manual,art_v3,0.786,1773618479000,4,37.25,5,0,1773617820000,1773618467000,4,156.0,10.783333333333333,3,1.25,0.0,1
label_chat_00539,chat_00539,user_0106,default,manual,default_v3,0.195,1773726525000,3,29.333333333333332,1,0,1773726300000,1773726513000,3,155.0,3.55,2,0.3333333333333333,0.0,0
label_chat_00540,chat_00540,user_0106,art,manual,art_v3,0.701,1774093096000,5,32.2,3,0,1774092240000,1774093079000,5,167.8,13.983333333333333,4,0.6,0.0,1
label_chat_00541,chat_00541,user_0106,art,manual,art_v3,0.737,1774530653000,4,37.0,4,0,1774530240000,1774530638000,4,160.0,6.633333333333334,3,1.0,0.0,1
label_chat_00542,chat_00542,user_0107,default,manual,default_v3,0.259,1773083988000,3,40.333333333333336,0,1,1773083640000,1773083975000,3,161.0,5.583333333333333,2,0.0,0.3333333333333333,0
label_chat_00543,chat_00543,user_0107,default,manual,default_v3,0.179,1773261470000,3,43.333333333333336,0,1,1773261120000,1773261452000,3,148.66666666666666,5.533333333333333,2,0.0,0.3333333333333333,0
label_chat_00544,chat_00544,user_0107,default,manual,default_v3,0.362,1773620468000,5,34.2,1,2,1773619500000,1773620454000,5,158.2,15.9,4,0.2,0.4,0
label_chat_00545,chat_00545,user_0107,default,manual,default_v3,0.194,1773729952000,4,43.0,0,0,1773729420000,1773729935000,4,205.25,8.583333333333334,3,0.0,0.0,0
label_chat_00546,chat_00546,user_0107,default,manual,default_v3,0.319,1774095606000,5,38.8,0,1,1774094700000,1774095593000,5,194.0,14.883333333333333,4,0.0,0.2,0
label_chat_00547,chat_00547,user_0107,default,manual,default_v3,0.168,1774546375000,4,41.25,0,1,1774545720000,1774546365000,4,165.0,10.75,3,0.0,0.25,0
label_chat_00548,chat_00548,user_0108,art,manual,art_v3,0.735,1769467095000,5,40.4,8,0,1769466600000,1769467079000,5,164.6,7.983333333333333,4,1.6,0.0,1
label_chat_00549,chat_00549,user_0108,art,manual,art_v3,0.764,1769747090000,4,43.0,6,0,1769746200000,1769747076000,4,204.25,14.6,3,1.5,0.0,1
label_chat_00550,chat_00550,user_0108,art,manual,art_v3,0.885,1770095639000,4,44.75,5,0,1770094860000,1770095622000,4,161.0,12.7,3,1.25,0.0,1
label_chat_00551,chat_00551,user_0108,art,manual,art_v3,0.798,1770286928000,5,44.4,7,0,1770286080000,1770286911000,5,167.0,13.85,4,1.4,0.0,1
label_chat_00552,chat_00552,user_0109,default,manual,default_v3,0.304,1774295196000,3,35.666666666666664,0,0,1774294740000,1774295186000,3,214.0,7.433333333333334,2,0.0,0.0,0
label_chat_00553,chat_00553,user_0109,default,manual,default_v3,0.339,1774565288000,5,38.0,2,2,1774564440000,1774565278000,5,162.8,13.966666666666667,4,0.4,0.4,0
label_chat_00554,chat_00554,user_0109,default,manual,default_v3,0.227,1774664568000,3,45.0,0,0,1774664100000,1774664553000,3,218.33333333333334,7.55,2,0.0,0.0,0
label_chat_00555,chat_00555,user_0109,default,manual,default_v3,0.288,1774859941000,5,34.2,0,4,1774858980000,1774859929000,5,168.6,15.816666666666666,4,0.0,0.8,0
label_chat_00556,chat_00556,user_0109,default,manual,default_v3,0.32,1775207741000,3,38.333333333333336,0,2,1775207280000,1775207725000,3,169.33333333333334,7.416666666666667,2,0.0,0.6666666666666666,0
label_chat_00557,chat_00557,user_0109,default,manual,default_v3,0.226,1775657519000,4,41.0,1,2,1775657040000,1775657501000,4,142.5,7.683333333333334,3,0.25,0.5,0
label_chat_00558,chat_00558,user_0110,default,manual,default_v3,0.229,1770849890000,3,43.666666666666664,0,0,1770849480000,1770849873000,3,162.66666666666666,6.55,2,0.0,0.0,0
label_chat_00559,chat_00559,user_0110,default,manual,default_v3,0.22,1771203436000,5,35.8,0,2,1771202640000,1771203419000,5,206.8,12.983333333333333,4,0.0,0.4,0
label_chat_00560,chat_00560,user_0110,default,manual,default_v3,0.313,1771648984000,5,39.8,0,0,1771648320000,1771648974000,5,202.4,10.9,4,0.0,0.0,0
label_chat_00561,chat_00561,user_0110,default,manual,default_v3,0.235,1771929427000,5,36.0,0,2,1771928760000,1771929415000,5,130.2,10.916666666666666,4,0.0,0.4,0
label_chat_00562,chat_00562,user_0111,art,manual,art_v3,0.871,1769640234000,4,41.5,4,0,1769639640000,1769640223000,4,149.0,9.716666666666667,3,1.0,0.0,1
label_chat_00563,chat_00563,user_0111,art,manual,art_v3,0.831,1769916007000,4,41.75,5,0,1769915220000,1769915991000,4,166.75,12.85,3,1.25,0.0,1
label_chat_00564,chat_00564,user_0111,default,manual,default_v3,0.326,1770201739000,5,42.6,3,0,1770200760000,1770201724000,5,167.0,16.066666666666666,4,0.6,0.0,0
label_chat_00565,chat_00565,user_0111,art,manual,art_v3,0.791,1770636044000,3,41.333333333333336,2,0,1770635580000,1770636033000,3,238.66666666666666,7.55,2,0.6666666666666666,0.0,1
label_chat_00566,chat_00566,user_0111,default,manual,default_v3,0.372,1770993586000,3,39.333333333333336,1,0,1770993000000,1770993575000,3,139.0,9.583333333333334,2,0.3333333333333333,0.0,0
label_chat_00567,chat_00567,user_0112,default,manual,default_v3,0.173,1771961073000,3,37.333333333333336,1,1,1771960680000,1771961060000,3,215.33333333333334,6.333333333333333,2,0.3333333333333333,0.3333333333333333,0
label_chat_00568,chat_00568,user_0112,default,manual,default_v3,0.216,1772397466000,3,41.0,0,1,1772397120000,1772397450000,3,172.0,5.5,2,0.0,0.3333333333333333,0
label_chat_00569,chat_00569,user_0112,default,manual,default_v3,0.286,1772833082000,5,39.2,0,3,1772832300000,1772833071000,5,195.0,12.85,4,0.0,0.6,0
label_chat_00570,chat_00570,user_0112,default,manual,default_v3,0.219,1773019361000,3,35.0,1,1,1773019020000,1773019348000,3,175.66666666666666,5.466666666666667,2,0.3333333333333333,0.3333333333333333,0
label_chat_00571,chat_00571,user_0113,default,manual,default_v3,0.312,1770593087000,4,41.0,1,0,1770592380000,1770593077000,4,136.5,11.616666666666667,3,0.25,0.0,0
label_chat_00572,chat_00572,user_0113,art,manual,art_v3,0.822,1770770918000,3,42.333333333333336,3,0,1770770640000,1770770903000,3,207.0,4.383333333333334,2,1.0,0.0,1
label_chat_00573,chat_00573,user_0113,default,manual,default_v3,0.224,1771129988000,5,40.6,0,0,1771129560000,1771129976000,5,164.4,6.933333333333334,4,0.0,0.0,0
label_chat_00574,chat_00574,user_0113,art,manual,art_v3,0.798,1771414733000,3,46.666666666666664,4,0,1771414260000,1771414716000,3,167.0,7.6,2,1.3333333333333333,0.0,1
label_chat_00575,chat_00575,user_0113,art,manual,art_v3,0.76,1771596515000,3,44.0,4,1,1771596120000,1771596502000,3,152.66666666666666,6.366666666666666,2,1.3333333333333333,0.3333333333333333,1
label_chat_00576,chat_00576,user_0113,art,manual,art_v3,0.752,1771788299000,4,38.5,5,0,1771787760000,1771788286000,4,172.5,8.766666666666667,3,1.25,0.0,1
label_chat_00577,chat_00577,user_0114,default,manual,default_v3,0.319,1769372165000,4,40.0,0,0,1769371740000,1769372148000,4,181.5,6.8,3,0.0,0.0,0
label_chat_00578,chat_00578,user_0114,default,manual,default_v3,0.167,1769485445000,4,36.0,0,0,1769485080000,1769485432000,4,196.0,5.866666666666666,3,0.0,0.0,0
label_chat_00579,chat_00579,user_0114,default,manual,default_v3,0.279,1769585526000,5,28.0,1,0,1769584920000,1769585509000,5,176.0,9.816666666666666,4,0.2,0.0,0
label_chat_00580,chat_00580,user_0114,default,manual,default_v3,0.279,1769682527000,4,29.75,0,0,1769681940000,1769682515000,4,210.25,9.583333333333334,3,0.0,0.0,0
label_chat_00581,chat_00581,user_0114,default,manual,default_v3,0.258,1769945638000,3,36.666666666666664,0,0,1769945400000,1769945620000,3,209.66666666666666,3.6666666666666665,2,0.0,0.0,0
label_chat_00582,chat_00582,user_0115,default,manual,default_v3,0.201,1769713781000,3,37.666666666666664,0,0,1769713620000,1769713768000,3,171.33333333333334,2.466666666666667,2,0.0,0.0,0
label_chat_00583,chat_00583,user_0115,default,manual,default_v3,0.271,1769988299000,4,36.0,0,0,1769987580000,1769988285000,4,199.75,11.75,3,0.0,0.0,0
label_chat_00584,chat_00584,user_0115,default,manual,default_v3,0.301,1770264828000,3,34.0,0,0,1770264360000,1770264813000,3,141.0,7.55,2,0.0,0.0,0
label_chat_00585,chat_00585,user_0115,default,manual,default_v3,0.305,1770370963000,3,33.0,0,0,1770370500000,1770370952000,3,180.0,7.533333333333333,2,0.0,0.0,0
label_chat_00586,chat_00586,user_0115,default,manual,default_v3,0.312,1770473338000,5,32.8,1,0,1770472800000,1770473328000,5,162.4,8.8,4,0.2,0.0,0
label_chat_00587,chat_00587,user_0115,default,manual,default_v3,0.227,1770837717000,4,37.25,1,0,1770837060000,1770837707000,4,136.0,10.783333333333333,3,0.25,0.0,0
label_chat_00588,chat_00588,user_0116,default,manual,default_v3,0.248,1770408791000,4,39.25,1,2,1770408240000,1770408773000,4,192.75,8.883333333333333,3,0.25,0.5,0
label_chat_00589,chat_00589,user_0116,default,manual,default_v3,0.187,1770516977000,5,36.2,1,2,1770516180000,1770516961000,5,159.8,13.016666666666667,4,0.2,0.4,0
label_chat_00590,chat_00590,user_0116,default,manual,default_v3,0.349,1770608338000,4,41.75,1,1,1770607680000,1770608326000,4,213.75,10.766666666666667,3,0.25,0.25,0
label_chat_00591,chat_00591,user_0116,default,manual,default_v3,0.162,1770702729000,5,38.8,0,2,1770702000000,1770702719000,5,145.8,11.983333333333333,4,0.0,0.4,0
label_chat_00592,chat_00592,user_0117,default,manual,default_v3,0.41,1772303029000,3,41.333333333333336,1,0,1772302620000,1772303012000,3,181.66666666666666,6.533333333333333,2,0.3333333333333333,0.0,0
label_chat_00593,chat_00593,user_0117,default,manual,default_v3,0.372,1772500064000,3,43.333333333333336,3,0,1772499780000,1772500050000,3,171.33333333333334,4.5,2,1.0,0.0,0
label_chat_00594,chat_00594,user_0117,art,manual,art_v3,0.758,1772861256000,3,50.666666666666664,4,0,1772860980000,1772861244000,3,116.66666666666667,4.4,2,1.3333333333333333,0.0,1
label_chat_00595,chat_00595,user_0117,default,manual,default_v3,0.333,1773310808000,4,42.25,1,0,1773310020000,1773310790000,4,171.0,12.833333333333334,3,0.25,0.0,0
label_chat_00596,chat_00596,user_0117,art,manual,art_v3,0.89,1773578701000,4,40.75,6,0,1773577920000,1773578690000,4,222.0,12.833333333333334,3,1.5,0.0,1
label_chat_00597,chat_00597,user_0117,art,manual,art_v3,0.806,1773686643000,4,42.5,7,1,1773686040000,1773686625000,4,208.5,9.75,3,1.75,0.25,1
label_chat_00598,chat_00598,user_0118,default,manual,default_v3,0.266,1772821084000,4,45.0,0,0,1772820840000,1772821067000,4,168.25,3.783333333333333,3,0.0,0.0,0
label_chat_00599,chat_00599,user_0118,default,manual,default_v3,0.452,1773011319000,3,42.333333333333336,4,0,1773010920000,1773011309000,3,208.33333333333334,6.483333333333333,2,1.3333333333333333,0.0,0
label_chat_00600,chat_00600,user_0118,default,manual,default_v3,0.405,1773108648000,3,40.333333333333336,2,0,1773108420000,1773108630000,3,192.0,3.5,2,0.6666666666666666,0.0,0
label_chat_00601,chat_00601,user_0118,default,manual,default_v3,0.394,1773202444000,4,43.25,2,0,1773201900000,1773202426000,4,192.5,8.766666666666667,3,0.5,0.0,0
label_chat_00602,chat_00602,user_0119,art,manual,art_v3,0.792,1774203517000,3,47.333333333333336,3,0,1774202880000,1774203507000,3,109.33333333333333,10.45,2,1.0,0.0,1
label_chat_00603,chat_00603,user_0119,art,manual,art_v3,0.778,1774385354000,5,41.6,3,0,1774384740000,1774385336000,5,187.4,9.933333333333334,4,0.6,0.0,1
label_chat_00604,chat_00604,user_0119,art,manual,art_v3,0.756,1774657025000,4,45.25,1,0,1774656420000,1774657007000,4,145.5,9.783333333333333,3,0.25,0.0,1
label_chat_00605,chat_00605,user_0119,art,manual,art_v3,0.792,1775100768000,3,43.333333333333336,3,0,1775100300000,1775100750000,3,187.66666666666666,7.5,2,1.0,0.0,1
label_chat_00606,chat_00606,user_0119,art,manual,art_v3,0.795,1775281370000,3,41.0,4,0,1775280780000,1775281357000,3,165.0,9.616666666666667,2,1.3333333333333333,0.0,1
label_chat_00607,chat_00607,user_0120,art,manual,art_v3,0.765,1767651194000,5,39.6,6,0,1767650520000,1767651180000,5,156.4,11.0,4,1.2,0.0,1
label_chat_00608,chat_00608,user_0120,default,manual,default_v3,0.212,1768099141000,4,40.25,0,0,1768098480000,1768099125000,4,191.5,10.75,3,0.0,0.0,0
label_chat_00609,chat_00609,user_0120,art,manual,art_v3,0.747,1768289948000,4,41.25,6,0,1768289400000,1768289930000,4,150.75,8.833333333333334,3,1.5,0.0,1
label_chat_00610,chat_00610,user_0120,default,manual,default_v3,0.338,1768488409000,3,46.0,1,1,1768488240000,1768488395000,3,187.33333333333334,2.5833333333333335,2,0.3333333333333333,0.3333333333333333,0
label_chat_00611,chat_00611,user_0121,default,manual,default_v3,0.273,1773174132000,5,37.6,1,2,1773173220000,1773174119000,5,199.8,14.983333333333333,4,0.2,0.4,0
label_chat_00612,chat_00612,user_0121,default,manual,default_v3,0.291,1773617046000,4,37.5,0,1,1773616200000,1773617028000,4,162.0,13.8,3,0.0,0.25,0
label_chat_00613,chat_00613,user_0121,default,manual,default_v3,0.233,1773893448000,3,39.0,0,1,1773893100000,1773893433000,3,231.66666666666666,5.55,2,0.0,0.3333333333333333,0
label_chat_00614,chat_00614,user_0121,default,manual,default_v3,0.36,1774083016000,5,38.0,1,1,1774082340000,1774082998000,5,168.4,10.966666666666667,4,0.2,0.2,0
label_chat_00615,chat_00615,user_0122,art,manual,art_v3,0.751,1773687479000,5,38.6,7,0,1773686640000,1773687466000,5,172.4,13.766666666666667,4,1.4,0.0,1
label_chat_00616,chat_00616,user_0122,art,manual,art_v3,0.642,1773883848000,3,43.666666666666664,1,0,1773883380000,1773883830000,3,163.0,7.5,2,0.3333333333333333,0.0,1
label_chat_00617,chat_00617,user_0122,art,manual,art_v3,0.828,1774158819000,3,46.666666666666664,5,0,1774158300000,1774158801000,3,149.0,8.35,2,1.6666666666666667,0.0,1
label_chat_00618,chat_00618,user_0122,art,manual,art_v3,0.867,1774344115000,4,40.25,4,0,1774343580000,1774344103000,4,145.5,8.716666666666667,3,1.0,0.0,1
label_chat_00619,chat_00619,user_0122,art,manual,art_v3,0.837,1774703829000,5,38.6,3,0,1774703040000,1774703814000,5,179.6,12.9,4,0.6,0.0,1
label_chat_00620,chat_00620,user_0123,default,manual,default_v3,0.355,1770162979000,5,38.6,2,0,1770162180000,1770162962000,5,176.0,13.033333333333333,4,0.4,0.0,0
label_chat_00621,chat_00621,user_0123,default,manual,default_v3,0.344,1770441002000,4,41.0,1,0,1770440400000,1770440988000,4,179.75,9.8,3,0.25,0.0,0
label_chat_00622,chat_00622,user_0123,default,manual,default_v3,0.403,1770898793000,4,44.5,2,0,1770898320000,1770898775000,4,140.75,7.583333333333333,3,0.5,0.0,0
label_chat_00623,chat_00623,user_0123,default,manual,default_v3,0.316,1771177666000,3,40.333333333333336,2,0,1771177320000,1771177651000,3,226.0,5.516666666666667,2,0.6666666666666666,0.0,0
label_chat_00624,chat_00624,user_0123,default,manual,default_v3,0.477,1771633731000,4,36.0,2,0,1771633320000,1771633718000,4,167.25,6.633333333333334,3,0.5,0.0,0
label_chat_00625,chat_00625,user_0123,default,manual,default_v3,0.458,1771998722000,4,41.0,3,0,1771997880000,1771998706000,4,174.5,13.766666666666667,3,0.75,0.0,0
label_chat_00626,chat_00626,user_0124,default,manual,default_v3,0.219,1769888888000,5,37.0,0,0,1769888160000,1769888877000,5,140.8,11.95,4,0.0,0.0,0
label_chat_00627,chat_00627,user_0124,default,manual,default_v3,0.179,1770236162000,4,41.75,1,0,1770235680000,1770236145000,4,180.0,7.75,3,0.25,0.0,0
label_chat_00628,chat_00628,user_0124,default,manual,default_v3,0.161,1770426832000,4,43.25,0,0,1770426120000,1770426820000,4,169.75,11.666666666666666,3,0.0,0.0,0
label_chat_00629,chat_00629,user_0124,default,manual,default_v3,0.341,1770784029000,5,42.2,1,0,1770783480000,1770784011000,5,186.4,8.85,4,0.2,0.0,0
label_chat_00630,chat_00630,user_0124,default,manual,default_v3,0.184,1771231917000,4,35.75,0,0,1771231500000,1771231904000,4,125.25,6.733333333333333,3,0.0,0.0,0
label_chat_00631,chat_00631,user_0125,art,manual,art_v3,0.862,1767381505000,5,38.4,6,0,1767380520000,1767381493000,5,169.4,16.216666666666665,4,1.2,0.0,1
label_chat_00632,chat_00632,user_0125,art,manual,art_v3,0.735,1767836887000,5,38.6,5,0,1767836160000,1767836871000,5,183.6,11.85,4,1.0,0.0,1
label_chat_00633,chat_00633,user_0125,art,manual,art_v3,0.803,1768283901000,5,40.0,4,0,1768283100000,1768283884000,5,170.2,13.066666666666666,4,0.8,0.0,1
label_chat_00634,chat_00634,user_0125,default,manual,default_v3,0.219,1768716957000,4,37.75,1,0,1768716360000,1768716944000,4,189.75,9.733333333333333,3,0.25,0.0,0
label_chat_00635,chat_00635,user_0125,art,manual,art_v3,0.72,1769066866000,3,43.0,4,0,1769066640000,1769066848000,3,208.0,3.466666666666667,2,1.3333333333333333,0.0,1
label_chat_00636,chat_00636,user_0125,art,manual,art_v3,0.745,1769260268000,5,38.6,4,0,1769259840000,1769260258000,5,177.8,6.966666666666667,4,0.8,0.0,1
label_chat_00637,chat_00637,user_0126,art,manual,art_v3,0.781,1771191735000,5,43.2,3,0,1771190760000,1771191721000,5,163.0,16.016666666666666,4,0.6,0.0,1
label_chat_00638,chat_00638,user_0126,art,manual,art_v3,0.704,1771296485000,4,46.25,4,0,1771295700000,1771296473000,4,174.0,12.883333333333333,3,1.0,0.0,1
label_chat_00639,chat_00639,user_0126,default,manual,default_v3,0.253,1771666728000,3,43.0,0,0,1771666440000,1771666710000,3,181.33333333333334,4.5,2,0.0,0.0,0
label_chat_00640,chat_00640,user_0126,art,manual,art_v3,0.875,1772112017000,5,40.8,6,1,1772111160000,1772112002000,5,205.4,14.033333333333333,4,1.2,0.2,1
label_chat_00641,chat_00641,user_0126,art,manual,art_v3,0.685,1772460638000,3,45.666666666666664,3,0,1772460360000,1772460627000,3,172.66666666666666,4.45,2,1.0,0.0,1
label_chat_00642,chat_00642,user_0127,art,manual,art_v3,0.76,1771961023000,3,45.0,1,1,1771960380000,1771961005000,3,203.0,10.416666666666666,2,0.3333333333333333,0.3333333333333333,1
label_chat_00643,chat_00643,user_0127,art,manual,art_v3,0.762,1772154999000,3,36.333333333333336,3,0,1772154360000,1772154987000,3,142.0,10.45,2,1.0,0.0,1
label_chat_00644,chat_00644,user_0127,art,manual,art_v3,0.758,1772248801000,4,41.5,5,0,1772248200000,1772248783000,4,168.75,9.716666666666667,3,1.25,0.0,1
label_chat_00645,chat_00645,user_0127,art,manual,art_v3,0.712,1772448585000,3,44.0,3,2,1772448300000,1772448575000,3,217.33333333333334,4.583333333333333,2,1.0,0.6666666666666666,1
label_chat_00646,chat_00646,user_0127,art,manual,art_v3,0.785,1772714034000,4,39.0,3,0,1772713740000,1772714021000,4,173.25,4.683333333333334,3,0.75,0.0,1
label_chat_00647,chat_00647,user_0127,default,manual,default_v3,0.319,1773080164000,5,37.0,0,3,1773079320000,1773080149000,5,182.8,13.816666666666666,4,0.0,0.6,0
label_chat_00648,chat_00648,user_0128,art,manual,art_v3,0.808,1772483650000,5,43.2,5,0,1772482920000,1772483637000,5,130.8,11.95,4,1.0,0.0,1
label_chat_00649,chat_00649,user_0128,art,manual,art_v3,0.876,1772669395000,4,40.5,4,0,1772668980000,1772669382000,4,177.25,6.7,3,1.0,0.0,1
label_chat_00650,chat_00650,user_0128,art,manual,art_v3,0.769,1772950605000,3,44.666666666666664,2,0,1772950020000,1772950587000,3,203.0,9.45,2,0.6666666666666666,0.0,1
label_chat_00651,chat_00651,user_0128,art,manual,art_v3,0.626,1773228814000,3,48.0,1,0,1773228420000,1773228800000,3,195.0,6.333333333333333,2,0.3333333333333333,0.0,1
label_chat_00652,chat_00652,user_0128,art,manual,art_v3,0.782,1773408675000,5,41.2,5,0,1773408000000,1773408665000,5,205.2,11.083333333333334,4,1.0,0.0,1
label_chat_00653,chat_00653,user_0128,art,manual,art_v3,0.715,1773671261000,3,44.0,5,0,1773670800000,1773671246000,3,189.66666666666666,7.433333333333334,2,1.6666666666666667,0.0,1
label_chat_00654,chat_00654,user_0129,default,manual,default_v3,0.195,1770662804000,3,43.0,0,0,1770662340000,1770662791000,3,175.0,7.516666666666667,2,0.0,0.0,0
label_chat_00655,chat_00655,user_0129,default,manual,default_v3,0.296,1770772619000,4,40.25,1,0,1770771780000,1770772608000,4,142.0,13.8,3,0.25,0.0,0
label_chat_00656,chat_00656,user_0129,default,manual,default_v3,0.199,1770876465000,3,42.666666666666664,1,0,1770876060000,1770876454000,3,188.66666666666666,6.566666666666666,2,0.3333333333333333,0.0,0
label_chat_00657,chat_00657,user_0129,default,manual,default_v3,0.224,1771334286000,5,36.8,0,0,1771333440000,1771334271000,5,220.4,13.85,4,0.0,0.0,0
label_chat_00658,chat_00658,user_0130,art,manual,art_v3,0.748,1767479629000,3,43.666666666666664,3,0,1767479040000,1767479618000,3,131.33333333333334,9.633333333333333,2,1.0,0.0,1
label_chat_00659,chat_00659,user_0130,art,manual,art_v3,0.802,1767663974000,5,39.4,7,1,1767663240000,1767663957000,5,155.8,11.95,4,1.4,0.2,1
label_chat_00660,chat_00660,user_0130,art,manual,art_v3,0.844,1768012865000,4,44.0,5,0,1768012080000,1768012849000,4,211.5,12.816666666666666,3,1.25,0.0,1
label_chat_00661,chat_00661,user_0130,art,manual,art_v3,0.816,1768189492000,3,42.666666666666664,3,0,1768189200000,1768189478000,3,190.0,4.633333333333334,2,1.0,0.0,1
label_chat_00662,chat_00662,user_0131,default,manual,default_v3,0.314,1774035652000,3,46.0,1,0,1774035420000,1774035634000,3,228.66666666666666,3.566666666666667,2,0.3333333333333333,0.0,0
label_chat_00663,chat_00663,user_0131,default,manual,default_v3,0.217,1774308054000,4,40.0,1,0,1774307520000,1774308041000,4,168.75,8.683333333333334,3,0.25,0.0,0
label_chat_00664,chat_00664,user_0131,default,manual,default_v3,0.222,1774498689000,5,38.4,0,0,1774497900000,1774498678000,5,169.2,12.966666666666667,4,0.0,0.0,0
label_chat_00665,chat_00665,user_0131,default,manual,default_v3,0.287,1774599782000,5,36.6,0,0,1774598940000,1774599769000,5,149.4,13.816666666666666,4,0.0,0.0,0
label_chat_00666,chat_00666,user_0131,default,manual,default_v3,0.26,1775046241000,4,39.5,0,0,1775045640000,1775046231000,4,142.75,9.85,3,0.0,0.0,0
label_chat_00667,chat_00667,user_0131,default,manual,default_v3,0.186,1775395684000,5,43.6,1,0,1775394600000,1775395673000,5,175.8,17.883333333333333,4,0.2,0.0,0
label_chat_00668,chat_00668,user_0132,art,manual,art_v3,0.735,1771011521000,3,30.666666666666668,4,0,1771011000000,1771011504000,3,127.66666666666667,8.4,2,1.3333333333333333,0.0,1
label_chat_00669,chat_00669,user_0132,art,manual,art_v3,0.642,1771468656000,3,39.666666666666664,2,0,1771468260000,1771468642000,3,222.0,6.366666666666666,2,0.6666666666666666,0.0,1
label_chat_00670,chat_00670,user_0132,default,manual,default_v3,0.258,1771835051000,5,36.8,0,0,1771833840000,1771835036000,5,175.4,19.933333333333334,4,0.0,0.0,0
label_chat_00671,chat_00671,user_0132,default,manual,default_v3,0.187,1772188196000,4,31.5,1,0,1772187600000,1772188178000,4,157.75,9.633333333333333,3,0.25,0.0,0
label_chat_00672,chat_00672,user_0132,art,manual,art_v3,0.745,1772382323000,5,31.0,5,0,1772381640000,1772382305000,5,131.6,11.083333333333334,4,1.0,0.0,1
label_chat_00673,chat_00673,user_0132,default,manual,default_v3,0.24,1772832950000,4,35.0,0,0,1772832360000,1772832938000,4,170.5,9.633333333333333,3,0.0,0.0,0
label_chat_00674,chat_00674,user_0133,default,manual,default_v3,0.366,1772147375000,3,29.333333333333332,1,0,1772146860000,1772147362000,3,160.33333333333334,8.366666666666667,2,0.3333333333333333,0.0,0
label_chat_00675,chat_00675,user_0133,default,manual,default_v3,0.242,1772605852000,4,34.25,2,0,1772605380000,1772605837000,4,187.75,7.616666666666666,3,0.5,0.0,0
label_chat_00676,chat_00676,user_0133,default,manual,default_v3,0.267,1772789383000,3,29.333333333333332,0,0,1772788860000,1772789368000,3,219.66666666666666,8.466666666666667,2,0.0,0.0,0
label_chat_00677,chat_00677,user_0133,default,manual,default_v3,0.185,1773225107000,3,24.333333333333332,0,0,1773224460000,1773225089000,3,159.0,10.483333333333333,2,0.0,0.0,0
label_chat_00678,chat_00678,user_0134,default,manual,default_v3,0.383,1774725351000,3,46.0,1,0,1774725120000,1774725337000,3,207.66666666666666,3.6166666666666667,2,0.3333333333333333,0.0,0
label_chat_00679,chat_00679,user_0134,default,manual,default_v3,0.367,1774819433000,4,39.25,2,0,1774819020000,1774819422000,4,157.5,6.7,3,0.5,0.0,0
label_chat_00680,chat_00680,user_0134,default,manual,default_v3,0.477,1775184553000,5,36.8,3,0,1775183940000,1775184541000,5,169.4,10.016666666666667,4,0.6,0.0,0
label_chat_00681,chat_00681,user_0134,default,manual,default_v3,0.257,1775445890000,3,37.666666666666664,1,0,1775445240000,1775445878000,3,180.33333333333334,10.633333333333333,2,0.3333333333333333,0.0,0
label_chat_00682,chat_00682,user_0135,default,manual,default_v3,0.216,1768778345000,4,36.75,2,0,1768777920000,1768778328000,4,199.0,6.8,3,0.5,0.0,0
label_chat_00683,chat_00683,user_0135,art,manual,art_v3,0.689,1769235768000,3,39.0,3,0,1769235420000,1769235757000,3,209.0,5.616666666666666,2,1.0,0.0,1
label_chat_00684,chat_00684,user_0135,art,manual,art_v3,0.868,1769675106000,4,44.5,3,0,1769674500000,1769675091000,4,209.75,9.85,3,0.75,0.0,1
label_chat_00685,chat_00685,user_0135,art,manual,art_v3,0.831,1769774933000,3,44.0,2,0,1769774520000,1769774915000,3,124.66666666666667,6.583333333333333,2,0.6666666666666666,0.0,1
label_chat_00686,chat_00686,user_0136,art,manual,art_v3,0.697,1772311618000,4,40.25,6,1,1772311140000,1772311603000,4,161.25,7.716666666666667,3,1.5,0.25,1
label_chat_00687,chat_00687,user_0136,art,manual,art_v3,0.735,1772400286000,3,43.333333333333336,4,0,1772399700000,1772400268000,3,179.66666666666666,9.466666666666667,2,1.3333333333333333,0.0,1
label_chat_00688,chat_00688,user_0136,art,manual,art_v3,0.809,1772680335000,5,41.8,4,0,1772679720000,1772680322000,5,145.8,10.033333333333333,4,0.8,0.0,1
label_chat_00689,chat_00689,user_0136,default,manual,default_v3,0.333,1773046559000,4,46.0,2,0,1773045900000,1773046546000,4,150.5,10.766666666666667,3,0.5,0.0,0
label_chat_00690,chat_00690,user_0136,art,manual,art_v3,0.824,1773482742000,3,39.666666666666664,5,0,1773482580000,1773482730000,3,176.33333333333334,2.5,2,1.6666666666666667,0.0,1
label_chat_00691,chat_00691,user_0136,art,manual,art_v3,0.8,1773584517000,4,40.25,3,0,1773583620000,1773584506000,4,175.0,14.766666666666667,3,0.75,0.0,1
label_chat_00692,chat_00692,user_0137,default,manual,default_v3,0.215,1772228060000,5,38.0,0,1,1772227380000,1772228046000,5,170.2,11.1,4,0.0,0.2,0
label_chat_00693,chat_00693,user_0137,art,manual,art_v3,0.722,1772504093000,4,46.25,4,2,1772503620000,1772504077000,4,175.0,7.616666666666666,3,1.0,0.5,1
label_chat_00694,chat_00694,user_0137,art,manual,art_v3,0.699,1772784589000,3,44.0,2,0,1772784240000,1772784576000,3,230.66666666666666,5.6,2,0.6666666666666666,0.0,1
label_chat_00695,chat_00695,user_0137,art,manual,art_v3,0.759,1773136075000,4,43.75,2,1,1773135660000,1773136057000,4,158.75,6.616666666666666,3,0.5,0.25,1
label_chat_00696,chat_00696,user_0137,art,manual,art_v3,0.81,1773402965000,5,36.2,6,0,1773402060000,1773402954000,5,188.6,14.9,4,1.2,0.0,1
label_chat_00697,chat_00697,user_0138,default,manual,default_v3,0.263,1769726521000,5,32.8,1,0,1769725860000,1769726507000,5,156.0,10.783333333333333,4,0.2,0.0,0
label_chat_00698,chat_00698,user_0138,default,manual,default_v3,0.498,1770007333000,5,40.8,5,0,1770006840000,1770007322000,5,135.6,8.033333333333333,4,1.0,0.0,0
label_chat_00699,chat_00699,user_0138,default,manual,default_v3,0.393,1770364024000,4,37.25,3,0,1770363180000,1770364007000,4,203.25,13.783333333333333,3,0.75,0.0,0
label_chat_00700,chat_00700,user_0138,default,manual,default_v3,0.32,1770540201000,5,37.4,4,0,1770539520000,1770540183000,5,160.8,11.05,4,0.8,0.0,0
label_chat_00701,chat_00701,user_0138,default,manual,default_v3,0.311,1770734658000,5,36.4,1,0,1770733560000,1770734643000,5,185.8,18.05,4,0.2,0.0,0
label_chat_00702,chat_00702,user_0138,default,manual,default_v3,0.33,1770931029000,5,40.8,1,0,1770930360000,1770931017000,5,183.8,10.95,4,0.2,0.0,0
label_chat_00703,chat_00703,user_0139,art,manual,art_v3,0.782,1770748140000,4,45.75,4,0,1770747480000,1770748126000,4,160.5,10.766666666666667,3,1.0,0.0,1
label_chat_00704,chat_00704,user_0139,art,manual,art_v3,0.831,1770946331000,5,41.0,7,3,1770945300000,1770946317000,5,175.2,16.95,4,1.4,0.6,1
label_chat_00705,chat_00705,user_0139,art,manual,art_v3,0.806,1771385336000,4,43.5,3,0,1771384500000,1771385319000,4,140.0,13.65,3,0.75,0.0,1
label_chat_00706,chat_00706,user_0139,art,manual,art_v3,0.804,1771579877000,5,36.8,2,3,1771579020000,1771579862000,5,173.4,14.033333333333333,4,0.4,0.6,1
label_chat_00707,chat_00707,user_0139,art,manual,art_v3,0.716,1771678147000,5,41.2,2,2,1771677300000,1771678136000,5,158.6,13.933333333333334,4,0.4,0.4,1
label_chat_00708,chat_00708,user_0139,default,manual,default_v3,0.315,1772037162000,4,42.75,0,1,1772036640000,1772037152000,4,220.75,8.533333333333333,3,0.0,0.25,0
label_chat_00709,chat_00709,user_0140,default,manual,default_v3,0.322,1770233038000,4,39.5,2,0,1770232500000,1770233024000,4,153.0,8.733333333333333,3,0.5,0.0,0
label_chat_00710,chat_00710,user_0140,default,manual,default_v3,0.344,1770581951000,5,40.4,2,0,1770580980000,1770581934000,5,170.6,15.9,4,0.4,0.0,0
label_chat_00711,chat_00711,user_0140,default,manual,default_v3,0.319,1770935768000,4,35.0,1,0,1770935280000,1770935754000,4,188.5,7.9,3,0.25,0.0,0
label_chat_00712,chat_00712,user_0140,default,manual,default_v3,0.513,1771283772000,5,37.0,4,0,1771283040000,1771283761000,5,183.4,12.016666666666667,4,0.8,0.0,0
label_chat_00713,chat_00713,user_0140,default,manual,default_v3,0.325,1771481938000,5,41.8,2,0,1771481160000,1771481923000,5,174.2,12.716666666666667,4,0.4,0.0,0
