id,chat_id,user_id,selected_path,decision_mode,prompt_version,art_affinity_score,created_at,user_msg_count,avg_user_msg_len,art_kw_count,confusion_kw_count,first_user_ts,last_user_ts,assistant_msg_count,avg_output_tokens,conversation_span_minutes,followup_depth_proxy,art_keyword_ratio,confusion_ratio,activate_art_path,source_user_id,is_synthetic
label_chat_00001,chat_00001,user_0001,default,manual,default_v3,0.268,1768415028000,3,43.0,1,0,1768414740000.0,1768415017000.0,3,206.66666666666663,4.616666666666666,2,0.3333333333333333,0.0,0,user_0001,0
label_chat_00002,chat_00002,user_0001,default,manual,default_v3,0.432,1768613939000,4,40.5,2,0,1768613340000.0,1768613923000.0,4,162.75,9.716666666666669,3,0.5,0.0,0,user_0001,0
label_chat_00003,chat_00003,user_0001,default,manual,default_v3,0.411,1768971064000,4,43.25,1,0,1768970640000.0,1768971047000.0,4,172.75,6.783333333333333,3,0.25,0.0,0,user_0001,0
label_chat_00004,chat_00004,user_0001,default,manual,default_v3,0.3,1769232522000,3,43.333333333333336,1,0,1769232300000.0,1769232507000.0,3,176.33333333333334,3.45,2,0.3333333333333333,0.0,0,user_0001,0
label_chat_00005,chat_00005,user_0001,default,manual,default_v3,0.422,1769333042000,4,39.75,2,0,1769332320000.0,1769333032000.0,4,142.5,11.866666666666667,3,0.5,0.0,0,user_0001,0
label_chat_00006,chat_00006,user_0002,default,manual,default_v3,0.346,1773703207000,5,38.0,1,0,1773702600000.0,1773703193000.0,5,190.2,9.883333333333333,4,0.2,0.0,0,user_0002,0
label_chat_00007,chat_00007,user_0002,default,manual,default_v3,0.238,1773901085000,5,40.4,0,0,1773900300000.0,1773901067000.0,5,180.2,12.783333333333331,4,0.0,0.0,0,user_0002,0
label_chat_00008,chat_00008,user_0002,default,manual,default_v3,0.25,1774174369000,3,50.0,0,0,1774173960000.0,1774174352000.0,3,207.0,6.533333333333333,2,0.0,0.0,0,user_0002,0
label_chat_00009,chat_00009,user_0002,default,manual,default_v3,0.218,1774283761000,4,44.75,0,0,1774283040000.0,1774283749000.0,4,209.5,11.816666666666666,3,0.0,0.0,0,user_0002,0
label_chat_00010,chat_00010,user_0003,default,manual,default_v3,0.282,1773013933000,5,38.0,0,1,1773013260000.0,1773013918000.0,5,156.4,10.966666666666669,4,0.0,0.2,0,user_0003,0
label_chat_00011,chat_00011,user_0003,art,manual,art_v3,0.682,1773206380000,3,42.333333333333336,3,1,1773205740000.0,1773206366000.0,3,111.33333333333331,10.433333333333334,2,1.0,0.3333333333333333,1,user_0003,0
label_chat_00012,chat_00012,user_0003,default,manual,default_v3,0.258,1773298249000,3,38.333333333333336,0,0,1773297900000.0,1773298234000.0,3,187.66666666666663,5.566666666666666,2,0.0,0.0,0,user_0003,0
label_chat_00013,chat_00013,user_0003,art,manual,art_v3,0.753,1773654756000,3,42.0,4,0,1773654240000.0,1773654744000.0,3,203.33333333333331,8.4,2,1.3333333333333333,0.0,1,user_0003,0
label_chat_00014,chat_00014,user_0003,art,manual,art_v3,0.759,1774010319000,3,41.333333333333336,3,1,1774009920000.0,1774010309000.0,3,210.0,6.483333333333333,2,1.0,0.3333333333333333,1,user_0003,0
label_chat_00015,chat_00015,user_0004,default,manual,default_v3,0.257,1769727299000,4,38.5,1,0,1769726640000.0,1769727285000.0,4,162.25,10.75,3,0.25,0.0,0,user_0004,0
label_chat_00016,chat_00016,user_0004,default,manual,default_v3,0.236,1770081641000,3,34.666666666666664,0,0,1770081300000.0,1770081625000.0,3,187.0,5.416666666666667,2,0.0,0.0,0,user_0004,0
label_chat_00017,chat_00017,user_0004,default,manual,default_v3,0.208,1770193263000,4,32.75,0,0,1770192780000.0,1770193245000.0,4,230.0,7.75,3,0.0,0.0,0,user_0004,0
label_chat_00018,chat_00018,user_0004,default,manual,default_v3,0.229,1770477479000,4,37.25,0,0,1770476880000.0,1770477469000.0,4,169.75,9.816666666666666,3,0.0,0.0,0,user_0004,0
label_chat_00019,chat_00019,user_0004,default,manual,default_v3,0.302,1770751602000,3,33.333333333333336,1,0,1770751020000.0,1770751588000.0,3,116.66666666666669,9.466666666666669,2,0.3333333333333333,0.0,0,user_0004,0
label_chat_00020,chat_00020,user_0005,default,manual,default_v3,0.316,1774549742000,4,35.75,3,0,1774549260000.0,1774549729000.0,4,164.25,7.816666666666666,3,0.75,0.0,0,user_0005,0
label_chat_00021,chat_00021,user_0005,default,manual,default_v3,0.331,1774747297000,3,37.333333333333336,1,0,1774747020000.0,1774747286000.0,3,174.66666666666666,4.433333333333334,2,0.3333333333333333,0.0,0,user_0005,0
label_chat_00022,chat_00022,user_0005,default,manual,default_v3,0.359,1774852435000,4,38.25,0,0,1774851660000.0,1774852422000.0,4,167.0,12.7,3,0.0,0.0,0,user_0005,0
label_chat_00023,chat_00023,user_0005,default,manual,default_v3,0.393,1774949580000,4,42.75,1,0,1774949160000.0,1774949562000.0,4,184.25,6.7,3,0.25,0.0,0,user_0005,0
label_chat_00024,chat_00024,user_0005,default,manual,default_v3,0.445,1775391533000,4,41.75,2,0,1775390880000.0,1775391522000.0,4,224.25,10.7,3,0.5,0.0,0,user_0005,0
label_chat_00025,chat_00025,user_0006,default,manual,default_v3,0.233,1773342911000,4,30.75,0,0,1773342540000.0,1773342894000.0,4,210.75,5.9,3,0.0,0.0,0,user_0006,0
label_chat_00026,chat_00026,user_0006,default,manual,default_v3,0.309,1773779357000,5,29.4,1,0,1773778380000.0,1773779339000.0,5,183.0,15.983333333333333,4,0.2,0.0,0,user_0006,0
label_chat_00027,chat_00027,user_0006,default,manual,default_v3,0.246,1774143460000,3,29.666666666666668,2,0,1774142940000.0,1774143449000.0,3,216.33333333333331,8.483333333333333,2,0.6666666666666666,0.0,0,user_0006,0
label_chat_00028,chat_00028,user_0006,default,manual,default_v3,0.223,1774415711000,5,31.2,0,0,1774414980000.0,1774415696000.0,5,162.6,11.933333333333334,4,0.0,0.0,0,user_0006,0
label_chat_00029,chat_00029,user_0006,default,manual,default_v3,0.236,1774689486000,4,26.0,0,0,1774688940000.0,1774689472000.0,4,162.0,8.866666666666667,3,0.0,0.0,0,user_0006,0
label_chat_00030,chat_00030,user_0007,art,manual,art_v3,0.807,1771092837000,4,45.5,3,0,1771092060000.0,1771092823000.0,4,174.25,12.716666666666669,3,0.75,0.0,1,user_0007,0
label_chat_00031,chat_00031,user_0007,art,manual,art_v3,0.688,1771543555000,4,47.5,4,0,1771543080000.0,1771543542000.0,4,209.25,7.7,3,1.0,0.0,1,user_0007,0
label_chat_00032,chat_00032,user_0007,default,manual,default_v3,0.253,1771645484000,3,43.66666666666666,0,0,1771644960000.0,1771645468000.0,3,182.66666666666663,8.466666666666667,2,0.0,0.0,0,user_0007,0
label_chat_00033,chat_00033,user_0007,art,manual,art_v3,0.759,1772015406000,5,40.8,6,0,1772014680000.0,1772015394000.0,5,198.6,11.9,4,1.2,0.0,1,user_0007,0
label_chat_00034,chat_00034,user_0007,art,manual,art_v3,0.761,1772213925000,3,43.333333333333336,3,0,1772213460000.0,1772213907000.0,3,201.66666666666663,7.45,2,1.0,0.0,1,user_0007,0
label_chat_00035,chat_00035,user_0007,art,manual,art_v3,0.814,1772572517000,5,38.0,9,0,1772571720000.0,1772572499000.0,5,174.6,12.983333333333333,4,1.8,0.0,1,user_0007,0
label_chat_00036,chat_00036,user_0008,default,manual,default_v3,0.169,1772316615000,5,37.6,0,1,1772316000000.0,1772316603000.0,5,186.2,10.05,4,0.0,0.2,0,user_0008,0
label_chat_00037,chat_00037,user_0008,default,manual,default_v3,0.25,1772603040000,4,40.75,0,1,1772602680000.0,1772603024000.0,4,127.5,5.733333333333333,3,0.0,0.25,0,user_0008,0
label_chat_00038,chat_00038,user_0008,default,manual,default_v3,0.26,1772879081000,3,34.333333333333336,0,1,1772878800000.0,1772879066000.0,3,176.66666666666666,4.433333333333334,2,0.0,0.3333333333333333,0,user_0008,0
label_chat_00039,chat_00039,user_0008,default,manual,default_v3,0.336,1773229043000,5,35.6,1,2,1773228360000.0,1773229027000.0,5,149.0,11.116666666666667,4,0.2,0.4,0,user_0008,0
label_chat_00040,chat_00040,user_0008,default,manual,default_v3,0.311,1773319499000,4,39.75,0,2,1773318960000.0,1773319485000.0,4,181.25,8.75,3,0.0,0.5,0,user_0008,0
label_chat_00041,chat_00041,user_0008,default,manual,default_v3,0.225,1773580244000,3,39.0,0,1,1773580020000.0,1773580228000.0,3,172.66666666666666,3.466666666666667,2,0.0,0.3333333333333333,0,user_0008,0
label_chat_00042,chat_00042,user_0009,art,manual,art_v3,0.719,1772488244000,3,42.333333333333336,4,0,1772487840000.0,1772488233000.0,3,140.33333333333334,6.55,2,1.3333333333333333,0.0,1,user_0009,0
label_chat_00043,chat_00043,user_0009,default,manual,default_v3,0.254,1772669886000,4,41.25,1,3,1772669340000.0,1772669869000.0,4,212.25,8.816666666666666,3,0.25,0.75,0,user_0009,0
label_chat_00044,chat_00044,user_0009,default,manual,default_v3,0.2,1772771561000,3,37.66666666666666,1,1,1772771100000.0,1772771548000.0,3,208.66666666666663,7.466666666666667,2,0.3333333333333333,0.3333333333333333,0,user_0009,0
label_chat_00045,chat_00045,user_0009,art,manual,art_v3,0.82,1772862430000,5,38.6,6,2,1772861820000.0,1772862416000.0,5,185.8,9.933333333333334,4,1.2,0.4,1,user_0009,0
label_chat_00046,chat_00046,user_0009,default,manual,default_v3,0.17,1772958182000,5,40.6,0,1,1772957700000.0,1772958172000.0,5,143.6,7.866666666666666,4,0.0,0.2,0,user_0009,0
label_chat_00047,chat_00047,user_0009,default,manual,default_v3,0.162,1773061540000,3,39.66666666666666,0,0,1773061260000.0,1773061529000.0,3,214.66666666666663,4.483333333333333,2,0.0,0.0,0,user_0009,0
label_chat_00048,chat_00048,user_0010,default,manual,default_v3,0.32,1772568646000,3,37.333333333333336,1,0,1772568060000.0,1772568632000.0,3,158.33333333333334,9.533333333333331,2,0.3333333333333333,0.0,0,user_0010,0
label_chat_00049,chat_00049,user_0010,default,manual,default_v3,0.295,1772926794000,4,34.75,0,0,1772926260000.0,1772926778000.0,4,183.0,8.633333333333333,3,0.0,0.0,0,user_0010,0
label_chat_00050,chat_00050,user_0010,default,manual,default_v3,0.239,1773280095000,5,40.6,0,0,1773279120000.0,1773280083000.0,5,186.8,16.05,4,0.0,0.0,0,user_0010,0
label_chat_00051,chat_00051,user_0010,default,manual,default_v3,0.286,1773472988000,5,33.8,1,0,1773472320000.0,1773472971000.0,5,157.0,10.85,4,0.2,0.0,0,user_0010,0
label_chat_00052,chat_00052,user_0010,default,manual,default_v3,0.293,1773924163000,3,43.0,0,0,1773923760000.0,1773924152000.0,3,212.33333333333331,6.533333333333333,2,0.0,0.0,0,user_0010,0
label_chat_00053,chat_00053,user_0010,default,manual,default_v3,0.32,1774119249000,5,39.4,1,0,1774118580000.0,1774119238000.0,5,151.2,10.966666666666669,4,0.2,0.0,0,user_0010,0
label_chat_00054,chat_00054,user_0011,default,manual,default_v3,0.237,1768434183000,5,39.2,0,0,1768433400000.0,1768434173000.0,5,199.2,12.883333333333333,4,0.0,0.0,0,user_0011,0
label_chat_00055,chat_00055,user_0011,default,manual,default_v3,0.259,1768873061000,3,43.66666666666666,2,0,1768872660000.0,1768873048000.0,3,157.0,6.466666666666667,2,0.6666666666666666,0.0,0,user_0011,0
label_chat_00056,chat_00056,user_0011,default,manual,default_v3,0.241,1769138144000,3,44.0,1,0,1769137740000.0,1769138133000.0,3,148.66666666666666,6.55,2,0.3333333333333333,0.0,0,user_0011,0
label_chat_00057,chat_00057,user_0011,default,manual,default_v3,0.349,1769402884000,4,35.5,1,0,1769402220000.0,1769402867000.0,4,169.25,10.783333333333331,3,0.25,0.0,0,user_0011,0
label_chat_00058,chat_00058,user_0011,default,manual,default_v3,0.318,1769510993000,4,41.75,0,0,1769510280000.0,1769510983000.0,4,163.75,11.716666666666669,3,0.0,0.0,0,user_0011,0
label_chat_00059,chat_00059,user_0012,art,manual,art_v3,0.715,1775072695000,4,39.75,2,1,1775072160000.0,1775072684000.0,4,139.5,8.733333333333333,3,0.5,0.25,1,user_0012,0
label_chat_00060,chat_00060,user_0012,art,manual,art_v3,0.741,1775266628000,4,41.75,2,2,1775265900000.0,1775266610000.0,4,188.5,11.833333333333334,3,0.5,0.5,1,user_0012,0
label_chat_00061,chat_00061,user_0012,default,manual,default_v3,0.236,1775714177000,5,38.2,1,1,1775713140000.0,1775714162000.0,5,174.8,17.033333333333335,4,0.2,0.2,0,user_0012,0
label_chat_00062,chat_00062,user_0012,art,manual,art_v3,0.711,1776065595000,5,41.4,3,0,1776064920000.0,1776065583000.0,5,158.0,11.05,4,0.6,0.0,1,user_0012,0
label_chat_00063,chat_00063,user_0013,default,manual,default_v3,0.343,1770932643000,4,35.0,1,0,1770932160000.0,1770932628000.0,4,201.5,7.8,3,0.25,0.0,0,user_0013,0
label_chat_00064,chat_00064,user_0013,default,manual,default_v3,0.182,1771125758000,3,29.0,1,0,1771125420000.0,1771125748000.0,3,183.66666666666663,5.466666666666667,2,0.3333333333333333,0.0,0,user_0013,0
label_chat_00065,chat_00065,user_0013,default,manual,default_v3,0.167,1771496626000,3,29.0,0,0,1771496040000.0,1771496613000.0,3,152.66666666666666,9.55,2,0.0,0.0,0,user_0013,0
label_chat_00066,chat_00066,user_0013,default,manual,default_v3,0.297,1771760147000,3,31.0,1,0,1771759680000.0,1771760132000.0,3,204.66666666666663,7.533333333333333,2,0.3333333333333333,0.0,0,user_0013,0
label_chat_00067,chat_00067,user_0014,default,manual,default_v3,0.235,1767644140000,3,38.0,1,1,1767643920000.0,1767644127000.0,3,164.66666666666666,3.45,2,0.3333333333333333,0.3333333333333333,0,user_0014,0
label_chat_00068,chat_00068,user_0014,default,manual,default_v3,0.228,1768008440000,5,35.2,1,0,1768007880000.0,1768008423000.0,5,185.2,9.05,4,0.2,0.0,0,user_0014,0
label_chat_00069,chat_00069,user_0014,default,manual,default_v3,0.195,1768461468000,3,41.333333333333336,1,1,1768460940000.0,1768461457000.0,3,187.33333333333331,8.616666666666667,2,0.3333333333333333,0.3333333333333333,0,user_0014,0
label_chat_00070,chat_00070,user_0014,default,manual,default_v3,0.185,1768645125000,3,37.333333333333336,2,1,1768644720000.0,1768645112000.0,3,193.33333333333331,6.533333333333333,2,0.6666666666666666,0.3333333333333333,0,user_0014,0
label_chat_00071,chat_00071,user_0014,default,manual,default_v3,0.232,1768735249000,3,39.333333333333336,1,1,1768734780000.0,1768735237000.0,3,187.0,7.616666666666666,2,0.3333333333333333,0.3333333333333333,0,user_0014,0
label_chat_00072,chat_00072,user_0014,default,manual,default_v3,0.172,1769104139000,4,41.0,0,0,1769103780000.0,1769104125000.0,4,135.5,5.75,3,0.0,0.0,0,user_0014,0
label_chat_00073,chat_00073,user_0015,default,manual,default_v3,0.219,1772044241000,3,35.0,0,0,1772043660000.0,1772044228000.0,3,125.33333333333331,9.466666666666669,2,0.0,0.0,0,user_0015,0
label_chat_00074,chat_00074,user_0015,default,manual,default_v3,0.356,1772413858000,5,28.0,1,0,1772413200000.0,1772413843000.0,5,168.0,10.716666666666669,4,0.2,0.0,0,user_0015,0
label_chat_00075,chat_00075,user_0015,default,manual,default_v3,0.237,1772600613000,3,35.666666666666664,0,0,1772600400000.0,1772600601000.0,3,134.66666666666666,3.35,2,0.0,0.0,0,user_0015,0
label_chat_00076,chat_00076,user_0015,default,manual,default_v3,0.297,1772801581000,5,32.6,0,0,1772800560000.0,1772801570000.0,5,156.4,16.833333333333332,4,0.0,0.0,0,user_0015,0
label_chat_00077,chat_00077,user_0016,default,manual,default_v3,0.294,1769470495000,4,37.25,0,0,1769469780000.0,1769470485000.0,4,162.75,11.75,3,0.0,0.0,0,user_0016,0
label_chat_00078,chat_00078,user_0016,art,manual,art_v3,0.764,1769559396000,3,46.66666666666666,3,0,1769558940000.0,1769559384000.0,3,227.33333333333331,7.4,2,1.0,0.0,1,user_0016,0
label_chat_00079,chat_00079,user_0016,art,manual,art_v3,0.748,1769919794000,5,40.6,4,0,1769918880000.0,1769919780000.0,5,142.2,15.0,4,0.8,0.0,1,user_0016,0
label_chat_00080,chat_00080,user_0016,art,manual,art_v3,0.779,1770376009000,3,42.333333333333336,5,0,1770375600000.0,1770375997000.0,3,202.0,6.616666666666666,2,1.6666666666666667,0.0,1,user_0016,0
label_chat_00081,chat_00081,user_0017,default,manual,default_v3,0.299,1768941720000,5,39.4,1,0,1768940880000.0,1768941710000.0,5,181.0,13.833333333333334,4,0.2,0.0,0,user_0017,0
label_chat_00082,chat_00082,user_0017,default,manual,default_v3,0.385,1769048395000,4,43.25,3,0,1769047800000.0,1769048378000.0,4,184.0,9.633333333333333,3,0.75,0.0,0,user_0017,0
label_chat_00083,chat_00083,user_0017,default,manual,default_v3,0.418,1769330692000,4,39.5,2,0,1769330040000.0,1769330682000.0,4,178.25,10.7,3,0.5,0.0,0,user_0017,0
label_chat_00084,chat_00084,user_0017,default,manual,default_v3,0.327,1769507706000,4,32.5,2,0,1769506920000.0,1769507692000.0,4,189.25,12.866666666666667,3,0.5,0.0,0,user_0017,0
label_chat_00085,chat_00085,user_0017,default,manual,default_v3,0.413,1769705169000,5,37.0,1,0,1769704380000.0,1769705154000.0,5,162.4,12.9,4,0.2,0.0,0,user_0017,0
label_chat_00086,chat_00086,user_0017,default,manual,default_v3,0.321,1769811414000,4,39.5,1,0,1769810760000.0,1769811402000.0,4,150.0,10.7,3,0.25,0.0,0,user_0017,0
label_chat_00087,chat_00087,user_0018,default,manual,default_v3,0.185,1768347668000,5,39.8,0,1,1768346760000.0,1768347658000.0,5,169.0,14.966666666666669,4,0.0,0.2,0,user_0018,0
label_chat_00088,chat_00088,user_0018,default,manual,default_v3,0.301,1768541929000,3,43.0,0,1,1768541640000.0,1768541914000.0,3,208.66666666666663,4.566666666666666,2,0.0,0.3333333333333333,0,user_0018,0
label_chat_00089,chat_00089,user_0018,default,manual,default_v3,0.167,1768741014000,4,40.25,1,1,1768740180000.0,1768740998000.0,4,160.25,13.633333333333333,3,0.25,0.25,0,user_0018,0
label_chat_00090,chat_00090,user_0018,default,manual,default_v3,0.223,1768843799000,4,43.75,0,1,1768843440000.0,1768843782000.0,4,168.25,5.7,3,0.0,0.25,0,user_0018,0
label_chat_00091,chat_00091,user_0018,default,manual,default_v3,0.285,1768951000000,3,38.0,1,1,1768950660000.0,1768950989000.0,3,190.0,5.483333333333333,2,0.3333333333333333,0.3333333333333333,0,user_0018,0
label_chat_00092,chat_00092,user_0019,art,manual,art_v3,0.788,1772394524000,3,44.333333333333336,1,3,1772394120000.0,1772394511000.0,3,161.66666666666666,6.516666666666667,2,0.3333333333333333,1.0,1,user_0019,0
label_chat_00093,chat_00093,user_0019,art,manual,art_v3,0.678,1772761672000,4,44.75,2,2,1772761080000.0,1772761659000.0,4,149.75,9.65,3,0.5,0.5,1,user_0019,0
label_chat_00094,chat_00094,user_0019,art,manual,art_v3,0.781,1772943962000,4,38.5,2,1,1772943420000.0,1772943944000.0,4,173.0,8.733333333333333,3,0.5,0.25,1,user_0019,0
label_chat_00095,chat_00095,user_0019,default,manual,default_v3,0.232,1773123729000,4,37.25,1,3,1773123300000.0,1773123715000.0,4,201.25,6.916666666666667,3,0.25,0.75,0,user_0019,0
label_chat_00096,chat_00096,user_0019,art,manual,art_v3,0.829,1773303286000,3,48.333333333333336,3,2,1773302700000.0,1773303272000.0,3,157.0,9.533333333333331,2,1.0,0.6666666666666666,1,user_0019,0
label_chat_00097,chat_00097,user_0019,default,manual,default_v3,0.268,1773657585000,4,35.75,0,1,1773657060000.0,1773657571000.0,4,183.75,8.516666666666667,3,0.0,0.25,0,user_0019,0
label_chat_00098,chat_00098,user_0020,default,manual,default_v3,0.237,1775075759000,4,38.75,1,1,1775075280000.0,1775075742000.0,4,198.25,7.7,3,0.25,0.25,0,user_0020,0
label_chat_00099,chat_00099,user_0020,default,manual,default_v3,0.25,1775169606000,4,38.75,0,0,1775169300000.0,1775169588000.0,4,161.0,4.8,3,0.0,0.0,0,user_0020,0
label_chat_00100,chat_00100,user_0020,default,manual,default_v3,0.363,1775363048000,4,43.0,2,1,1775362260000.0,1775363030000.0,4,174.75,12.833333333333334,3,0.5,0.25,0,user_0020,0
label_chat_00101,chat_00101,user_0020,default,manual,default_v3,0.311,1775639637000,4,35.5,0,3,1775639040000.0,1775639625000.0,4,157.5,9.75,3,0.0,0.75,0,user_0020,0
label_chat_00102,chat_00102,user_0020,default,manual,default_v3,0.272,1776094998000,5,39.2,1,1,1776093840000.0,1776094986000.0,5,190.4,19.1,4,0.2,0.2,0,user_0020,0
label_chat_00103,chat_00103,user_0021,art,manual,art_v3,0.749,1773515564000,3,44.66666666666666,5,0,1773515100000.0,1773515546000.0,3,205.33333333333331,7.433333333333334,2,1.6666666666666667,0.0,1,user_0021,0
label_chat_00104,chat_00104,user_0021,art,manual,art_v3,0.85,1773973795000,4,44.25,5,0,1773973020000.0,1773973784000.0,4,143.75,12.733333333333333,3,1.25,0.0,1,user_0021,0
label_chat_00105,chat_00105,user_0021,art,manual,art_v3,0.654,1774334860000,3,41.0,3,0,1774334460000.0,1774334848000.0,3,206.66666666666663,6.466666666666667,2,1.0,0.0,1,user_0021,0
label_chat_00106,chat_00106,user_0021,art,manual,art_v3,0.787,1774686553000,4,44.25,4,0,1774685760000.0,1774686536000.0,4,201.0,12.933333333333334,3,1.0,0.0,1,user_0021,0
label_chat_00107,chat_00107,user_0021,art,manual,art_v3,0.651,1775036612000,3,47.333333333333336,3,0,1775036280000.0,1775036602000.0,3,159.33333333333334,5.366666666666666,2,1.0,0.0,1,user_0021,0
label_chat_00108,chat_00108,user_0021,default,manual,default_v3,0.171,1775227136000,4,38.5,0,0,1775226420000.0,1775227126000.0,4,207.25,11.766666666666667,3,0.0,0.0,0,user_0021,0
label_chat_00109,chat_00109,user_0022,art,manual,art_v3,0.811,1769031835000,4,41.75,5,1,1769031120000.0,1769031822000.0,4,138.25,11.7,3,1.25,0.25,1,user_0022,0
label_chat_00110,chat_00110,user_0022,default,manual,default_v3,0.253,1769313170000,4,40.0,0,0,1769312640000.0,1769313159000.0,4,197.75,8.65,3,0.0,0.0,0,user_0022,0
label_chat_00111,chat_00111,user_0022,art,manual,art_v3,0.819,1769590749000,5,38.4,4,0,1769589840000.0,1769590735000.0,5,214.2,14.916666666666666,4,0.8,0.0,1,user_0022,0
label_chat_00112,chat_00112,user_0022,default,manual,default_v3,0.316,1769948221000,4,39.25,0,0,1769947680000.0,1769948210000.0,4,191.25,8.833333333333334,3,0.0,0.0,0,user_0022,0
label_chat_00113,chat_00113,user_0022,default,manual,default_v3,0.272,1770043000000,3,39.333333333333336,0,0,1770042660000.0,1770042988000.0,3,164.66666666666666,5.466666666666667,2,0.0,0.0,0,user_0022,0
label_chat_00114,chat_00114,user_0023,art,manual,art_v3,0.878,1767742750000,5,38.0,6,0,1767741720000.0,1767742738000.0,5,208.6,16.966666666666665,4,1.2,0.0,1,user_0023,0
label_chat_00115,chat_00115,user_0023,art,manual,art_v3,0.729,1768092042000,3,36.333333333333336,4,1,1768091640000.0,1768092031000.0,3,229.66666666666663,6.516666666666667,2,1.3333333333333333,0.3333333333333333,1,user_0023,0
label_chat_00116,chat_00116,user_0023,default,manual,default_v3,0.224,1768282006000,3,42.333333333333336,0,0,1768281720000.0,1768281996000.0,3,197.33333333333331,4.6,2,0.0,0.0,0,user_0023,0
label_chat_00117,chat_00117,user_0023,art,manual,art_v3,0.701,1768652350000,5,39.2,4,0,1768651800000.0,1768652334000.0,5,132.6,8.9,4,0.8,0.0,1,user_0023,0
label_chat_00118,chat_00118,user_0023,art,manual,art_v3,0.887,1768749474000,4,36.25,6,0,1768748820000.0,1768749461000.0,4,138.75,10.683333333333334,3,1.5,0.0,1,user_0023,0
label_chat_00119,chat_00119,user_0023,art,manual,art_v3,0.762,1768842588000,4,46.0,4,0,1768842000000.0,1768842578000.0,4,206.0,9.633333333333333,3,1.0,0.0,1,user_0023,0
label_chat_00120,chat_00120,user_0024,default,manual,default_v3,0.252,1769200069000,3,36.333333333333336,1,2,1769199720000.0,1769200055000.0,3,197.0,5.583333333333333,2,0.3333333333333333,0.6666666666666666,0,user_0024,0
label_chat_00121,chat_00121,user_0024,default,manual,default_v3,0.201,1769646242000,4,40.0,0,1,1769645340000.0,1769646228000.0,4,181.0,14.8,3,0.0,0.25,0,user_0024,0
label_chat_00122,chat_00122,user_0024,default,manual,default_v3,0.217,1769743937000,5,34.4,1,4,1769742780000.0,1769743919000.0,5,171.0,18.98333333333333,4,0.2,0.8,0,user_0024,0
label_chat_00123,chat_00123,user_0024,default,manual,default_v3,0.161,1770018433000,5,42.2,0,1,1770017580000.0,1770018417000.0,5,181.2,13.95,4,0.0,0.2,0,user_0024,0
label_chat_00124,chat_00124,user_0024,default,manual,default_v3,0.241,1770196440000,4,42.5,1,2,1770195660000.0,1770196429000.0,4,127.25,12.816666666666666,3,0.25,0.5,0,user_0024,0
label_chat_00125,chat_00125,user_0025,default,manual,default_v3,0.328,1770670612000,4,41.5,1,0,1770669900000.0,1770670602000.0,4,178.5,11.7,3,0.25,0.0,0,user_0025,0
label_chat_00126,chat_00126,user_0025,default,manual,default_v3,0.293,1770864544000,4,38.5,1,0,1770864000000.0,1770864532000.0,4,213.5,8.866666666666667,3,0.25,0.0,0,user_0025,0
label_chat_00127,chat_00127,user_0025,default,manual,default_v3,0.224,1771302311000,5,36.2,0,3,1771301280000.0,1771302300000.0,5,163.8,17.0,4,0.0,0.6,0,user_0025,0
label_chat_00128,chat_00128,user_0025,default,manual,default_v3,0.19,1771489593000,3,35.666666666666664,0,1,1771489200000.0,1771489581000.0,3,177.0,6.35,2,0.0,0.3333333333333333,0,user_0025,0
label_chat_00129,chat_00129,user_0026,default,manual,default_v3,0.382,1770065527000,4,40.75,1,0,1770064920000.0,1770065512000.0,4,163.75,9.866666666666667,3,0.25,0.0,0,user_0026,0
label_chat_00130,chat_00130,user_0026,default,manual,default_v3,0.286,1770435408000,3,47.0,1,0,1770435060000.0,1770435393000.0,3,175.0,5.55,2,0.3333333333333333,0.0,0,user_0026,0
label_chat_00131,chat_00131,user_0026,default,manual,default_v3,0.337,1770801233000,4,37.75,2,0,1770800940000.0,1770801219000.0,4,177.0,4.65,3,0.5,0.0,0,user_0026,0
label_chat_00132,chat_00132,user_0026,default,manual,default_v3,0.314,1771078802000,4,35.75,1,0,1771078260000.0,1771078785000.0,4,190.0,8.75,3,0.25,0.0,0,user_0026,0
label_chat_00133,chat_00133,user_0026,default,manual,default_v3,0.299,1771538239000,5,37.4,0,0,1771537380000.0,1771538224000.0,5,160.6,14.066666666666666,4,0.0,0.0,0,user_0026,0
label_chat_00134,chat_00134,user_0027,default,manual,default_v3,0.249,1775082505000,5,36.8,1,0,1775081700000.0,1775082487000.0,5,172.6,13.116666666666667,4,0.2,0.0,0,user_0027,0
label_chat_00135,chat_00135,user_0027,default,manual,default_v3,0.337,1775188084000,4,43.75,1,0,1775187480000.0,1775188068000.0,4,157.25,9.8,3,0.25,0.0,0,user_0027,0
label_chat_00136,chat_00136,user_0027,default,manual,default_v3,0.22,1775371790000,4,43.5,0,0,1775371200000.0,1775371776000.0,4,155.0,9.6,3,0.0,0.0,0,user_0027,0
label_chat_00137,chat_00137,user_0027,default,manual,default_v3,0.355,1775561087000,3,44.66666666666666,1,0,1775560620000.0,1775561070000.0,3,178.0,7.5,2,0.3333333333333333,0.0,0,user_0027,0
label_chat_00138,chat_00138,user_0027,default,manual,default_v3,0.271,1775747696000,4,41.25,0,0,1775747160000.0,1775747680000.0,4,170.5,8.666666666666666,3,0.0,0.0,0,user_0027,0
label_chat_00139,chat_00139,user_0028,default,manual,default_v3,0.218,1768433058000,5,38.0,0,0,1768432320000.0,1768433046000.0,5,188.6,12.1,4,0.0,0.0,0,user_0028,0
label_chat_00140,chat_00140,user_0028,default,manual,default_v3,0.294,1768869103000,3,48.66666666666666,0,0,1768868460000.0,1768869090000.0,3,182.0,10.5,2,0.0,0.0,0,user_0028,0
label_chat_00141,chat_00141,user_0028,default,manual,default_v3,0.233,1769150717000,5,34.6,1,0,1769149680000.0,1769150702000.0,5,156.4,17.033333333333335,4,0.2,0.0,0,user_0028,0
label_chat_00142,chat_00142,user_0028,default,manual,default_v3,0.266,1769522125000,5,42.2,0,0,1769521200000.0,1769522107000.0,5,171.2,15.116666666666667,4,0.0,0.0,0,user_0028,0
label_chat_00143,chat_00143,user_0029,default,manual,default_v3,0.209,1774050415000,5,37.6,0,2,1774049700000.0,1774050405000.0,5,134.8,11.75,4,0.0,0.4,0,user_0029,0
label_chat_00144,chat_00144,user_0029,default,manual,default_v3,0.232,1774419573000,3,40.66666666666666,1,2,1774419120000.0,1774419563000.0,3,182.33333333333331,7.383333333333334,2,0.3333333333333333,0.6666666666666666,0,user_0029,0
label_chat_00145,chat_00145,user_0029,default,manual,default_v3,0.193,1774781337000,4,46.25,1,2,1774780500000.0,1774781326000.0,4,179.0,13.766666666666667,3,0.25,0.5,0,user_0029,0
label_chat_00146,chat_00146,user_0029,default,manual,default_v3,0.318,1775236992000,5,38.0,1,4,1775236200000.0,1775236974000.0,5,175.2,12.9,4,0.2,0.8,0,user_0029,0
label_chat_00147,chat_00147,user_0029,default,manual,default_v3,0.197,1775503509000,5,36.6,0,1,1775502720000.0,1775503495000.0,5,150.8,12.916666666666666,4,0.0,0.2,0,user_0029,0
label_chat_00148,chat_00148,user_0030,default,manual,default_v3,0.226,1768002044000,3,40.333333333333336,0,1,1768001580000.0,1768002032000.0,3,187.0,7.533333333333333,2,0.0,0.3333333333333333,0,user_0030,0
label_chat_00149,chat_00149,user_0030,default,manual,default_v3,0.252,1768199746000,3,43.333333333333336,0,1,1768199220000.0,1768199729000.0,3,156.0,8.483333333333333,2,0.0,0.3333333333333333,0,user_0030,0
label_chat_00150,chat_00150,user_0030,default,manual,default_v3,0.164,1768635042000,3,39.66666666666666,0,1,1768634580000.0,1768635029000.0,3,145.0,7.483333333333333,2,0.0,0.3333333333333333,0,user_0030,0
label_chat_00151,chat_00151,user_0030,default,manual,default_v3,0.259,1768822149000,5,40.4,0,1,1768821300000.0,1768822134000.0,5,161.6,13.9,4,0.0,0.2,0,user_0030,0
label_chat_00152,chat_00152,user_0030,default,manual,default_v3,0.304,1769261586000,4,42.0,0,1,1769261040000.0,1769261571000.0,4,152.25,8.85,3,0.0,0.25,0,user_0030,0
label_chat_00153,chat_00153,user_0030,default,manual,default_v3,0.221,1769445965000,4,36.75,1,2,1769445720000.0,1769445955000.0,4,180.5,3.9166666666666665,3,0.25,0.5,0,user_0030,0
label_chat_00154,chat_00154,user_0031,art,manual,art_v3,0.655,1773166726000,3,44.0,2,0,1773166320000.0,1773166712000.0,3,139.66666666666666,6.533333333333333,2,0.6666666666666666,0.0,1,user_0031,0
label_chat_00155,chat_00155,user_0031,art,manual,art_v3,0.844,1773537965000,5,46.6,6,0,1773537480000.0,1773537953000.0,5,138.6,7.883333333333334,4,1.2,0.0,1,user_0031,0
label_chat_00156,chat_00156,user_0031,art,manual,art_v3,0.66,1773627662000,4,42.75,3,0,1773627060000.0,1773627645000.0,4,165.25,9.75,3,0.75,0.0,1,user_0031,0
label_chat_00157,chat_00157,user_0031,default,manual,default_v3,0.294,1773729666000,4,36.25,1,0,1773729180000.0,1773729649000.0,4,167.0,7.816666666666666,3,0.25,0.0,0,user_0031,0
label_chat_00158,chat_00158,user_0032,default,manual,default_v3,0.275,1767648730000,4,36.25,0,0,1767648120000.0,1767648715000.0,4,134.5,9.916666666666666,3,0.0,0.0,0,user_0032,0
label_chat_00159,chat_00159,user_0032,default,manual,default_v3,0.269,1768008896000,4,41.5,2,0,1768008240000.0,1768008880000.0,4,177.25,10.666666666666666,3,0.5,0.0,0,user_0032,0
label_chat_00160,chat_00160,user_0032,default,manual,default_v3,0.229,1768195688000,4,42.0,0,0,1768195140000.0,1768195670000.0,4,181.0,8.833333333333334,3,0.0,0.0,0,user_0032,0
label_chat_00161,chat_00161,user_0032,default,manual,default_v3,0.269,1768290353000,4,41.0,0,0,1768289700000.0,1768290340000.0,4,198.25,10.666666666666666,3,0.0,0.0,0,user_0032,0
label_chat_00162,chat_00162,user_0032,default,manual,default_v3,0.242,1768735539000,3,40.333333333333336,0,0,1768735020000.0,1768735528000.0,3,191.33333333333331,8.466666666666667,2,0.0,0.0,0,user_0032,0
label_chat_00163,chat_00163,user_0032,default,manual,default_v3,0.161,1769009990000,3,46.66666666666666,0,0,1769009700000.0,1769009973000.0,3,192.66666666666663,4.55,2,0.0,0.0,0,user_0032,0
label_chat_00164,chat_00164,user_0033,default,manual,default_v3,0.198,1769369342000,4,41.25,0,0,1769368560000.0,1769369331000.0,4,187.75,12.85,3,0.0,0.0,0,user_0033,0
label_chat_00165,chat_00165,user_0033,default,manual,default_v3,0.162,1769640649000,4,39.5,1,0,1769639940000.0,1769640639000.0,4,158.5,11.65,3,0.25,0.0,0,user_0033,0
label_chat_00166,chat_00166,user_0033,default,manual,default_v3,0.288,1769999630000,4,41.0,0,0,1769998920000.0,1769999620000.0,4,197.5,11.666666666666666,3,0.0,0.0,0,user_0033,0
label_chat_00167,chat_00167,user_0033,default,manual,default_v3,0.187,1770352904000,3,39.66666666666666,0,0,1770352560000.0,1770352887000.0,3,214.0,5.45,2,0.0,0.0,0,user_0033,0
label_chat_00168,chat_00168,user_0033,default,manual,default_v3,0.23,1770538993000,5,39.2,0,0,1770538140000.0,1770538982000.0,5,178.4,14.033333333333331,4,0.0,0.0,0,user_0033,0
label_chat_00169,chat_00169,user_0033,default,manual,default_v3,0.296,1770907394000,5,41.6,1,0,1770906540000.0,1770907376000.0,5,197.6,13.933333333333334,4,0.2,0.0,0,user_0033,0
label_chat_00170,chat_00170,user_0034,default,manual,default_v3,0.278,1773776994000,3,39.66666666666666,0,0,1773776640000.0,1773776976000.0,3,171.0,5.6,2,0.0,0.0,0,user_0034,0
label_chat_00171,chat_00171,user_0034,default,manual,default_v3,0.296,1774136291000,5,40.6,0,0,1774135440000.0,1774136281000.0,5,148.2,14.016666666666667,4,0.0,0.0,0,user_0034,0
label_chat_00172,chat_00172,user_0034,default,manual,default_v3,0.182,1774408904000,3,44.333333333333336,0,0,1774408500000.0,1774408892000.0,3,142.33333333333334,6.533333333333333,2,0.0,0.0,0,user_0034,0
label_chat_00173,chat_00173,user_0034,default,manual,default_v3,0.164,1774868241000,5,34.2,1,0,1774867380000.0,1774868224000.0,5,152.8,14.066666666666666,4,0.2,0.0,0,user_0034,0
label_chat_00174,chat_00174,user_0034,default,manual,default_v3,0.237,1775060112000,5,36.6,0,0,1775059500000.0,1775060099000.0,5,152.2,9.983333333333333,4,0.0,0.0,0,user_0034,0
label_chat_00175,chat_00175,user_0034,default,manual,default_v3,0.253,1775162160000,4,40.0,0,0,1775161620000.0,1775162146000.0,4,155.25,8.766666666666667,3,0.0,0.0,0,user_0034,0
label_chat_00176,chat_00176,user_0035,default,manual,default_v3,0.212,1774039634000,5,38.8,1,3,1774038900000.0,1774039622000.0,5,188.8,12.033333333333331,4,0.2,0.6,0,user_0035,0
label_chat_00177,chat_00177,user_0035,default,manual,default_v3,0.219,1774308288000,3,40.333333333333336,2,1,1774307880000.0,1774308270000.0,3,153.33333333333334,6.5,2,0.6666666666666666,0.3333333333333333,0,user_0035,0
label_chat_00178,chat_00178,user_0035,default,manual,default_v3,0.367,1774744725000,3,40.333333333333336,2,1,1774744320000.0,1774744713000.0,3,146.33333333333334,6.55,2,0.6666666666666666,0.3333333333333333,0,user_0035,0
label_chat_00179,chat_00179,user_0035,default,manual,default_v3,0.172,1774924695000,5,37.8,0,0,1774924260000.0,1774924682000.0,5,158.6,7.033333333333333,4,0.0,0.0,0,user_0035,0
label_chat_00180,chat_00180,user_0035,default,manual,default_v3,0.305,1775203777000,3,41.66666666666666,1,1,1775203200000.0,1775203764000.0,3,204.66666666666663,9.4,2,0.3333333333333333,0.3333333333333333,0,user_0035,0
label_chat_00181,chat_00181,user_0035,default,manual,default_v3,0.278,1775567635000,4,38.5,0,2,1775567100000.0,1775567621000.0,4,187.75,8.683333333333334,3,0.0,0.5,0,user_0035,0
label_chat_00182,chat_00182,user_0036,default,manual,default_v3,0.29,1770933602000,4,38.5,1,0,1770932700000.0,1770933592000.0,4,132.25,14.866666666666667,3,0.25,0.0,0,user_0036,0
label_chat_00183,chat_00183,user_0036,default,manual,default_v3,0.237,1771112839000,5,38.2,2,2,1771111800000.0,1771112826000.0,5,158.8,17.1,4,0.4,0.4,0,user_0036,0
label_chat_00184,chat_00184,user_0036,default,manual,default_v3,0.237,1771302694000,3,42.333333333333336,1,1,1771302300000.0,1771302683000.0,3,160.33333333333334,6.383333333333334,2,0.3333333333333333,0.3333333333333333,0,user_0036,0
label_chat_00185,chat_00185,user_0036,default,manual,default_v3,0.305,1771667150000,3,41.66666666666666,0,2,1771666680000.0,1771667134000.0,3,175.0,7.566666666666666,2,0.0,0.6666666666666666,0,user_0036,0
label_chat_00186,chat_00186,user_0036,default,manual,default_v3,0.169,1771845923000,5,35.6,0,1,1771845240000.0,1771845910000.0,5,159.2,11.166666666666666,4,0.0,0.2,0,user_0036,0
label_chat_00187,chat_00187,user_0036,default,manual,default_v3,0.26,1771941244000,4,40.0,0,0,1771940700000.0,1771941228000.0,4,184.0,8.8,3,0.0,0.0,0,user_0036,0
label_chat_00188,chat_00188,user_0037,default,manual,default_v3,0.313,1772313769000,3,36.333333333333336,0,0,1772313180000.0,1772313758000.0,3,177.66666666666666,9.633333333333333,2,0.0,0.0,0,user_0037,0
label_chat_00189,chat_00189,user_0037,default,manual,default_v3,0.203,1772425683000,4,35.0,0,0,1772425200000.0,1772425665000.0,4,179.5,7.75,3,0.0,0.0,0,user_0037,0
label_chat_00190,chat_00190,user_0037,default,manual,default_v3,0.214,1772781074000,5,32.0,1,0,1772780460000.0,1772781057000.0,5,134.0,9.95,4,0.2,0.0,0,user_0037,0
label_chat_00191,chat_00191,user_0037,default,manual,default_v3,0.279,1772973475000,3,36.333333333333336,0,0,1772973120000.0,1772973457000.0,3,206.33333333333331,5.616666666666666,2,0.0,0.0,0,user_0037,0
label_chat_00192,chat_00192,user_0037,default,manual,default_v3,0.264,1773246773000,4,30.0,1,0,1773246000000.0,1773246756000.0,4,170.5,12.6,3,0.25,0.0,0,user_0037,0
label_chat_00193,chat_00193,user_0038,default,manual,default_v3,0.306,1774822978000,4,39.0,1,0,1774822320000.0,1774822968000.0,4,159.25,10.8,3,0.25,0.0,0,user_0038,0
label_chat_00194,chat_00194,user_0038,default,manual,default_v3,0.235,1775176302000,3,44.66666666666666,2,0,1775175660000.0,1775176284000.0,3,171.66666666666666,10.4,2,0.6666666666666666,0.0,0,user_0038,0
label_chat_00195,chat_00195,user_0038,default,manual,default_v3,0.267,1775441084000,3,42.0,0,0,1775440920000.0,1775441067000.0,3,208.33333333333331,2.45,2,0.0,0.0,0,user_0038,0
label_chat_00196,chat_00196,user_0038,default,manual,default_v3,0.24,1775553341000,3,43.0,1,0,1775552940000.0,1775553328000.0,3,157.0,6.466666666666667,2,0.3333333333333333,0.0,0,user_0038,0
label_chat_00197,chat_00197,user_0038,default,manual,default_v3,0.201,1775994943000,3,38.333333333333336,0,0,1775994300000.0,1775994931000.0,3,120.66666666666669,10.516666666666667,2,0.0,0.0,0,user_0038,0
label_chat_00198,chat_00198,user_0038,default,manual,default_v3,0.18,1776435417000,4,44.0,0,0,1776434580000.0,1776435405000.0,4,145.5,13.75,3,0.0,0.0,0,user_0038,0
label_chat_00199,chat_00199,user_0039,default,manual,default_v3,0.281,1767570279000,3,43.0,0,0,1767569700000.0,1767570267000.0,3,227.0,9.45,2,0.0,0.0,0,user_0039,0
label_chat_00200,chat_00200,user_0039,default,manual,default_v3,0.226,1767671657000,5,40.4,0,0,1767670800000.0,1767671647000.0,5,139.6,14.116666666666667,4,0.0,0.0,0,user_0039,0
label_chat_00201,chat_00201,user_0039,default,manual,default_v3,0.142,1767852648000,3,36.333333333333336,0,0,1767852300000.0,1767852637000.0,3,138.0,5.616666666666666,2,0.0,0.0,0,user_0039,0
label_chat_00202,chat_00202,user_0039,default,manual,default_v3,0.272,1768046805000,3,37.0,0,0,1768046520000.0,1768046793000.0,3,169.0,4.55,2,0.0,0.0,0,user_0039,0
label_chat_00203,chat_00203,user_0039,default,manual,default_v3,0.155,1768141622000,4,39.0,0,0,1768140840000.0,1768141609000.0,4,187.5,12.816666666666666,3,0.0,0.0,0,user_0039,0
label_chat_00204,chat_00204,user_0039,default,manual,default_v3,0.245,1768405660000,3,43.0,0,0,1768405200000.0,1768405647000.0,3,170.0,7.45,2,0.0,0.0,0,user_0039,0
label_chat_00205,chat_00205,user_0040,default,manual,default_v3,0.306,1768088389000,3,26.666666666666668,1,0,1768087980000.0,1768088374000.0,3,176.66666666666666,6.566666666666666,2,0.3333333333333333,0.0,0,user_0040,0
label_chat_00206,chat_00206,user_0040,default,manual,default_v3,0.313,1768458482000,5,31.8,1,0,1768457580000.0,1768458472000.0,5,132.0,14.866666666666667,4,0.2,0.0,0,user_0040,0
label_chat_00207,chat_00207,user_0040,default,manual,default_v3,0.162,1768732986000,4,33.0,0,0,1768732560000.0,1768732976000.0,4,181.0,6.933333333333334,3,0.0,0.0,0,user_0040,0
label_chat_00208,chat_00208,user_0040,default,manual,default_v3,0.246,1769168277000,4,29.75,0,0,1769167800000.0,1769168262000.0,4,173.0,7.7,3,0.0,0.0,0,user_0040,0
label_chat_00209,chat_00209,user_0040,default,manual,default_v3,0.266,1769348036000,4,28.5,0,0,1769347500000.0,1769348024000.0,4,160.0,8.733333333333333,3,0.0,0.0,0,user_0040,0
label_chat_00210,chat_00210,user_0040,default,manual,default_v3,0.212,1769614933000,5,30.4,1,0,1769613960000.0,1769614917000.0,5,203.6,15.95,4,0.2,0.0,0,user_0040,0
label_chat_00211,chat_00211,user_0041,art,manual,art_v3,0.77,1768159726000,3,44.66666666666666,3,0,1768159260000.0,1768159708000.0,3,199.0,7.466666666666667,2,1.0,0.0,1,user_0041,0
label_chat_00212,chat_00212,user_0041,art,manual,art_v3,0.886,1768532164000,4,38.0,4,0,1768531500000.0,1768532149000.0,4,192.5,10.816666666666666,3,1.0,0.0,1,user_0041,0
label_chat_00213,chat_00213,user_0041,art,manual,art_v3,0.764,1768810439000,4,39.75,4,0,1768809900000.0,1768810424000.0,4,174.75,8.733333333333333,3,1.0,0.0,1,user_0041,0
label_chat_00214,chat_00214,user_0041,art,manual,art_v3,0.657,1769005192000,3,39.333333333333336,2,0,1769004900000.0,1769005174000.0,3,173.33333333333334,4.566666666666666,2,0.6666666666666666,0.0,1,user_0041,0
label_chat_00215,chat_00215,user_0041,default,manual,default_v3,0.29,1769451577000,3,41.0,0,0,1769451180000.0,1769451564000.0,3,164.66666666666666,6.4,2,0.0,0.0,0,user_0041,0
label_chat_00216,chat_00216,user_0041,art,manual,art_v3,0.789,1769904887000,3,41.0,4,0,1769904240000.0,1769904876000.0,3,151.66666666666666,10.6,2,1.3333333333333333,0.0,1,user_0041,0
label_chat_00217,chat_00217,user_0042,default,manual,default_v3,0.188,1769723154000,3,32.333333333333336,1,0,1769722560000.0,1769723136000.0,3,181.66666666666663,9.6,2,0.3333333333333333,0.0,0,user_0042,0
label_chat_00218,chat_00218,user_0042,default,manual,default_v3,0.219,1770158452000,4,34.25,0,0,1770157980000.0,1770158439000.0,4,177.25,7.65,3,0.0,0.0,0,user_0042,0
label_chat_00219,chat_00219,user_0042,default,manual,default_v3,0.291,1770355862000,4,34.75,0,0,1770355260000.0,1770355849000.0,4,230.75,9.816666666666666,3,0.0,0.0,0,user_0042,0
label_chat_00220,chat_00220,user_0042,art,manual,art_v3,0.8,1770791747000,3,32.666666666666664,4,0,1770791340000.0,1770791733000.0,3,210.0,6.55,2,1.3333333333333333,0.0,1,user_0042,0
label_chat_00221,chat_00221,user_0042,art,manual,art_v3,0.765,1771161173000,3,31.33333333333333,3,0,1771160880000.0,1771161157000.0,3,207.0,4.616666666666666,2,1.0,0.0,1,user_0042,0
label_chat_00222,chat_00222,user_0042,art,manual,art_v3,0.652,1771259202000,3,29.0,2,0,1771258920000.0,1771259189000.0,3,237.0,4.483333333333333,2,0.6666666666666666,0.0,1,user_0042,0
label_chat_00223,chat_00223,user_0043,default,manual,default_v3,0.277,1770925200000,4,27.5,0,0,1770924360000.0,1770925186000.0,4,181.0,13.766666666666667,3,0.0,0.0,0,user_0043,0
label_chat_00224,chat_00224,user_0043,art,manual,art_v3,0.719,1771294958000,3,39.0,2,0,1771294560000.0,1771294947000.0,3,196.0,6.45,2,0.6666666666666666,0.0,1,user_0043,0
label_chat_00225,chat_00225,user_0043,art,manual,art_v3,0.775,1771644790000,4,32.0,4,0,1771644240000.0,1771644772000.0,4,165.75,8.866666666666667,3,1.0,0.0,1,user_0043,0
label_chat_00226,chat_00226,user_0043,default,manual,default_v3,0.268,1771752464000,3,36.333333333333336,2,0,1771751940000.0,1771752449000.0,3,203.33333333333331,8.483333333333333,2,0.6666666666666666,0.0,0,user_0043,0
label_chat_00227,chat_00227,user_0043,art,manual,art_v3,0.725,1771947165000,3,35.333333333333336,2,0,1771946640000.0,1771947155000.0,3,176.0,8.583333333333334,2,0.6666666666666666,0.0,1,user_0043,0
label_chat_00228,chat_00228,user_0044,default,manual,default_v3,0.168,1770669259000,5,38.6,1,1,1770668340000.0,1770669248000.0,5,174.8,15.133333333333333,4,0.2,0.2,0,user_0044,0
label_chat_00229,chat_00229,user_0044,art,manual,art_v3,0.698,1771105626000,4,43.0,3,1,1771105020000.0,1771105610000.0,4,205.5,9.833333333333334,3,0.75,0.25,1,user_0044,0
label_chat_00230,chat_00230,user_0044,default,manual,default_v3,0.301,1771291028000,5,40.8,0,3,1771290420000.0,1771291010000.0,5,167.6,9.833333333333334,4,0.0,0.6,0,user_0044,0
label_chat_00231,chat_00231,user_0044,art,manual,art_v3,0.768,1771642200000,4,44.25,3,0,1771641660000.0,1771642186000.0,4,161.75,8.766666666666667,3,0.75,0.0,1,user_0044,0
label_chat_00232,chat_00232,user_0045,art,manual,art_v3,0.694,1768426839000,3,43.0,2,3,1768426440000.0,1768426826000.0,3,198.0,6.433333333333334,2,0.6666666666666666,1.0,1,user_0045,0
label_chat_00233,chat_00233,user_0045,default,manual,default_v3,0.358,1768876264000,5,38.0,4,1,1768875120000.0,1768876254000.0,5,165.2,18.9,4,0.8,0.2,0,user_0045,0
label_chat_00234,chat_00234,user_0045,default,manual,default_v3,0.286,1768967286000,5,39.6,0,1,1768966500000.0,1768967268000.0,5,158.4,12.8,4,0.0,0.2,0,user_0045,0
label_chat_00235,chat_00235,user_0045,art,manual,art_v3,0.765,1769153700000,5,37.0,5,2,1769153160000.0,1769153689000.0,5,177.6,8.816666666666666,4,1.0,0.4,1,user_0045,0
label_chat_00236,chat_00236,user_0046,art,manual,art_v3,0.735,1770677839000,5,39.4,6,1,1770676980000.0,1770677821000.0,5,167.8,14.016666666666667,4,1.2,0.2,1,user_0046,0
label_chat_00237,chat_00237,user_0046,art,manual,art_v3,0.723,1770851466000,4,39.25,4,1,1770850860000.0,1770851448000.0,4,179.0,9.8,3,1.0,0.25,1,user_0046,0
label_chat_00238,chat_00238,user_0046,default,manual,default_v3,0.311,1771121327000,3,40.333333333333336,1,1,1771120860000.0,1771121310000.0,3,190.33333333333331,7.5,2,0.3333333333333333,0.3333333333333333,0,user_0046,0
label_chat_00239,chat_00239,user_0046,art,manual,art_v3,0.818,1771481637000,4,42.25,3,1,1771480980000.0,1771481625000.0,4,183.0,10.75,3,0.75,0.25,1,user_0046,0
label_chat_00240,chat_00240,user_0046,default,manual,default_v3,0.336,1771580647000,5,39.8,3,0,1771580040000.0,1771580634000.0,5,183.2,9.9,4,0.6,0.0,0,user_0046,0
label_chat_00241,chat_00241,user_0046,art,manual,art_v3,0.846,1771939686000,5,37.4,7,3,1771938960000.0,1771939674000.0,5,190.0,11.9,4,1.4,0.6,1,user_0046,0
label_chat_00242,chat_00242,user_0047,default,manual,default_v3,0.265,1770939557000,5,36.4,1,0,1770938640000.0,1770939539000.0,5,189.0,14.983333333333333,4,0.2,0.0,0,user_0047,0
label_chat_00243,chat_00243,user_0047,default,manual,default_v3,0.19,1771032962000,4,36.75,0,0,1771032420000.0,1771032945000.0,4,152.75,8.75,3,0.0,0.0,0,user_0047,0
label_chat_00244,chat_00244,user_0047,default,manual,default_v3,0.249,1771314410000,3,42.0,1,0,1771313940000.0,1771314398000.0,3,142.0,7.633333333333334,2,0.3333333333333333,0.0,0,user_0047,0
label_chat_00245,chat_00245,user_0047,art,manual,art_v3,0.806,1771593788000,5,36.0,3,0,1771593240000.0,1771593772000.0,5,109.2,8.866666666666667,4,0.6,0.0,1,user_0047,0
label_chat_00246,chat_00246,user_0047,default,manual,default_v3,0.19,1771874694000,3,37.66666666666666,0,0,1771874520000.0,1771874679000.0,3,191.33333333333331,2.65,2,0.0,0.0,0,user_0047,0
label_chat_00247,chat_00247,user_0047,default,manual,default_v3,0.228,1772069335000,4,39.25,0,0,1772068980000.0,1772069317000.0,4,172.5,5.616666666666666,3,0.0,0.0,0,user_0047,0
label_chat_00248,chat_00248,user_0048,default,manual,default_v3,0.356,1768249033000,5,39.0,1,0,1768248300000.0,1768249016000.0,5,182.6,11.933333333333334,4,0.2,0.0,0,user_0048,0
label_chat_00249,chat_00249,user_0048,default,manual,default_v3,0.362,1768436825000,5,37.0,1,0,1768435980000.0,1768436808000.0,5,207.6,13.8,4,0.2,0.0,0,user_0048,0
label_chat_00250,chat_00250,user_0048,default,manual,default_v3,0.439,1768872112000,3,36.0,3,0,1768871940000.0,1768872094000.0,3,145.33333333333334,2.566666666666667,2,1.0,0.0,0,user_0048,0
label_chat_00251,chat_00251,user_0048,default,manual,default_v3,0.395,1769222353000,5,37.8,1,0,1769221440000.0,1769222338000.0,5,179.0,14.966666666666669,4,0.2,0.0,0,user_0048,0
label_chat_00252,chat_00252,user_0048,default,manual,default_v3,0.379,1769665243000,3,41.333333333333336,0,0,1769664660000.0,1769665231000.0,3,219.66666666666663,9.516666666666667,2,0.0,0.0,0,user_0048,0
label_chat_00253,chat_00253,user_0048,default,manual,default_v3,0.436,1769759482000,5,38.6,3,0,1769758740000.0,1769759470000.0,5,159.4,12.166666666666666,4,0.6,0.0,0,user_0048,0
label_chat_00254,chat_00254,user_0049,art,manual,art_v3,0.709,1773004362000,3,35.0,3,0,1773004020000.0,1773004350000.0,3,184.0,5.5,2,1.0,0.0,1,user_0049,0
label_chat_00255,chat_00255,user_0049,art,manual,art_v3,0.828,1773290393000,3,33.666666666666664,4,0,1773290040000.0,1773290375000.0,3,163.33333333333334,5.583333333333333,2,1.3333333333333333,0.0,1,user_0049,0
label_chat_00256,chat_00256,user_0049,art,manual,art_v3,0.674,1773387589000,3,28.666666666666668,2,0,1773387120000.0,1773387579000.0,3,192.66666666666663,7.65,2,0.6666666666666666,0.0,1,user_0049,0
label_chat_00257,chat_00257,user_0049,art,manual,art_v3,0.777,1773479591000,5,31.4,4,0,1773478980000.0,1773479578000.0,5,174.4,9.966666666666669,4,0.8,0.0,1,user_0049,0
label_chat_00258,chat_00258,user_0049,art,manual,art_v3,0.829,1773585192000,5,34.8,4,0,1773584340000.0,1773585182000.0,5,152.8,14.033333333333331,4,0.8,0.0,1,user_0049,0
label_chat_00259,chat_00259,user_0050,art,manual,art_v3,0.835,1774300984000,4,33.25,4,0,1774300260000.0,1774300966000.0,4,184.5,11.766666666666667,3,1.0,0.0,1,user_0050,0
label_chat_00260,chat_00260,user_0050,art,manual,art_v3,0.762,1774670921000,3,27.666666666666668,3,0,1774670400000.0,1774670910000.0,3,198.33333333333331,8.5,2,1.0,0.0,1,user_0050,0
label_chat_00261,chat_00261,user_0050,art,manual,art_v3,0.642,1774765070000,3,35.333333333333336,3,0,1774764660000.0,1774765055000.0,3,164.33333333333334,6.583333333333333,2,1.0,0.0,1,user_0050,0
label_chat_00262,chat_00262,user_0050,art,manual,art_v3,0.649,1775028407000,3,38.0,3,0,1775028120000.0,1775028395000.0,3,171.66666666666666,4.583333333333333,2,1.0,0.0,1,user_0050,0
label_chat_00263,chat_00263,user_0051,default,manual,default_v3,0.257,1769207752000,4,40.0,2,0,1769207220000.0,1769207737000.0,4,185.75,8.616666666666667,3,0.5,0.0,0,user_0051,0
label_chat_00264,chat_00264,user_0051,default,manual,default_v3,0.268,1769656992000,5,36.2,1,0,1769656500000.0,1769656978000.0,5,160.6,7.966666666666667,4,0.2,0.0,0,user_0051,0
label_chat_00265,chat_00265,user_0051,default,manual,default_v3,0.197,1769935566000,5,38.6,0,0,1769934660000.0,1769935552000.0,5,153.0,14.866666666666667,4,0.0,0.0,0,user_0051,0
label_chat_00266,chat_00266,user_0051,default,manual,default_v3,0.183,1770372641000,3,43.333333333333336,1,0,1770372300000.0,1770372628000.0,3,208.33333333333331,5.466666666666667,2,0.3333333333333333,0.0,0,user_0051,0
label_chat_00267,chat_00267,user_0051,default,manual,default_v3,0.236,1770567478000,4,41.5,2,0,1770566880000.0,1770567460000.0,4,154.5,9.666666666666666,3,0.5,0.0,0,user_0051,0
label_chat_00268,chat_00268,user_0051,default,manual,default_v3,0.208,1770761633000,3,36.333333333333336,1,0,1770761400000.0,1770761615000.0,3,194.33333333333331,3.583333333333333,2,0.3333333333333333,0.0,0,user_0051,0
label_chat_00269,chat_00269,user_0052,default,manual,default_v3,0.36,1769902805000,4,40.5,1,0,1769902260000.0,1769902793000.0,4,163.5,8.883333333333333,3,0.25,0.0,0,user_0052,0
label_chat_00270,chat_00270,user_0052,default,manual,default_v3,0.363,1770079968000,3,44.333333333333336,1,0,1770079440000.0,1770079951000.0,3,212.33333333333331,8.516666666666667,2,0.3333333333333333,0.0,0,user_0052,0
label_chat_00271,chat_00271,user_0052,default,manual,default_v3,0.321,1770528051000,4,37.75,4,0,1770527640000.0,1770528039000.0,4,132.0,6.65,3,1.0,0.0,0,user_0052,0
label_chat_00272,chat_00272,user_0052,default,manual,default_v3,0.37,1770888522000,3,38.333333333333336,4,0,1770888240000.0,1770888510000.0,3,208.66666666666663,4.5,2,1.3333333333333333,0.0,0,user_0052,0
label_chat_00273,chat_00273,user_0053,art,manual,art_v3,0.851,1769463829000,4,41.25,6,0,1769463300000.0,1769463818000.0,4,192.75,8.633333333333333,3,1.5,0.0,1,user_0053,0
label_chat_00274,chat_00274,user_0053,default,manual,default_v3,0.19,1769909471000,5,43.6,0,0,1769908740000.0,1769909455000.0,5,204.2,11.916666666666666,4,0.0,0.0,0,user_0053,0
label_chat_00275,chat_00275,user_0053,art,manual,art_v3,0.739,1770017807000,3,38.66666666666666,2,0,1770017340000.0,1770017789000.0,3,132.0,7.483333333333333,2,0.6666666666666666,0.0,1,user_0053,0
label_chat_00276,chat_00276,user_0053,art,manual,art_v3,0.681,1770287204000,3,47.66666666666666,3,1,1770286560000.0,1770287187000.0,3,168.33333333333334,10.45,2,1.0,0.3333333333333333,1,user_0053,0
label_chat_00277,chat_00277,user_0053,default,manual,default_v3,0.258,1770551643000,4,37.0,1,0,1770550920000.0,1770551626000.0,4,161.5,11.766666666666667,3,0.25,0.0,0,user_0053,0
label_chat_00278,chat_00278,user_0053,default,manual,default_v3,0.297,1770652004000,3,34.666666666666664,1,0,1770651780000.0,1770651990000.0,3,205.33333333333331,3.5,2,0.3333333333333333,0.0,0,user_0053,0
label_chat_00279,chat_00279,user_0054,default,manual,default_v3,0.387,1771967631000,4,40.5,2,0,1771967100000.0,1771967619000.0,4,228.25,8.65,3,0.5,0.0,0,user_0054,0
label_chat_00280,chat_00280,user_0054,default,manual,default_v3,0.376,1772151784000,5,45.2,0,0,1772151180000.0,1772151772000.0,5,178.6,9.866666666666667,4,0.0,0.0,0,user_0054,0
label_chat_00281,chat_00281,user_0054,default,manual,default_v3,0.439,1772340239000,4,44.75,3,0,1772339640000.0,1772340222000.0,4,219.75,9.7,3,0.75,0.0,0,user_0054,0
label_chat_00282,chat_00282,user_0054,default,manual,default_v3,0.325,1772710851000,4,37.75,3,0,1772710260000.0,1772710834000.0,4,169.0,9.566666666666666,3,0.75,0.0,0,user_0054,0
label_chat_00283,chat_00283,user_0054,default,manual,default_v3,0.351,1772801289000,5,42.0,0,0,1772800440000.0,1772801273000.0,5,187.8,13.883333333333333,4,0.0,0.0,0,user_0054,0
label_chat_00284,chat_00284,user_0055,art,manual,art_v3,0.734,1771180983000,5,33.8,4,4,1771180140000.0,1771180971000.0,5,189.0,13.85,4,0.8,0.8,1,user_0055,0
label_chat_00285,chat_00285,user_0055,art,manual,art_v3,0.886,1771449601000,5,41.0,6,2,1771448760000.0,1771449590000.0,5,212.6,13.833333333333334,4,1.2,0.4,1,user_0055,0
label_chat_00286,chat_00286,user_0055,default,manual,default_v3,0.169,1771735855000,4,39.25,0,3,1771735500000.0,1771735839000.0,4,153.0,5.65,3,0.0,0.75,0,user_0055,0
label_chat_00287,chat_00287,user_0055,art,manual,art_v3,0.797,1771838296000,5,38.2,5,2,1771837620000.0,1771838281000.0,5,201.6,11.016666666666667,4,1.0,0.4,1,user_0055,0
label_chat_00288,chat_00288,user_0055,default,manual,default_v3,0.278,1772030815000,3,42.0,0,1,1772030640000.0,1772030797000.0,3,191.66666666666663,2.6166666666666667,2,0.0,0.3333333333333333,0,user_0055,0
label_chat_00289,chat_00289,user_0055,art,manual,art_v3,0.783,1772127241000,4,44.75,4,2,1772126640000.0,1772127223000.0,4,141.75,9.716666666666669,3,1.0,0.5,1,user_0055,0
label_chat_00290,chat_00290,user_0056,default,manual,default_v3,0.277,1771015157000,5,36.8,0,0,1771014360000.0,1771015141000.0,5,208.2,13.016666666666667,4,0.0,0.0,0,user_0056,0
label_chat_00291,chat_00291,user_0056,default,manual,default_v3,0.325,1771383186000,5,38.0,2,0,1771382280000.0,1771383174000.0,5,163.0,14.9,4,0.4,0.0,0,user_0056,0
label_chat_00292,chat_00292,user_0056,default,manual,default_v3,0.258,1771662116000,4,39.5,0,0,1771661700000.0,1771662099000.0,4,163.5,6.65,3,0.0,0.0,0,user_0056,0
label_chat_00293,chat_00293,user_0056,default,manual,default_v3,0.167,1772019706000,3,34.666666666666664,0,0,1772019180000.0,1772019696000.0,3,132.0,8.6,2,0.0,0.0,0,user_0056,0
label_chat_00294,chat_00294,user_0057,default,manual,default_v3,0.262,1770403085000,5,36.8,1,0,1770402360000.0,1770403072000.0,5,154.2,11.866666666666667,4,0.2,0.0,0,user_0057,0
label_chat_00295,chat_00295,user_0057,default,manual,default_v3,0.17,1770860020000,3,44.66666666666666,1,0,1770859380000.0,1770860004000.0,3,141.66666666666666,10.4,2,0.3333333333333333,0.0,0,user_0057,0
label_chat_00296,chat_00296,user_0057,default,manual,default_v3,0.194,1771039042000,5,38.0,1,0,1771038180000.0,1771039028000.0,5,175.0,14.133333333333333,4,0.2,0.0,0,user_0057,0
label_chat_00297,chat_00297,user_0057,default,manual,default_v3,0.21,1771233039000,3,42.66666666666666,0,0,1771232520000.0,1771233025000.0,3,176.0,8.416666666666666,2,0.0,0.0,0,user_0057,0
label_chat_00298,chat_00298,user_0057,default,manual,default_v3,0.17,1771680539000,4,38.0,0,0,1771679820000.0,1771680529000.0,4,203.0,11.816666666666666,3,0.0,0.0,0,user_0057,0
label_chat_00299,chat_00299,user_0058,default,manual,default_v3,0.195,1772312931000,3,36.333333333333336,0,3,1772312700000.0,1772312916000.0,3,215.0,3.6,2,0.0,1.0,0,user_0058,0
label_chat_00300,chat_00300,user_0058,default,manual,default_v3,0.234,1772583178000,4,39.25,1,3,1772582580000.0,1772583167000.0,4,172.5,9.783333333333331,3,0.25,0.75,0,user_0058,0
label_chat_00301,chat_00301,user_0058,default,manual,default_v3,0.232,1772862127000,4,38.25,0,2,1772861460000.0,1772862111000.0,4,181.0,10.85,3,0.0,0.5,0,user_0058,0
label_chat_00302,chat_00302,user_0058,default,manual,default_v3,0.298,1773041820000,4,42.0,0,1,1773041160000.0,1773041802000.0,4,192.0,10.7,3,0.0,0.25,0,user_0058,0
label_chat_00303,chat_00303,user_0059,art,manual,art_v3,0.795,1767295516000,5,34.4,6,0,1767294600000.0,1767295499000.0,5,162.0,14.983333333333333,4,1.2,0.0,1,user_0059,0
label_chat_00304,chat_00304,user_0059,art,manual,art_v3,0.836,1767566653000,5,39.6,5,1,1767565800000.0,1767566641000.0,5,172.2,14.016666666666667,4,1.0,0.2,1,user_0059,0
label_chat_00305,chat_00305,user_0059,art,manual,art_v3,0.716,1767752696000,4,36.25,3,0,1767752160000.0,1767752682000.0,4,116.25,8.7,3,0.75,0.0,1,user_0059,0
label_chat_00306,chat_00306,user_0059,art,manual,art_v3,0.702,1767943310000,3,34.333333333333336,3,0,1767942960000.0,1767943293000.0,3,202.0,5.55,2,1.0,0.0,1,user_0059,0
label_chat_00307,chat_00307,user_0060,default,manual,default_v3,0.173,1767303409000,3,43.66666666666666,0,1,1767302940000.0,1767303399000.0,3,147.0,7.65,2,0.0,0.3333333333333333,0,user_0060,0
label_chat_00308,chat_00308,user_0060,default,manual,default_v3,0.291,1767497475000,5,39.4,0,1,1767496740000.0,1767497457000.0,5,170.6,11.95,4,0.0,0.2,0,user_0060,0
label_chat_00309,chat_00309,user_0060,default,manual,default_v3,0.268,1767595801000,4,39.75,1,0,1767595080000.0,1767595789000.0,4,191.0,11.816666666666666,3,0.25,0.0,0,user_0060,0
label_chat_00310,chat_00310,user_0060,default,manual,default_v3,0.255,1767868859000,4,42.0,0,1,1767868140000.0,1767868847000.0,4,147.0,11.783333333333331,3,0.0,0.25,0,user_0060,0
label_chat_00311,chat_00311,user_0060,default,manual,default_v3,0.298,1768130781000,5,40.2,1,2,1768129740000.0,1768130764000.0,5,164.2,17.066666666666666,4,0.2,0.4,0,user_0060,0
label_chat_00312,chat_00312,user_0060,default,manual,default_v3,0.242,1768483142000,4,38.5,1,2,1768482600000.0,1768483124000.0,4,170.5,8.733333333333333,3,0.25,0.5,0,user_0060,0
label_chat_00313,chat_00313,user_0061,default,manual,default_v3,0.312,1768593662000,5,37.4,0,1,1768592400000.0,1768593651000.0,5,160.6,20.85,4,0.0,0.2,0,user_0061,0
label_chat_00314,chat_00314,user_0061,default,manual,default_v3,0.207,1768786142000,5,39.0,0,2,1768785240000.0,1768786132000.0,5,174.0,14.866666666666667,4,0.0,0.4,0,user_0061,0
label_chat_00315,chat_00315,user_0061,default,manual,default_v3,0.211,1769055113000,3,34.333333333333336,0,2,1769054640000.0,1769055097000.0,3,175.0,7.616666666666666,2,0.0,0.6666666666666666,0,user_0061,0
label_chat_00316,chat_00316,user_0061,default,manual,default_v3,0.269,1769512914000,4,37.5,0,3,1769512140000.0,1769512901000.0,4,178.5,12.683333333333334,3,0.0,0.75,0,user_0061,0
label_chat_00317,chat_00317,user_0062,default,manual,default_v3,0.313,1771370328000,3,40.333333333333336,1,0,1771369860000.0,1771370310000.0,3,151.0,7.5,2,0.3333333333333333,0.0,0,user_0062,0
label_chat_00318,chat_00318,user_0062,default,manual,default_v3,0.246,1771822079000,4,44.5,1,0,1771821300000.0,1771822063000.0,4,165.25,12.716666666666669,3,0.25,0.0,0,user_0062,0
label_chat_00319,chat_00319,user_0062,default,manual,default_v3,0.383,1771912143000,4,34.0,2,0,1771911780000.0,1771912129000.0,4,210.75,5.816666666666666,3,0.5,0.0,0,user_0062,0
label_chat_00320,chat_00320,user_0062,default,manual,default_v3,0.286,1772358783000,4,44.0,1,0,1772358180000.0,1772358768000.0,4,207.75,9.8,3,0.25,0.0,0,user_0062,0
label_chat_00321,chat_00321,user_0062,default,manual,default_v3,0.361,1772721547000,5,38.2,1,0,1772720760000.0,1772721536000.0,5,195.8,12.933333333333334,4,0.2,0.0,0,user_0062,0
label_chat_00322,chat_00322,user_0062,default,manual,default_v3,0.38,1773001304000,3,44.333333333333336,2,0,1773000780000.0,1773001287000.0,3,213.33333333333331,8.45,2,0.6666666666666666,0.0,0,user_0062,0
label_chat_00323,chat_00323,user_0063,default,manual,default_v3,0.247,1770420610000,4,33.25,0,0,1770420120000.0,1770420593000.0,4,180.5,7.883333333333334,3,0.0,0.0,0,user_0063,0
label_chat_00324,chat_00324,user_0063,default,manual,default_v3,0.314,1770788400000,4,36.25,0,0,1770788100000.0,1770788384000.0,4,182.75,4.733333333333333,3,0.0,0.0,0,user_0063,0
label_chat_00325,chat_00325,user_0063,default,manual,default_v3,0.203,1770892205000,5,28.4,0,0,1770891540000.0,1770892194000.0,5,170.2,10.9,4,0.0,0.0,0,user_0063,0
label_chat_00326,chat_00326,user_0063,default,manual,default_v3,0.214,1771244523000,5,30.2,1,0,1771243740000.0,1771244512000.0,5,166.8,12.866666666666667,4,0.2,0.0,0,user_0063,0
label_chat_00327,chat_00327,user_0064,default,manual,default_v3,0.382,1769815042000,5,36.0,2,0,1769814180000.0,1769815028000.0,5,176.4,14.133333333333333,4,0.4,0.0,0,user_0064,0
label_chat_00328,chat_00328,user_0064,default,manual,default_v3,0.326,1770093981000,5,37.8,2,0,1770093060000.0,1770093964000.0,5,161.6,15.066666666666666,4,0.4,0.0,0,user_0064,0
label_chat_00329,chat_00329,user_0064,default,manual,default_v3,0.402,1770268185000,3,38.0,2,0,1770267780000.0,1770268174000.0,3,157.0,6.566666666666666,2,0.6666666666666666,0.0,0,user_0064,0
label_chat_00330,chat_00330,user_0064,default,manual,default_v3,0.348,1770363170000,4,44.25,2,0,1770362700000.0,1770363158000.0,4,212.25,7.633333333333334,3,0.5,0.0,0,user_0064,0
label_chat_00331,chat_00331,user_0064,default,manual,default_v3,0.293,1770815856000,3,46.0,0,0,1770815520000.0,1770815844000.0,3,141.0,5.4,2,0.0,0.0,0,user_0064,0
label_chat_00332,chat_00332,user_0064,default,manual,default_v3,0.287,1770993616000,5,37.8,1,0,1770992580000.0,1770993605000.0,5,181.6,17.083333333333332,4,0.2,0.0,0,user_0064,0
label_chat_00333,chat_00333,user_0065,default,manual,default_v3,0.197,1769210838000,5,43.6,1,0,1769209980000.0,1769210822000.0,5,150.6,14.033333333333331,4,0.2,0.0,0,user_0065,0
label_chat_00334,chat_00334,user_0065,default,manual,default_v3,0.22,1769387823000,4,39.0,0,0,1769387280000.0,1769387812000.0,4,204.5,8.866666666666667,3,0.0,0.0,0,user_0065,0
label_chat_00335,chat_00335,user_0065,default,manual,default_v3,0.244,1769826299000,4,40.0,0,0,1769825700000.0,1769826284000.0,4,168.0,9.733333333333333,3,0.0,0.0,0,user_0065,0
label_chat_00336,chat_00336,user_0065,default,manual,default_v3,0.207,1769937535000,4,36.5,1,0,1769936880000.0,1769937518000.0,4,200.0,10.633333333333333,3,0.25,0.0,0,user_0065,0
label_chat_00337,chat_00337,user_0065,default,manual,default_v3,0.14,1770206172000,5,38.6,0,0,1770205200000.0,1770206162000.0,5,168.4,16.033333333333335,4,0.0,0.0,0,user_0065,0
label_chat_00338,chat_00338,user_0066,art,manual,art_v3,0.691,1771017393000,3,33.0,3,0,1771016940000.0,1771017383000.0,3,167.0,7.383333333333334,2,1.0,0.0,1,user_0066,0
label_chat_00339,chat_00339,user_0066,art,manual,art_v3,0.753,1771214820000,4,29.5,3,0,1771214400000.0,1771214804000.0,4,135.25,6.733333333333333,3,0.75,0.0,1,user_0066,0
label_chat_00340,chat_00340,user_0066,art,manual,art_v3,0.808,1771656341000,3,36.0,4,0,1771655880000.0,1771656324000.0,3,125.0,7.4,2,1.3333333333333333,0.0,1,user_0066,0
label_chat_00341,chat_00341,user_0066,art,manual,art_v3,0.797,1772019239000,5,34.2,6,0,1772018520000.0,1772019229000.0,5,179.8,11.816666666666666,4,1.2,0.0,1,user_0066,0
label_chat_00342,chat_00342,user_0066,art,manual,art_v3,0.802,1772203596000,3,31.33333333333333,3,0,1772203140000.0,1772203584000.0,3,147.66666666666666,7.4,2,1.0,0.0,1,user_0066,0
label_chat_00343,chat_00343,user_0066,art,manual,art_v3,0.81,1772649882000,3,44.66666666666666,3,0,1772649420000.0,1772649868000.0,3,197.66666666666663,7.466666666666667,2,1.0,0.0,1,user_0066,0
label_chat_00344,chat_00344,user_0067,default,manual,default_v3,0.423,1771882130000,3,38.333333333333336,1,0,1771881720000.0,1771882112000.0,3,186.0,6.533333333333333,2,0.3333333333333333,0.0,0,user_0067,0
label_chat_00345,chat_00345,user_0067,art,manual,art_v3,0.725,1772079514000,3,43.66666666666666,4,1,1772079000000.0,1772079504000.0,3,161.33333333333334,8.4,2,1.3333333333333333,0.3333333333333333,1,user_0067,0
label_chat_00346,chat_00346,user_0067,art,manual,art_v3,0.783,1772536851000,3,40.0,2,0,1772536380000.0,1772536833000.0,3,166.66666666666666,7.55,2,0.6666666666666666,0.0,1,user_0067,0
label_chat_00347,chat_00347,user_0067,default,manual,default_v3,0.313,1772982582000,3,40.66666666666666,2,0,1772982240000.0,1772982569000.0,3,149.66666666666666,5.483333333333333,2,0.6666666666666666,0.0,0,user_0067,0
label_chat_00348,chat_00348,user_0067,art,manual,art_v3,0.884,1773250204000,4,40.75,5,0,1773249720000.0,1773250188000.0,4,140.0,7.8,3,1.25,0.0,1,user_0067,0
label_chat_00349,chat_00349,user_0068,default,manual,default_v3,0.256,1771267992000,5,40.2,0,0,1771267080000.0,1771267978000.0,5,194.8,14.966666666666669,4,0.0,0.0,0,user_0068,0
label_chat_00350,chat_00350,user_0068,default,manual,default_v3,0.219,1771622414000,5,39.2,1,0,1771621800000.0,1771622403000.0,5,174.8,10.05,4,0.2,0.0,0,user_0068,0
label_chat_00351,chat_00351,user_0068,art,manual,art_v3,0.845,1771721476000,5,41.4,4,0,1771720800000.0,1771721459000.0,5,193.6,10.983333333333333,4,0.8,0.0,1,user_0068,0
label_chat_00352,chat_00352,user_0068,default,manual,default_v3,0.313,1771913563000,3,41.333333333333336,0,0,1771913100000.0,1771913545000.0,3,197.33333333333331,7.416666666666667,2,0.0,0.0,0,user_0068,0
label_chat_00353,chat_00353,user_0068,art,manual,art_v3,0.835,1772112792000,5,37.2,6,0,1772112060000.0,1772112777000.0,5,153.6,11.95,4,1.2,0.0,1,user_0068,0
label_chat_00354,chat_00354,user_0069,art,manual,art_v3,0.914,1772562251000,5,40.4,9,0,1772561460000.0,1772562240000.0,5,170.2,13.0,4,1.8,0.0,1,user_0069,0
label_chat_00355,chat_00355,user_0069,art,manual,art_v3,0.901,1772757237000,5,37.4,6,0,1772756400000.0,1772757226000.0,5,173.0,13.766666666666667,4,1.2,0.0,1,user_0069,0
label_chat_00356,chat_00356,user_0069,art,manual,art_v3,0.777,1772954784000,5,40.4,6,1,1772953920000.0,1772954766000.0,5,193.4,14.1,4,1.2,0.2,1,user_0069,0
label_chat_00357,chat_00357,user_0069,art,manual,art_v3,0.895,1773239258000,3,44.0,3,0,1773238920000.0,1773239248000.0,3,214.33333333333331,5.466666666666667,2,1.0,0.0,1,user_0069,0
label_chat_00358,chat_00358,user_0069,default,manual,default_v3,0.402,1773338800000,3,42.0,2,0,1773338520000.0,1773338785000.0,3,136.66666666666666,4.416666666666667,2,0.6666666666666666,0.0,0,user_0069,0
label_chat_00359,chat_00359,user_0070,art,manual,art_v3,0.76,1769639215000,4,40.0,4,0,1769638380000.0,1769639202000.0,4,199.75,13.7,3,1.0,0.0,1,user_0070,0
label_chat_00360,chat_00360,user_0070,art,manual,art_v3,0.584,1769818966000,3,47.0,1,0,1769818440000.0,1769818948000.0,3,180.0,8.466666666666667,2,0.3333333333333333,0.0,1,user_0070,0
label_chat_00361,chat_00361,user_0070,art,manual,art_v3,0.765,1770257881000,4,39.75,5,0,1770257460000.0,1770257867000.0,4,212.25,6.783333333333333,3,1.25,0.0,1,user_0070,0
label_chat_00362,chat_00362,user_0070,art,manual,art_v3,0.765,1770437899000,5,38.6,2,0,1770437280000.0,1770437881000.0,5,194.8,10.016666666666667,4,0.4,0.0,1,user_0070,0
label_chat_00363,chat_00363,user_0070,art,manual,art_v3,0.806,1770614291000,5,40.2,6,1,1770613440000.0,1770614275000.0,5,150.2,13.916666666666666,4,1.2,0.2,1,user_0070,0
label_chat_00364,chat_00364,user_0071,art,manual,art_v3,0.883,1769974326000,5,27.6,5,0,1769973780000.0,1769974316000.0,5,193.0,8.933333333333334,4,1.0,0.0,1,user_0071,0
label_chat_00365,chat_00365,user_0071,art,manual,art_v3,0.787,1770157128000,4,38.5,6,0,1770156420000.0,1770157118000.0,4,190.0,11.633333333333333,3,1.5,0.0,1,user_0071,0
label_chat_00366,chat_00366,user_0071,art,manual,art_v3,0.747,1770270778000,4,35.25,6,0,1770270300000.0,1770270765000.0,4,179.5,7.75,3,1.5,0.0,1,user_0071,0
label_chat_00367,chat_00367,user_0071,art,manual,art_v3,0.698,1770464025000,3,34.333333333333336,3,0,1770463560000.0,1770464012000.0,3,159.0,7.533333333333333,2,1.0,0.0,1,user_0071,0
label_chat_00368,chat_00368,user_0072,default,manual,default_v3,0.207,1773949631000,5,33.6,1,0,1773949080000.0,1773949620000.0,5,160.2,9.0,4,0.2,0.0,0,user_0072,0
label_chat_00369,chat_00369,user_0072,default,manual,default_v3,0.266,1774224852000,5,32.2,0,0,1774224240000.0,1774224835000.0,5,153.0,9.916666666666666,4,0.0,0.0,0,user_0072,0
label_chat_00370,chat_00370,user_0072,default,manual,default_v3,0.31,1774495336000,5,29.2,0,0,1774494540000.0,1774495320000.0,5,168.4,13.0,4,0.0,0.0,0,user_0072,0
label_chat_00371,chat_00371,user_0072,default,manual,default_v3,0.264,1774938952000,4,27.25,0,0,1774938480000.0,1774938940000.0,4,190.5,7.666666666666667,3,0.0,0.0,0,user_0072,0
label_chat_00372,chat_00372,user_0072,default,manual,default_v3,0.218,1775045574000,4,30.75,1,0,1775044800000.0,1775045560000.0,4,161.5,12.666666666666666,3,0.25,0.0,0,user_0072,0
label_chat_00373,chat_00373,user_0073,art,manual,art_v3,0.78,1770579859000,5,37.8,3,0,1770579120000.0,1770579846000.0,5,181.2,12.1,4,0.6,0.0,1,user_0073,0
label_chat_00374,chat_00374,user_0073,default,manual,default_v3,0.349,1770689531000,5,38.8,1,0,1770688980000.0,1770689520000.0,5,189.0,9.0,4,0.2,0.0,0,user_0073,0
label_chat_00375,chat_00375,user_0073,art,manual,art_v3,0.689,1770972275000,3,37.333333333333336,3,0,1770971940000.0,1770972263000.0,3,220.66666666666663,5.383333333333334,2,1.0,0.0,1,user_0073,0
label_chat_00376,chat_00376,user_0073,art,manual,art_v3,0.725,1771237973000,4,42.75,5,0,1771237320000.0,1771237959000.0,4,178.0,10.65,3,1.25,0.0,1,user_0073,0
label_chat_00377,chat_00377,user_0073,art,manual,art_v3,0.816,1771510070000,3,44.66666666666666,3,0,1771509720000.0,1771510054000.0,3,195.33333333333331,5.566666666666666,2,1.0,0.0,1,user_0073,0
label_chat_00378,chat_00378,user_0074,default,manual,default_v3,0.193,1772397246000,5,41.2,0,0,1772396340000.0,1772397232000.0,5,173.4,14.866666666666667,4,0.0,0.0,0,user_0074,0
label_chat_00379,chat_00379,user_0074,default,manual,default_v3,0.248,1772671864000,5,41.0,0,0,1772671200000.0,1772671851000.0,5,189.0,10.85,4,0.0,0.0,0,user_0074,0
label_chat_00380,chat_00380,user_0074,default,manual,default_v3,0.323,1772847310000,4,38.0,1,0,1772846760000.0,1772847296000.0,4,164.5,8.933333333333334,3,0.25,0.0,0,user_0074,0
label_chat_00381,chat_00381,user_0074,default,manual,default_v3,0.243,1773200868000,3,38.333333333333336,0,0,1773200700000.0,1773200857000.0,3,196.33333333333331,2.6166666666666667,2,0.0,0.0,0,user_0074,0
label_chat_00382,chat_00382,user_0074,default,manual,default_v3,0.18,1773481636000,5,40.2,1,0,1773480780000.0,1773481624000.0,5,170.2,14.066666666666666,4,0.2,0.0,0,user_0074,0
label_chat_00383,chat_00383,user_0074,default,manual,default_v3,0.309,1773933283000,3,42.0,0,0,1773932880000.0,1773933273000.0,3,221.33333333333331,6.55,2,0.0,0.0,0,user_0074,0
label_chat_00384,chat_00384,user_0075,default,manual,default_v3,0.16,1769466529000,3,38.333333333333336,0,1,1769466300000.0,1769466513000.0,3,194.0,3.55,2,0.0,0.3333333333333333,0,user_0075,0
label_chat_00385,chat_00385,user_0075,art,manual,art_v3,0.755,1769642757000,4,42.0,5,0,1769642100000.0,1769642744000.0,4,163.0,10.733333333333333,3,1.25,0.0,1,user_0075,0
label_chat_00386,chat_00386,user_0075,art,manual,art_v3,0.769,1769839906000,4,37.75,3,2,1769839380000.0,1769839895000.0,4,183.5,8.583333333333334,3,0.75,0.5,1,user_0075,0
label_chat_00387,chat_00387,user_0075,art,manual,art_v3,0.846,1770017900000,5,40.8,4,1,1770017040000.0,1770017884000.0,5,159.4,14.066666666666666,4,0.8,0.2,1,user_0075,0
label_chat_00388,chat_00388,user_0075,art,manual,art_v3,0.676,1770378169000,4,40.5,2,1,1770377640000.0,1770378152000.0,4,162.25,8.533333333333333,3,0.5,0.25,1,user_0075,0
label_chat_00389,chat_00389,user_0076,default,manual,default_v3,0.237,1773180940000,3,41.333333333333336,0,0,1773180780000.0,1773180930000.0,3,222.33333333333331,2.5,2,0.0,0.0,0,user_0076,0
label_chat_00390,chat_00390,user_0076,default,manual,default_v3,0.166,1773538541000,3,42.66666666666666,0,0,1773538140000.0,1773538528000.0,3,158.66666666666666,6.466666666666667,2,0.0,0.0,0,user_0076,0
label_chat_00391,chat_00391,user_0076,default,manual,default_v3,0.163,1773728388000,3,48.66666666666666,1,0,1773728100000.0,1773728377000.0,3,160.0,4.616666666666666,2,0.3333333333333333,0.0,0,user_0076,0
label_chat_00392,chat_00392,user_0076,default,manual,default_v3,0.263,1774005069000,4,38.0,0,0,1774004400000.0,1774005051000.0,4,227.0,10.85,3,0.0,0.0,0,user_0076,0
label_chat_00393,chat_00393,user_0076,default,manual,default_v3,0.234,1774204299000,3,47.333333333333336,0,0,1774203900000.0,1774204286000.0,3,189.66666666666663,6.433333333333334,2,0.0,0.0,0,user_0076,0
label_chat_00394,chat_00394,user_0077,default,manual,default_v3,0.226,1769463495000,5,39.8,0,0,1769462820000.0,1769463477000.0,5,187.2,10.95,4,0.0,0.0,0,user_0077,0
label_chat_00395,chat_00395,user_0077,default,manual,default_v3,0.259,1769902795000,3,43.66666666666666,0,0,1769902500000.0,1769902777000.0,3,200.33333333333331,4.616666666666666,2,0.0,0.0,0,user_0077,0
label_chat_00396,chat_00396,user_0077,default,manual,default_v3,0.279,1770186046000,3,42.66666666666666,1,0,1770185760000.0,1770186032000.0,3,207.0,4.533333333333333,2,0.3333333333333333,0.0,0,user_0077,0
label_chat_00397,chat_00397,user_0077,default,manual,default_v3,0.258,1770623656000,5,38.4,0,0,1770622980000.0,1770623640000.0,5,136.0,11.0,4,0.0,0.0,0,user_0077,0
label_chat_00398,chat_00398,user_0077,default,manual,default_v3,0.305,1770802387000,4,39.75,1,0,1770801780000.0,1770802374000.0,4,203.75,9.9,3,0.25,0.0,0,user_0077,0
label_chat_00399,chat_00399,user_0077,default,manual,default_v3,0.261,1771171799000,4,41.0,1,0,1771171380000.0,1771171789000.0,4,193.5,6.816666666666666,3,0.25,0.0,0,user_0077,0
label_chat_00400,chat_00400,user_0078,art,manual,art_v3,0.857,1775083875000,5,38.6,8,0,1775083380000.0,1775083857000.0,5,189.8,7.95,4,1.6,0.0,1,user_0078,0
label_chat_00401,chat_00401,user_0078,default,manual,default_v3,0.237,1775364920000,5,38.2,3,0,1775364060000.0,1775364904000.0,5,187.2,14.066666666666666,4,0.6,0.0,0,user_0078,0
label_chat_00402,chat_00402,user_0078,art,manual,art_v3,0.813,1775463202000,5,39.8,5,0,1775462400000.0,1775463190000.0,5,167.2,13.166666666666666,4,1.0,0.0,1,user_0078,0
label_chat_00403,chat_00403,user_0078,art,manual,art_v3,0.691,1775906983000,3,49.0,4,1,1775906580000.0,1775906973000.0,3,170.0,6.55,2,1.3333333333333333,0.3333333333333333,1,user_0078,0
label_chat_00404,chat_00404,user_0079,default,manual,default_v3,0.206,1768944718000,4,36.5,0,1,1768944180000.0,1768944703000.0,4,136.25,8.716666666666667,3,0.0,0.25,0,user_0079,0
label_chat_00405,chat_00405,user_0079,default,manual,default_v3,0.285,1769041308000,3,36.66666666666666,1,2,1769040840000.0,1769041290000.0,3,182.66666666666663,7.5,2,0.3333333333333333,0.6666666666666666,0,user_0079,0
label_chat_00406,chat_00406,user_0079,default,manual,default_v3,0.205,1769404785000,3,38.66666666666666,0,3,1769404380000.0,1769404770000.0,3,141.66666666666666,6.5,2,0.0,1.0,0,user_0079,0
label_chat_00407,chat_00407,user_0079,default,manual,default_v3,0.196,1769768506000,3,42.333333333333336,1,1,1769767980000.0,1769768496000.0,3,221.33333333333331,8.6,2,0.3333333333333333,0.3333333333333333,0,user_0079,0
label_chat_00408,chat_00408,user_0080,default,manual,default_v3,0.234,1774480621000,5,38.2,1,0,1774479780000.0,1774480608000.0,5,156.4,13.8,4,0.2,0.0,0,user_0080,0
label_chat_00409,chat_00409,user_0080,default,manual,default_v3,0.349,1774753998000,5,38.4,1,0,1774753200000.0,1774753982000.0,5,202.8,13.033333333333331,4,0.2,0.0,0,user_0080,0
label_chat_00410,chat_00410,user_0080,default,manual,default_v3,0.321,1774934810000,3,41.0,1,0,1774934280000.0,1774934800000.0,3,184.0,8.666666666666666,2,0.3333333333333333,0.0,0,user_0080,0
label_chat_00411,chat_00411,user_0080,default,manual,default_v3,0.263,1775294085000,3,43.66666666666666,0,0,1775293560000.0,1775294068000.0,3,159.0,8.466666666666667,2,0.0,0.0,0,user_0080,0
label_chat_00412,chat_00412,user_0081,default,manual,default_v3,0.275,1770410201000,3,33.666666666666664,0,0,1770409980000.0,1770410186000.0,3,214.33333333333331,3.433333333333333,2,0.0,0.0,0,user_0081,0
label_chat_00413,chat_00413,user_0081,default,manual,default_v3,0.223,1770676637000,5,39.0,1,1,1770675960000.0,1770676620000.0,5,185.2,11.0,4,0.2,0.2,0,user_0081,0
label_chat_00414,chat_00414,user_0081,default,manual,default_v3,0.301,1770774369000,5,39.6,1,1,1770773760000.0,1770774358000.0,5,169.0,9.966666666666669,4,0.2,0.2,0,user_0081,0
label_chat_00415,chat_00415,user_0081,default,manual,default_v3,0.308,1770966843000,4,39.25,0,2,1770966480000.0,1770966830000.0,4,151.75,5.833333333333333,3,0.0,0.5,0,user_0081,0
label_chat_00416,chat_00416,user_0081,default,manual,default_v3,0.228,1771155430000,4,42.25,0,3,1771154880000.0,1771155413000.0,4,141.75,8.883333333333333,3,0.0,0.75,0,user_0081,0
label_chat_00417,chat_00417,user_0082,art,manual,art_v3,0.813,1767818270000,4,42.75,3,2,1767817740000.0,1767818259000.0,4,189.25,8.65,3,0.75,0.5,1,user_0082,0
label_chat_00418,chat_00418,user_0082,default,manual,default_v3,0.176,1767907516000,5,35.4,0,2,1767906900000.0,1767907500000.0,5,194.4,10.0,4,0.0,0.4,0,user_0082,0
label_chat_00419,chat_00419,user_0082,art,manual,art_v3,0.809,1768013575000,4,41.0,6,1,1768012980000.0,1768013564000.0,4,173.75,9.733333333333333,3,1.5,0.25,1,user_0082,0
label_chat_00420,chat_00420,user_0082,art,manual,art_v3,0.73,1768284608000,4,40.0,3,1,1768284000000.0,1768284593000.0,4,207.5,9.883333333333333,3,0.75,0.25,1,user_0082,0
label_chat_00421,chat_00421,user_0082,art,manual,art_v3,0.666,1768398360000,4,41.75,2,1,1768397820000.0,1768398348000.0,4,147.75,8.8,3,0.5,0.25,1,user_0082,0
label_chat_00422,chat_00422,user_0083,default,manual,default_v3,0.276,1771961222000,4,36.25,0,0,1771960680000.0,1771961204000.0,4,202.75,8.733333333333333,3,0.0,0.0,0,user_0083,0
label_chat_00423,chat_00423,user_0083,default,manual,default_v3,0.282,1772234882000,4,37.75,0,0,1772234160000.0,1772234864000.0,4,179.75,11.733333333333333,3,0.0,0.0,0,user_0083,0
label_chat_00424,chat_00424,user_0083,default,manual,default_v3,0.35,1772497736000,4,36.75,1,0,1772497080000.0,1772497726000.0,4,204.5,10.766666666666667,3,0.25,0.0,0,user_0083,0
label_chat_00425,chat_00425,user_0083,default,manual,default_v3,0.344,1772686517000,5,40.6,2,0,1772685840000.0,1772686502000.0,5,139.8,11.033333333333331,4,0.4,0.0,0,user_0083,0
label_chat_00426,chat_00426,user_0083,default,manual,default_v3,0.251,1772879877000,4,41.25,0,0,1772879460000.0,1772879864000.0,4,186.25,6.733333333333333,3,0.0,0.0,0,user_0083,0
label_chat_00427,chat_00427,user_0084,default,manual,default_v3,0.248,1771796526000,5,39.0,0,1,1771795740000.0,1771796511000.0,5,127.2,12.85,4,0.0,0.2,0,user_0084,0
label_chat_00428,chat_00428,user_0084,default,manual,default_v3,0.179,1772245095000,5,37.0,0,2,1772244060000.0,1772245085000.0,5,143.6,17.083333333333332,4,0.0,0.4,0,user_0084,0
label_chat_00429,chat_00429,user_0084,default,manual,default_v3,0.271,1772614018000,4,40.5,0,2,1772613420000.0,1772614007000.0,4,201.25,9.783333333333331,3,0.0,0.5,0,user_0084,0
label_chat_00430,chat_00430,user_0084,default,manual,default_v3,0.332,1772799549000,5,39.0,1,3,1772798760000.0,1772799532000.0,5,136.2,12.866666666666667,4,0.2,0.6,0,user_0084,0
label_chat_00431,chat_00431,user_0085,art,manual,art_v3,0.705,1772561816000,4,43.25,4,0,1772560980000.0,1772561805000.0,4,199.25,13.75,3,1.0,0.0,1,user_0085,0
label_chat_00432,chat_00432,user_0085,default,manual,default_v3,0.22,1773015796000,5,36.6,0,0,1773015180000.0,1773015784000.0,5,158.2,10.066666666666666,4,0.0,0.0,0,user_0085,0
label_chat_00433,chat_00433,user_0085,art,manual,art_v3,0.67,1773463606000,3,46.66666666666666,2,0,1773463380000.0,1773463591000.0,3,158.0,3.5166666666666666,2,0.6666666666666666,0.0,1,user_0085,0
label_chat_00434,chat_00434,user_0085,art,manual,art_v3,0.701,1773649874000,4,40.0,3,0,1773649260000.0,1773649858000.0,4,159.25,9.966666666666669,3,0.75,0.0,1,user_0085,0
label_chat_00435,chat_00435,user_0086,default,manual,default_v3,0.257,1772062129000,3,33.0,1,0,1772061780000.0,1772062112000.0,3,202.0,5.533333333333333,2,0.3333333333333333,0.0,0,user_0086,0
label_chat_00436,chat_00436,user_0086,default,manual,default_v3,0.228,1772326131000,4,27.5,0,0,1772325780000.0,1772326120000.0,4,170.5,5.666666666666667,3,0.0,0.0,0,user_0086,0
label_chat_00437,chat_00437,user_0086,default,manual,default_v3,0.195,1772778907000,4,32.75,1,0,1772778360000.0,1772778890000.0,4,168.0,8.833333333333334,3,0.25,0.0,0,user_0086,0
label_chat_00438,chat_00438,user_0086,default,manual,default_v3,0.304,1773059806000,3,37.333333333333336,1,0,1773059280000.0,1773059789000.0,3,202.0,8.483333333333333,2,0.3333333333333333,0.0,0,user_0086,0
label_chat_00439,chat_00439,user_0087,default,manual,default_v3,0.298,1771022346000,5,34.8,1,0,1771021380000.0,1771022336000.0,5,148.0,15.933333333333334,4,0.2,0.0,0,user_0087,0
label_chat_00440,chat_00440,user_0087,default,manual,default_v3,0.251,1771111851000,4,40.25,0,0,1771111140000.0,1771111833000.0,4,173.75,11.55,3,0.0,0.0,0,user_0087,0
label_chat_00441,chat_00441,user_0087,default,manual,default_v3,0.216,1771303249000,4,42.25,0,0,1771302600000.0,1771303234000.0,4,187.0,10.566666666666666,3,0.0,0.0,0,user_0087,0
label_chat_00442,chat_00442,user_0087,default,manual,default_v3,0.145,1771413586000,3,40.66666666666666,0,0,1771413120000.0,1771413569000.0,3,199.66666666666663,7.483333333333333,2,0.0,0.0,0,user_0087,0
label_chat_00443,chat_00443,user_0087,default,manual,default_v3,0.247,1771601990000,3,34.333333333333336,1,0,1771601580000.0,1771601976000.0,3,169.33333333333334,6.6,2,0.3333333333333333,0.0,0,user_0087,0
label_chat_00444,chat_00444,user_0087,default,manual,default_v3,0.201,1771788608000,5,40.0,1,0,1771787940000.0,1771788592000.0,5,177.0,10.866666666666667,4,0.2,0.0,0,user_0087,0
label_chat_00445,chat_00445,user_0088,art,manual,art_v3,0.826,1771710070000,5,38.4,5,0,1771709520000.0,1771710056000.0,5,170.8,8.933333333333334,4,1.0,0.0,1,user_0088,0
label_chat_00446,chat_00446,user_0088,art,manual,art_v3,0.744,1772144582000,5,42.6,4,0,1772144100000.0,1772144564000.0,5,180.0,7.733333333333333,4,0.8,0.0,1,user_0088,0
label_chat_00447,chat_00447,user_0088,art,manual,art_v3,0.724,1772601591000,4,39.5,2,0,1772601180000.0,1772601580000.0,4,180.5,6.666666666666667,3,0.5,0.0,1,user_0088,0
label_chat_00448,chat_00448,user_0088,default,manual,default_v3,0.146,1773050157000,5,42.4,0,0,1773049320000.0,1773050145000.0,5,190.6,13.75,4,0.0,0.0,0,user_0088,0
label_chat_00449,chat_00449,user_0088,default,manual,default_v3,0.269,1773404945000,4,38.5,2,0,1773404160000.0,1773404934000.0,4,160.25,12.9,3,0.5,0.0,0,user_0088,0
label_chat_00450,chat_00450,user_0088,art,manual,art_v3,0.718,1773595962000,3,41.66666666666666,4,0,1773595320000.0,1773595945000.0,3,195.66666666666663,10.416666666666666,2,1.3333333333333333,0.0,1,user_0088,0
label_chat_00451,chat_00451,user_0089,art,manual,art_v3,0.837,1768002711000,4,47.25,5,0,1768002180000.0,1768002698000.0,4,173.75,8.633333333333333,3,1.25,0.0,1,user_0089,0
label_chat_00452,chat_00452,user_0089,art,manual,art_v3,0.787,1768109355000,5,41.0,4,0,1768108500000.0,1768109340000.0,5,158.6,14.0,4,0.8,0.0,1,user_0089,0
label_chat_00453,chat_00453,user_0089,default,manual,default_v3,0.168,1768207740000,4,36.75,0,0,1768207080000.0,1768207723000.0,4,165.25,10.716666666666669,3,0.0,0.0,0,user_0089,0
label_chat_00454,chat_00454,user_0089,art,manual,art_v3,0.771,1768659606000,5,41.6,3,0,1768658700000.0,1768659596000.0,5,152.2,14.933333333333334,4,0.6,0.0,1,user_0089,0
label_chat_00455,chat_00455,user_0089,art,manual,art_v3,0.751,1769103541000,4,45.0,7,1,1769103300000.0,1769103523000.0,4,192.75,3.716666666666667,3,1.75,0.25,1,user_0089,0
label_chat_00456,chat_00456,user_0089,art,manual,art_v3,0.877,1769377005000,4,36.0,6,0,1769376300000.0,1769376992000.0,4,163.25,11.533333333333331,3,1.5,0.0,1,user_0089,0
label_chat_00457,chat_00457,user_0090,default,manual,default_v3,0.259,1773002782000,5,36.0,0,0,1773002160000.0,1773002767000.0,5,150.8,10.116666666666667,4,0.0,0.0,0,user_0090,0
label_chat_00458,chat_00458,user_0090,art,manual,art_v3,0.789,1773264117000,4,41.25,6,0,1773263640000.0,1773264103000.0,4,161.75,7.716666666666667,3,1.5,0.0,1,user_0090,0
label_chat_00459,chat_00459,user_0090,art,manual,art_v3,0.881,1773444354000,4,38.5,6,0,1773443820000.0,1773444340000.0,4,161.25,8.666666666666666,3,1.5,0.0,1,user_0090,0
label_chat_00460,chat_00460,user_0090,default,manual,default_v3,0.363,1773714596000,4,41.75,1,0,1773713940000.0,1773714580000.0,4,159.25,10.666666666666666,3,0.25,0.0,0,user_0090,0
label_chat_00461,chat_00461,user_0090,art,manual,art_v3,0.702,1773826487000,3,49.66666666666666,4,1,1773826080000.0,1773826470000.0,3,214.33333333333331,6.5,2,1.3333333333333333,0.3333333333333333,1,user_0090,0
label_chat_00462,chat_00462,user_0090,art,manual,art_v3,0.77,1774273788000,3,50.333333333333336,3,0,1774273260000.0,1774273774000.0,3,226.66666666666663,8.566666666666666,2,1.0,0.0,1,user_0090,0
label_chat_00463,chat_00463,user_0091,art,manual,art_v3,0.756,1773513841000,4,44.75,4,0,1773513060000.0,1773513828000.0,4,212.75,12.8,3,1.0,0.0,1,user_0091,0
label_chat_00464,chat_00464,user_0091,art,manual,art_v3,0.78,1773863039000,4,40.5,4,0,1773862560000.0,1773863022000.0,4,140.0,7.7,3,1.0,0.0,1,user_0091,0
label_chat_00465,chat_00465,user_0091,art,manual,art_v3,0.731,1774311947000,3,43.0,2,0,1774311600000.0,1774311934000.0,3,186.33333333333331,5.566666666666666,2,0.6666666666666666,0.0,1,user_0091,0
label_chat_00466,chat_00466,user_0091,default,manual,default_v3,0.167,1774504371000,4,38.25,0,0,1774503780000.0,1774504360000.0,4,215.5,9.666666666666666,3,0.0,0.0,0,user_0091,0
label_chat_00467,chat_00467,user_0091,art,manual,art_v3,0.841,1774769831000,5,37.2,6,0,1774768980000.0,1774769818000.0,5,186.4,13.966666666666669,4,1.2,0.0,1,user_0091,0
label_chat_00468,chat_00468,user_0092,art,manual,art_v3,0.826,1770496300000,3,49.333333333333336,4,0,1770495960000.0,1770496289000.0,3,220.33333333333331,5.483333333333333,2,1.3333333333333333,0.0,1,user_0092,0
label_chat_00469,chat_00469,user_0092,art,manual,art_v3,0.904,1770945614000,5,40.0,8,1,1770944520000.0,1770945598000.0,5,156.6,17.966666666666665,4,1.6,0.2,1,user_0092,0
label_chat_00470,chat_00470,user_0092,art,manual,art_v3,0.764,1771402492000,3,42.333333333333336,3,0,1771401960000.0,1771402476000.0,3,193.66666666666663,8.6,2,1.0,0.0,1,user_0092,0
label_chat_00471,chat_00471,user_0092,default,manual,default_v3,0.408,1771496714000,5,40.4,2,0,1771495680000.0,1771496698000.0,5,186.6,16.966666666666665,4,0.4,0.0,0,user_0092,0
label_chat_00472,chat_00472,user_0092,default,manual,default_v3,0.274,1771846381000,4,45.0,0,0,1771845780000.0,1771846366000.0,4,157.5,9.766666666666667,3,0.0,0.0,0,user_0092,0
label_chat_00473,chat_00473,user_0092,art,manual,art_v3,0.821,1772113501000,4,41.75,5,0,1772112600000.0,1772113484000.0,4,124.25,14.733333333333333,3,1.25,0.0,1,user_0092,0
label_chat_00474,chat_00474,user_0093,art,manual,art_v3,0.783,1768863169000,3,35.666666666666664,2,1,1768862580000.0,1768863152000.0,3,166.33333333333334,9.533333333333331,2,0.6666666666666666,0.3333333333333333,1,user_0093,0
label_chat_00475,chat_00475,user_0093,default,manual,default_v3,0.251,1769211349000,3,37.66666666666666,0,1,1769211000000.0,1769211331000.0,3,205.0,5.516666666666667,2,0.0,0.3333333333333333,0,user_0093,0
label_chat_00476,chat_00476,user_0093,art,manual,art_v3,0.731,1769657330000,3,41.0,3,1,1769656920000.0,1769657312000.0,3,211.33333333333331,6.533333333333333,2,1.0,0.3333333333333333,1,user_0093,0
label_chat_00477,chat_00477,user_0093,art,manual,art_v3,0.664,1770093522000,3,36.66666666666666,2,2,1770093000000.0,1770093504000.0,3,136.66666666666666,8.4,2,0.6666666666666666,0.6666666666666666,1,user_0093,0
label_chat_00478,chat_00478,user_0094,default,manual,default_v3,0.287,1774727106000,5,35.6,1,0,1774726380000.0,1774727095000.0,5,215.0,11.916666666666666,4,0.2,0.0,0,user_0094,0
label_chat_00479,chat_00479,user_0094,default,manual,default_v3,0.201,1774911326000,5,36.8,0,0,1774910460000.0,1774911309000.0,5,205.4,14.15,4,0.0,0.0,0,user_0094,0
label_chat_00480,chat_00480,user_0094,default,manual,default_v3,0.314,1775262759000,3,38.0,0,0,1775262120000.0,1775262749000.0,3,159.0,10.483333333333333,2,0.0,0.0,0,user_0094,0
label_chat_00481,chat_00481,user_0094,default,manual,default_v3,0.271,1775449432000,4,38.0,1,0,1775448840000.0,1775449415000.0,4,162.75,9.583333333333334,3,0.25,0.0,0,user_0094,0
label_chat_00482,chat_00482,user_0094,default,manual,default_v3,0.245,1775716243000,3,42.333333333333336,1,0,1775716020000.0,1775716231000.0,3,131.66666666666666,3.5166666666666666,2,0.3333333333333333,0.0,0,user_0094,0
label_chat_00483,chat_00483,user_0095,default,manual,default_v3,0.188,1768345556000,4,39.0,1,0,1768345200000.0,1768345545000.0,4,150.25,5.75,3,0.25,0.0,0,user_0095,0
label_chat_00484,chat_00484,user_0095,default,manual,default_v3,0.22,1768791196000,5,41.6,0,0,1768790520000.0,1768791182000.0,5,174.4,11.033333333333331,4,0.0,0.0,0,user_0095,0
label_chat_00485,chat_00485,user_0095,default,manual,default_v3,0.243,1768988302000,5,36.6,0,0,1768987680000.0,1768988285000.0,5,166.0,10.083333333333334,4,0.0,0.0,0,user_0095,0
label_chat_00486,chat_00486,user_0095,default,manual,default_v3,0.145,1769082583000,3,37.333333333333336,0,0,1769082180000.0,1769082573000.0,3,190.0,6.55,2,0.0,0.0,0,user_0095,0
label_chat_00487,chat_00487,user_0096,default,manual,default_v3,0.188,1768414837000,3,44.66666666666666,1,2,1768414200000.0,1768414826000.0,3,178.0,10.433333333333334,2,0.3333333333333333,0.6666666666666666,0,user_0096,0
label_chat_00488,chat_00488,user_0096,default,manual,default_v3,0.314,1768861625000,4,42.75,0,1,1768860960000.0,1768861609000.0,4,155.75,10.816666666666666,3,0.0,0.25,0,user_0096,0
label_chat_00489,chat_00489,user_0096,default,manual,default_v3,0.315,1769308329000,5,39.2,0,2,1769307360000.0,1769308315000.0,5,185.0,15.916666666666666,4,0.0,0.4,0,user_0096,0
label_chat_00490,chat_00490,user_0096,default,manual,default_v3,0.367,1769581126000,3,39.333333333333336,1,2,1769580480000.0,1769581109000.0,3,147.33333333333334,10.483333333333333,2,0.3333333333333333,0.6666666666666666,0,user_0096,0
label_chat_00491,chat_00491,user_0096,default,manual,default_v3,0.204,1769844517000,3,41.66666666666666,0,1,1769843880000.0,1769844502000.0,3,199.33333333333331,10.366666666666667,2,0.0,0.3333333333333333,0,user_0096,0
label_chat_00492,chat_00492,user_0096,default,manual,default_v3,0.275,1770041140000,3,40.333333333333336,2,1,1770040920000.0,1770041127000.0,3,154.66666666666666,3.45,2,0.6666666666666666,0.3333333333333333,0,user_0096,0
label_chat_00493,chat_00493,user_0097,default,manual,default_v3,0.231,1771967626000,4,38.0,0,0,1771966920000.0,1771967612000.0,4,163.75,11.533333333333331,3,0.0,0.0,0,user_0097,0
label_chat_00494,chat_00494,user_0097,default,manual,default_v3,0.232,1772338500000,5,38.0,0,0,1772337720000.0,1772338487000.0,5,200.8,12.783333333333331,4,0.0,0.0,0,user_0097,0
label_chat_00495,chat_00495,user_0097,default,manual,default_v3,0.187,1772620364000,3,42.66666666666666,0,0,1772620080000.0,1772620348000.0,3,173.0,4.466666666666667,2,0.0,0.0,0,user_0097,0
label_chat_00496,chat_00496,user_0097,default,manual,default_v3,0.276,1773070258000,4,41.25,0,0,1773069540000.0,1773070240000.0,4,188.25,11.666666666666666,3,0.0,0.0,0,user_0097,0
label_chat_00497,chat_00497,user_0097,default,manual,default_v3,0.224,1773160842000,3,41.66666666666666,0,0,1773160380000.0,1773160829000.0,3,231.66666666666663,7.483333333333333,2,0.0,0.0,0,user_0097,0
label_chat_00498,chat_00498,user_0097,default,manual,default_v3,0.209,1773606188000,5,35.4,0,0,1773605400000.0,1773606177000.0,5,157.4,12.95,4,0.0,0.0,0,user_0097,0
label_chat_00499,chat_00499,user_0098,art,manual,art_v3,0.837,1775075680000,3,41.0,5,0,1775075280000.0,1775075663000.0,3,139.0,6.383333333333334,2,1.6666666666666667,0.0,1,user_0098,0
label_chat_00500,chat_00500,user_0098,art,manual,art_v3,0.837,1775265741000,5,39.2,4,0,1775265120000.0,1775265728000.0,5,148.2,10.133333333333333,4,0.8,0.0,1,user_0098,0
label_chat_00501,chat_00501,user_0098,art,manual,art_v3,0.821,1775356848000,4,38.5,3,0,1775356320000.0,1775356838000.0,4,184.75,8.633333333333333,3,0.75,0.0,1,user_0098,0
label_chat_00502,chat_00502,user_0098,art,manual,art_v3,0.839,1775532698000,3,40.333333333333336,4,0,1775532180000.0,1775532688000.0,3,201.66666666666663,8.466666666666667,2,1.3333333333333333,0.0,1,user_0098,0
label_chat_00503,chat_00503,user_0098,art,manual,art_v3,0.751,1775730070000,5,45.0,4,0,1775729280000.0,1775730053000.0,5,154.0,12.883333333333333,4,0.8,0.0,1,user_0098,0
label_chat_00504,chat_00504,user_0099,art,manual,art_v3,0.725,1771022260000,3,33.666666666666664,3,2,1771021800000.0,1771022243000.0,3,169.0,7.383333333333334,2,1.0,0.6666666666666666,1,user_0099,0
label_chat_00505,chat_00505,user_0099,default,manual,default_v3,0.231,1771217324000,3,34.666666666666664,0,1,1771217100000.0,1771217313000.0,3,207.66666666666663,3.55,2,0.0,0.3333333333333333,0,user_0099,0
label_chat_00506,chat_00506,user_0099,art,manual,art_v3,0.758,1771310738000,3,44.333333333333336,2,2,1771310280000.0,1771310727000.0,3,146.0,7.45,2,0.6666666666666666,0.6666666666666666,1,user_0099,0
label_chat_00507,chat_00507,user_0099,art,manual,art_v3,0.825,1771415159000,4,39.75,4,3,1771414440000.0,1771415146000.0,4,149.5,11.766666666666667,3,1.0,0.75,1,user_0099,0
label_chat_00508,chat_00508,user_0099,art,manual,art_v3,0.829,1771681848000,3,43.333333333333336,2,1,1771681440000.0,1771681834000.0,3,152.0,6.566666666666666,2,0.6666666666666666,0.3333333333333333,1,user_0099,0
label_chat_00509,chat_00509,user_0099,art,manual,art_v3,0.849,1771774987000,5,45.2,6,3,1771774320000.0,1771774969000.0,5,205.8,10.816666666666666,4,1.2,0.6,1,user_0099,0
label_chat_00510,chat_00510,user_0100,art,manual,art_v3,0.743,1774727453000,4,40.75,4,0,1774726620000.0,1774727439000.0,4,198.5,13.65,3,1.0,0.0,1,user_0100,0
label_chat_00511,chat_00511,user_0100,art,manual,art_v3,0.763,1775163174000,4,43.0,6,0,1775162580000.0,1775163164000.0,4,190.0,9.733333333333333,3,1.5,0.0,1,user_0100,0
label_chat_00512,chat_00512,user_0100,art,manual,art_v3,0.764,1775353200000,5,42.0,6,0,1775352300000.0,1775353187000.0,5,176.8,14.783333333333331,4,1.2,0.0,1,user_0100,0
label_chat_00513,chat_00513,user_0100,art,manual,art_v3,0.829,1775810401000,5,42.6,3,0,1775809680000.0,1775810385000.0,5,144.6,11.75,4,0.6,0.0,1,user_0100,0
label_chat_00514,chat_00514,user_0100,art,manual,art_v3,0.739,1775986725000,3,42.66666666666666,4,0,1775986260000.0,1775986707000.0,3,166.66666666666666,7.45,2,1.3333333333333333,0.0,1,user_0100,0
label_chat_00515,chat_00515,user_0101,default,manual,default_v3,0.301,1769816581000,4,36.75,2,1,1769815680000.0,1769816564000.0,4,149.0,14.733333333333333,3,0.5,0.25,0,user_0101,0
label_chat_00516,chat_00516,user_0101,art,manual,art_v3,0.742,1770168166000,3,44.66666666666666,4,2,1770167640000.0,1770168150000.0,3,158.33333333333334,8.5,2,1.3333333333333333,0.6666666666666666,1,user_0101,0
label_chat_00517,chat_00517,user_0101,art,manual,art_v3,0.883,1770609320000,5,38.8,5,2,1770608460000.0,1770609306000.0,5,177.6,14.1,4,1.0,0.4,1,user_0101,0
label_chat_00518,chat_00518,user_0101,default,manual,default_v3,0.305,1770782921000,3,45.0,0,0,1770782580000.0,1770782905000.0,3,180.66666666666663,5.416666666666667,2,0.0,0.0,0,user_0101,0
label_chat_00519,chat_00519,user_0102,art,manual,art_v3,0.808,1768517261000,3,41.0,5,1,1768516920000.0,1768517249000.0,3,200.66666666666663,5.483333333333333,2,1.6666666666666667,0.3333333333333333,1,user_0102,0
label_chat_00520,chat_00520,user_0102,art,manual,art_v3,0.87,1768868301000,5,36.4,7,0,1768867260000.0,1768868283000.0,5,153.8,17.05,4,1.4,0.0,1,user_0102,0
label_chat_00521,chat_00521,user_0102,art,manual,art_v3,0.82,1769313484000,5,38.8,9,0,1769312640000.0,1769313469000.0,5,176.4,13.816666666666666,4,1.8,0.0,1,user_0102,0
label_chat_00522,chat_00522,user_0102,default,manual,default_v3,0.52,1769758623000,4,39.25,5,0,1769757960000.0,1769758605000.0,4,226.0,10.75,3,1.25,0.0,0,user_0102,0
label_chat_00523,chat_00523,user_0102,art,manual,art_v3,0.918,1769950395000,5,35.2,5,0,1769949720000.0,1769950378000.0,5,177.4,10.966666666666669,4,1.0,0.0,1,user_0102,0
label_chat_00524,chat_00524,user_0103,art,manual,art_v3,0.879,1772061553000,5,40.6,8,0,1772061000000.0,1772061537000.0,5,133.8,8.95,4,1.6,0.0,1,user_0103,0
label_chat_00525,chat_00525,user_0103,default,manual,default_v3,0.38,1772502173000,4,42.75,4,0,1772501340000.0,1772502157000.0,4,170.5,13.616666666666667,3,1.0,0.0,0,user_0103,0
label_chat_00526,chat_00526,user_0103,art,manual,art_v3,0.83,1772858567000,4,40.25,3,0,1772857920000.0,1772858554000.0,4,145.25,10.566666666666666,3,0.75,0.0,1,user_0103,0
label_chat_00527,chat_00527,user_0103,art,manual,art_v3,0.895,1773045163000,3,43.333333333333336,4,0,1773044820000.0,1773045150000.0,3,172.0,5.5,2,1.3333333333333333,0.0,1,user_0103,0
label_chat_00528,chat_00528,user_0104,default,manual,default_v3,0.278,1773697811000,5,41.4,3,0,1773697200000.0,1773697801000.0,5,167.8,10.016666666666667,4,0.6,0.0,0,user_0104,0
label_chat_00529,chat_00529,user_0104,art,manual,art_v3,0.821,1773805800000,4,40.25,3,0,1773805200000.0,1773805785000.0,4,164.25,9.75,3,0.75,0.0,1,user_0104,0
label_chat_00530,chat_00530,user_0104,art,manual,art_v3,0.794,1774165565000,5,43.2,6,0,1774164900000.0,1774165550000.0,5,184.0,10.833333333333334,4,1.2,0.0,1,user_0104,0
label_chat_00531,chat_00531,user_0104,default,manual,default_v3,0.323,1774265380000,3,44.333333333333336,3,0,1774265040000.0,1774265368000.0,3,185.33333333333331,5.466666666666667,2,1.0,0.0,0,user_0104,0
label_chat_00532,chat_00532,user_0104,art,manual,art_v3,0.756,1774370115000,5,40.8,5,0,1774369380000.0,1774370100000.0,5,164.4,12.0,4,1.0,0.0,1,user_0104,0
label_chat_00533,chat_00533,user_0105,default,manual,default_v3,0.237,1771366909000,3,40.66666666666666,0,0,1771366260000.0,1771366892000.0,3,176.66666666666666,10.533333333333331,2,0.0,0.0,0,user_0105,0
label_chat_00534,chat_00534,user_0105,default,manual,default_v3,0.362,1771645737000,4,32.75,1,0,1771645020000.0,1771645719000.0,4,217.0,11.65,3,0.25,0.0,0,user_0105,0
label_chat_00535,chat_00535,user_0105,default,manual,default_v3,0.303,1772015230000,5,39.0,1,0,1772014440000.0,1772015214000.0,5,133.0,12.9,4,0.2,0.0,0,user_0105,0
label_chat_00536,chat_00536,user_0105,default,manual,default_v3,0.308,1772191251000,4,41.75,1,0,1772190600000.0,1772191239000.0,4,160.5,10.65,3,0.25,0.0,0,user_0105,0
label_chat_00537,chat_00537,user_0105,default,manual,default_v3,0.181,1772289583000,3,45.66666666666666,1,0,1772289120000.0,1772289566000.0,3,186.33333333333331,7.433333333333334,2,0.3333333333333333,0.0,0,user_0105,0
label_chat_00538,chat_00538,user_0106,art,manual,art_v3,0.786,1773618479000,4,37.25,5,0,1773617820000.0,1773618467000.0,4,156.0,10.783333333333331,3,1.25,0.0,1,user_0106,0
label_chat_00539,chat_00539,user_0106,default,manual,default_v3,0.195,1773726525000,3,29.33333333333333,1,0,1773726300000.0,1773726513000.0,3,155.0,3.55,2,0.3333333333333333,0.0,0,user_0106,0
label_chat_00540,chat_00540,user_0106,art,manual,art_v3,0.701,1774093096000,5,32.2,3,0,1774092240000.0,1774093079000.0,5,167.8,13.983333333333333,4,0.6,0.0,1,user_0106,0
label_chat_00541,chat_00541,user_0106,art,manual,art_v3,0.737,1774530653000,4,37.0,4,0,1774530240000.0,1774530638000.0,4,160.0,6.633333333333334,3,1.0,0.0,1,user_0106,0
label_chat_00542,chat_00542,user_0107,default,manual,default_v3,0.259,1773083988000,3,40.333333333333336,0,1,1773083640000.0,1773083975000.0,3,161.0,5.583333333333333,2,0.0,0.3333333333333333,0,user_0107,0
label_chat_00543,chat_00543,user_0107,default,manual,default_v3,0.179,1773261470000,3,43.333333333333336,0,1,1773261120000.0,1773261452000.0,3,148.66666666666666,5.533333333333333,2,0.0,0.3333333333333333,0,user_0107,0
label_chat_00544,chat_00544,user_0107,default,manual,default_v3,0.362,1773620468000,5,34.2,1,2,1773619500000.0,1773620454000.0,5,158.2,15.9,4,0.2,0.4,0,user_0107,0
label_chat_00545,chat_00545,user_0107,default,manual,default_v3,0.194,1773729952000,4,43.0,0,0,1773729420000.0,1773729935000.0,4,205.25,8.583333333333334,3,0.0,0.0,0,user_0107,0
label_chat_00546,chat_00546,user_0107,default,manual,default_v3,0.319,1774095606000,5,38.8,0,1,1774094700000.0,1774095593000.0,5,194.0,14.883333333333333,4,0.0,0.2,0,user_0107,0
label_chat_00547,chat_00547,user_0107,default,manual,default_v3,0.168,1774546375000,4,41.25,0,1,1774545720000.0,1774546365000.0,4,165.0,10.75,3,0.0,0.25,0,user_0107,0
label_chat_00548,chat_00548,user_0108,art,manual,art_v3,0.735,1769467095000,5,40.4,8,0,1769466600000.0,1769467079000.0,5,164.6,7.983333333333333,4,1.6,0.0,1,user_0108,0
label_chat_00549,chat_00549,user_0108,art,manual,art_v3,0.764,1769747090000,4,43.0,6,0,1769746200000.0,1769747076000.0,4,204.25,14.6,3,1.5,0.0,1,user_0108,0
label_chat_00550,chat_00550,user_0108,art,manual,art_v3,0.885,1770095639000,4,44.75,5,0,1770094860000.0,1770095622000.0,4,161.0,12.7,3,1.25,0.0,1,user_0108,0
label_chat_00551,chat_00551,user_0108,art,manual,art_v3,0.798,1770286928000,5,44.4,7,0,1770286080000.0,1770286911000.0,5,167.0,13.85,4,1.4,0.0,1,user_0108,0
label_chat_00552,chat_00552,user_0109,default,manual,default_v3,0.304,1774295196000,3,35.666666666666664,0,0,1774294740000.0,1774295186000.0,3,214.0,7.433333333333334,2,0.0,0.0,0,user_0109,0
label_chat_00553,chat_00553,user_0109,default,manual,default_v3,0.339,1774565288000,5,38.0,2,2,1774564440000.0,1774565278000.0,5,162.8,13.966666666666669,4,0.4,0.4,0,user_0109,0
label_chat_00554,chat_00554,user_0109,default,manual,default_v3,0.227,1774664568000,3,45.0,0,0,1774664100000.0,1774664553000.0,3,218.33333333333331,7.55,2,0.0,0.0,0,user_0109,0
label_chat_00555,chat_00555,user_0109,default,manual,default_v3,0.288,1774859941000,5,34.2,0,4,1774858980000.0,1774859929000.0,5,168.6,15.816666666666666,4,0.0,0.8,0,user_0109,0
label_chat_00556,chat_00556,user_0109,default,manual,default_v3,0.32,1775207741000,3,38.333333333333336,0,2,1775207280000.0,1775207725000.0,3,169.33333333333334,7.416666666666667,2,0.0,0.6666666666666666,0,user_0109,0
label_chat_00557,chat_00557,user_0109,default,manual,default_v3,0.226,1775657519000,4,41.0,1,2,1775657040000.0,1775657501000.0,4,142.5,7.683333333333334,3,0.25,0.5,0,user_0109,0
label_chat_00558,chat_00558,user_0110,default,manual,default_v3,0.229,1770849890000,3,43.66666666666666,0,0,1770849480000.0,1770849873000.0,3,162.66666666666666,6.55,2,0.0,0.0,0,user_0110,0
label_chat_00559,chat_00559,user_0110,default,manual,default_v3,0.22,1771203436000,5,35.8,0,2,1771202640000.0,1771203419000.0,5,206.8,12.983333333333333,4,0.0,0.4,0,user_0110,0
label_chat_00560,chat_00560,user_0110,default,manual,default_v3,0.313,1771648984000,5,39.8,0,0,1771648320000.0,1771648974000.0,5,202.4,10.9,4,0.0,0.0,0,user_0110,0
label_chat_00561,chat_00561,user_0110,default,manual,default_v3,0.235,1771929427000,5,36.0,0,2,1771928760000.0,1771929415000.0,5,130.2,10.916666666666666,4,0.0,0.4,0,user_0110,0
label_chat_00562,chat_00562,user_0111,art,manual,art_v3,0.871,1769640234000,4,41.5,4,0,1769639640000.0,1769640223000.0,4,149.0,9.716666666666669,3,1.0,0.0,1,user_0111,0
label_chat_00563,chat_00563,user_0111,art,manual,art_v3,0.831,1769916007000,4,41.75,5,0,1769915220000.0,1769915991000.0,4,166.75,12.85,3,1.25,0.0,1,user_0111,0
label_chat_00564,chat_00564,user_0111,default,manual,default_v3,0.326,1770201739000,5,42.6,3,0,1770200760000.0,1770201724000.0,5,167.0,16.066666666666666,4,0.6,0.0,0,user_0111,0
label_chat_00565,chat_00565,user_0111,art,manual,art_v3,0.791,1770636044000,3,41.333333333333336,2,0,1770635580000.0,1770636033000.0,3,238.66666666666663,7.55,2,0.6666666666666666,0.0,1,user_0111,0
label_chat_00566,chat_00566,user_0111,default,manual,default_v3,0.372,1770993586000,3,39.333333333333336,1,0,1770993000000.0,1770993575000.0,3,139.0,9.583333333333334,2,0.3333333333333333,0.0,0,user_0111,0
label_chat_00567,chat_00567,user_0112,default,manual,default_v3,0.173,1771961073000,3,37.333333333333336,1,1,1771960680000.0,1771961060000.0,3,215.33333333333331,6.333333333333333,2,0.3333333333333333,0.3333333333333333,0,user_0112,0
label_chat_00568,chat_00568,user_0112,default,manual,default_v3,0.216,1772397466000,3,41.0,0,1,1772397120000.0,1772397450000.0,3,172.0,5.5,2,0.0,0.3333333333333333,0,user_0112,0
label_chat_00569,chat_00569,user_0112,default,manual,default_v3,0.286,1772833082000,5,39.2,0,3,1772832300000.0,1772833071000.0,5,195.0,12.85,4,0.0,0.6,0,user_0112,0
label_chat_00570,chat_00570,user_0112,default,manual,default_v3,0.219,1773019361000,3,35.0,1,1,1773019020000.0,1773019348000.0,3,175.66666666666666,5.466666666666667,2,0.3333333333333333,0.3333333333333333,0,user_0112,0
label_chat_00571,chat_00571,user_0113,default,manual,default_v3,0.312,1770593087000,4,41.0,1,0,1770592380000.0,1770593077000.0,4,136.5,11.616666666666667,3,0.25,0.0,0,user_0113,0
label_chat_00572,chat_00572,user_0113,art,manual,art_v3,0.822,1770770918000,3,42.333333333333336,3,0,1770770640000.0,1770770903000.0,3,207.0,4.383333333333334,2,1.0,0.0,1,user_0113,0
label_chat_00573,chat_00573,user_0113,default,manual,default_v3,0.224,1771129988000,5,40.6,0,0,1771129560000.0,1771129976000.0,5,164.4,6.933333333333334,4,0.0,0.0,0,user_0113,0
label_chat_00574,chat_00574,user_0113,art,manual,art_v3,0.798,1771414733000,3,46.66666666666666,4,0,1771414260000.0,1771414716000.0,3,167.0,7.6,2,1.3333333333333333,0.0,1,user_0113,0
label_chat_00575,chat_00575,user_0113,art,manual,art_v3,0.76,1771596515000,3,44.0,4,1,1771596120000.0,1771596502000.0,3,152.66666666666666,6.366666666666666,2,1.3333333333333333,0.3333333333333333,1,user_0113,0
label_chat_00576,chat_00576,user_0113,art,manual,art_v3,0.752,1771788299000,4,38.5,5,0,1771787760000.0,1771788286000.0,4,172.5,8.766666666666667,3,1.25,0.0,1,user_0113,0
label_chat_00577,chat_00577,user_0114,default,manual,default_v3,0.319,1769372165000,4,40.0,0,0,1769371740000.0,1769372148000.0,4,181.5,6.8,3,0.0,0.0,0,user_0114,0
label_chat_00578,chat_00578,user_0114,default,manual,default_v3,0.167,1769485445000,4,36.0,0,0,1769485080000.0,1769485432000.0,4,196.0,5.866666666666666,3,0.0,0.0,0,user_0114,0
label_chat_00579,chat_00579,user_0114,default,manual,default_v3,0.279,1769585526000,5,28.0,1,0,1769584920000.0,1769585509000.0,5,176.0,9.816666666666666,4,0.2,0.0,0,user_0114,0
label_chat_00580,chat_00580,user_0114,default,manual,default_v3,0.279,1769682527000,4,29.75,0,0,1769681940000.0,1769682515000.0,4,210.25,9.583333333333334,3,0.0,0.0,0,user_0114,0
label_chat_00581,chat_00581,user_0114,default,manual,default_v3,0.258,1769945638000,3,36.66666666666666,0,0,1769945400000.0,1769945620000.0,3,209.66666666666663,3.6666666666666665,2,0.0,0.0,0,user_0114,0
label_chat_00582,chat_00582,user_0115,default,manual,default_v3,0.201,1769713781000,3,37.66666666666666,0,0,1769713620000.0,1769713768000.0,3,171.33333333333334,2.466666666666667,2,0.0,0.0,0,user_0115,0
label_chat_00583,chat_00583,user_0115,default,manual,default_v3,0.271,1769988299000,4,36.0,0,0,1769987580000.0,1769988285000.0,4,199.75,11.75,3,0.0,0.0,0,user_0115,0
label_chat_00584,chat_00584,user_0115,default,manual,default_v3,0.301,1770264828000,3,34.0,0,0,1770264360000.0,1770264813000.0,3,141.0,7.55,2,0.0,0.0,0,user_0115,0
label_chat_00585,chat_00585,user_0115,default,manual,default_v3,0.305,1770370963000,3,33.0,0,0,1770370500000.0,1770370952000.0,3,180.0,7.533333333333333,2,0.0,0.0,0,user_0115,0
label_chat_00586,chat_00586,user_0115,default,manual,default_v3,0.312,1770473338000,5,32.8,1,0,1770472800000.0,1770473328000.0,5,162.4,8.8,4,0.2,0.0,0,user_0115,0
label_chat_00587,chat_00587,user_0115,default,manual,default_v3,0.227,1770837717000,4,37.25,1,0,1770837060000.0,1770837707000.0,4,136.0,10.783333333333331,3,0.25,0.0,0,user_0115,0
label_chat_00588,chat_00588,user_0116,default,manual,default_v3,0.248,1770408791000,4,39.25,1,2,1770408240000.0,1770408773000.0,4,192.75,8.883333333333333,3,0.25,0.5,0,user_0116,0
label_chat_00589,chat_00589,user_0116,default,manual,default_v3,0.187,1770516977000,5,36.2,1,2,1770516180000.0,1770516961000.0,5,159.8,13.016666666666667,4,0.2,0.4,0,user_0116,0
label_chat_00590,chat_00590,user_0116,default,manual,default_v3,0.349,1770608338000,4,41.75,1,1,1770607680000.0,1770608326000.0,4,213.75,10.766666666666667,3,0.25,0.25,0,user_0116,0
label_chat_00591,chat_00591,user_0116,default,manual,default_v3,0.162,1770702729000,5,38.8,0,2,1770702000000.0,1770702719000.0,5,145.8,11.983333333333333,4,0.0,0.4,0,user_0116,0
label_chat_00592,chat_00592,user_0117,default,manual,default_v3,0.41,1772303029000,3,41.333333333333336,1,0,1772302620000.0,1772303012000.0,3,181.66666666666663,6.533333333333333,2,0.3333333333333333,0.0,0,user_0117,0
label_chat_00593,chat_00593,user_0117,default,manual,default_v3,0.372,1772500064000,3,43.333333333333336,3,0,1772499780000.0,1772500050000.0,3,171.33333333333334,4.5,2,1.0,0.0,0,user_0117,0
label_chat_00594,chat_00594,user_0117,art,manual,art_v3,0.758,1772861256000,3,50.66666666666666,4,0,1772860980000.0,1772861244000.0,3,116.66666666666669,4.4,2,1.3333333333333333,0.0,1,user_0117,0
label_chat_00595,chat_00595,user_0117,default,manual,default_v3,0.333,1773310808000,4,42.25,1,0,1773310020000.0,1773310790000.0,4,171.0,12.833333333333334,3,0.25,0.0,0,user_0117,0
label_chat_00596,chat_00596,user_0117,art,manual,art_v3,0.89,1773578701000,4,40.75,6,0,1773577920000.0,1773578690000.0,4,222.0,12.833333333333334,3,1.5,0.0,1,user_0117,0
label_chat_00597,chat_00597,user_0117,art,manual,art_v3,0.806,1773686643000,4,42.5,7,1,1773686040000.0,1773686625000.0,4,208.5,9.75,3,1.75,0.25,1,user_0117,0
label_chat_00598,chat_00598,user_0118,default,manual,default_v3,0.266,1772821084000,4,45.0,0,0,1772820840000.0,1772821067000.0,4,168.25,3.783333333333333,3,0.0,0.0,0,user_0118,0
label_chat_00599,chat_00599,user_0118,default,manual,default_v3,0.452,1773011319000,3,42.333333333333336,4,0,1773010920000.0,1773011309000.0,3,208.33333333333331,6.483333333333333,2,1.3333333333333333,0.0,0,user_0118,0
label_chat_00600,chat_00600,user_0118,default,manual,default_v3,0.405,1773108648000,3,40.333333333333336,2,0,1773108420000.0,1773108630000.0,3,192.0,3.5,2,0.6666666666666666,0.0,0,user_0118,0
label_chat_00601,chat_00601,user_0118,default,manual,default_v3,0.394,1773202444000,4,43.25,2,0,1773201900000.0,1773202426000.0,4,192.5,8.766666666666667,3,0.5,0.0,0,user_0118,0
label_chat_00602,chat_00602,user_0119,art,manual,art_v3,0.792,1774203517000,3,47.333333333333336,3,0,1774202880000.0,1774203507000.0,3,109.33333333333331,10.45,2,1.0,0.0,1,user_0119,0
label_chat_00603,chat_00603,user_0119,art,manual,art_v3,0.778,1774385354000,5,41.6,3,0,1774384740000.0,1774385336000.0,5,187.4,9.933333333333334,4,0.6,0.0,1,user_0119,0
label_chat_00604,chat_00604,user_0119,art,manual,art_v3,0.756,1774657025000,4,45.25,1,0,1774656420000.0,1774657007000.0,4,145.5,9.783333333333331,3,0.25,0.0,1,user_0119,0
label_chat_00605,chat_00605,user_0119,art,manual,art_v3,0.792,1775100768000,3,43.333333333333336,3,0,1775100300000.0,1775100750000.0,3,187.66666666666663,7.5,2,1.0,0.0,1,user_0119,0
label_chat_00606,chat_00606,user_0119,art,manual,art_v3,0.795,1775281370000,3,41.0,4,0,1775280780000.0,1775281357000.0,3,165.0,9.616666666666667,2,1.3333333333333333,0.0,1,user_0119,0
label_chat_00607,chat_00607,user_0120,art,manual,art_v3,0.765,1767651194000,5,39.6,6,0,1767650520000.0,1767651180000.0,5,156.4,11.0,4,1.2,0.0,1,user_0120,0
label_chat_00608,chat_00608,user_0120,default,manual,default_v3,0.212,1768099141000,4,40.25,0,0,1768098480000.0,1768099125000.0,4,191.5,10.75,3,0.0,0.0,0,user_0120,0
label_chat_00609,chat_00609,user_0120,art,manual,art_v3,0.747,1768289948000,4,41.25,6,0,1768289400000.0,1768289930000.0,4,150.75,8.833333333333334,3,1.5,0.0,1,user_0120,0
label_chat_00610,chat_00610,user_0120,default,manual,default_v3,0.338,1768488409000,3,46.0,1,1,1768488240000.0,1768488395000.0,3,187.33333333333331,2.583333333333333,2,0.3333333333333333,0.3333333333333333,0,user_0120,0
label_chat_00611,chat_00611,user_0121,default,manual,default_v3,0.273,1773174132000,5,37.6,1,2,1773173220000.0,1773174119000.0,5,199.8,14.983333333333333,4,0.2,0.4,0,user_0121,0
label_chat_00612,chat_00612,user_0121,default,manual,default_v3,0.291,1773617046000,4,37.5,0,1,1773616200000.0,1773617028000.0,4,162.0,13.8,3,0.0,0.25,0,user_0121,0
label_chat_00613,chat_00613,user_0121,default,manual,default_v3,0.233,1773893448000,3,39.0,0,1,1773893100000.0,1773893433000.0,3,231.66666666666663,5.55,2,0.0,0.3333333333333333,0,user_0121,0
label_chat_00614,chat_00614,user_0121,default,manual,default_v3,0.36,1774083016000,5,38.0,1,1,1774082340000.0,1774082998000.0,5,168.4,10.966666666666669,4,0.2,0.2,0,user_0121,0
label_chat_00615,chat_00615,user_0122,art,manual,art_v3,0.751,1773687479000,5,38.6,7,0,1773686640000.0,1773687466000.0,5,172.4,13.766666666666667,4,1.4,0.0,1,user_0122,0
label_chat_00616,chat_00616,user_0122,art,manual,art_v3,0.642,1773883848000,3,43.66666666666666,1,0,1773883380000.0,1773883830000.0,3,163.0,7.5,2,0.3333333333333333,0.0,1,user_0122,0
label_chat_00617,chat_00617,user_0122,art,manual,art_v3,0.828,1774158819000,3,46.66666666666666,5,0,1774158300000.0,1774158801000.0,3,149.0,8.35,2,1.6666666666666667,0.0,1,user_0122,0
label_chat_00618,chat_00618,user_0122,art,manual,art_v3,0.867,1774344115000,4,40.25,4,0,1774343580000.0,1774344103000.0,4,145.5,8.716666666666667,3,1.0,0.0,1,user_0122,0
label_chat_00619,chat_00619,user_0122,art,manual,art_v3,0.837,1774703829000,5,38.6,3,0,1774703040000.0,1774703814000.0,5,179.6,12.9,4,0.6,0.0,1,user_0122,0
label_chat_00620,chat_00620,user_0123,default,manual,default_v3,0.355,1770162979000,5,38.6,2,0,1770162180000.0,1770162962000.0,5,176.0,13.033333333333331,4,0.4,0.0,0,user_0123,0
label_chat_00621,chat_00621,user_0123,default,manual,default_v3,0.344,1770441002000,4,41.0,1,0,1770440400000.0,1770440988000.0,4,179.75,9.8,3,0.25,0.0,0,user_0123,0
label_chat_00622,chat_00622,user_0123,default,manual,default_v3,0.403,1770898793000,4,44.5,2,0,1770898320000.0,1770898775000.0,4,140.75,7.583333333333333,3,0.5,0.0,0,user_0123,0
label_chat_00623,chat_00623,user_0123,default,manual,default_v3,0.316,1771177666000,3,40.333333333333336,2,0,1771177320000.0,1771177651000.0,3,226.0,5.516666666666667,2,0.6666666666666666,0.0,0,user_0123,0
label_chat_00624,chat_00624,user_0123,default,manual,default_v3,0.477,1771633731000,4,36.0,2,0,1771633320000.0,1771633718000.0,4,167.25,6.633333333333334,3,0.5,0.0,0,user_0123,0
label_chat_00625,chat_00625,user_0123,default,manual,default_v3,0.458,1771998722000,4,41.0,3,0,1771997880000.0,1771998706000.0,4,174.5,13.766666666666667,3,0.75,0.0,0,user_0123,0
label_chat_00626,chat_00626,user_0124,default,manual,default_v3,0.219,1769888888000,5,37.0,0,0,1769888160000.0,1769888877000.0,5,140.8,11.95,4,0.0,0.0,0,user_0124,0
label_chat_00627,chat_00627,user_0124,default,manual,default_v3,0.179,1770236162000,4,41.75,1,0,1770235680000.0,1770236145000.0,4,180.0,7.75,3,0.25,0.0,0,user_0124,0
label_chat_00628,chat_00628,user_0124,default,manual,default_v3,0.161,1770426832000,4,43.25,0,0,1770426120000.0,1770426820000.0,4,169.75,11.666666666666666,3,0.0,0.0,0,user_0124,0
label_chat_00629,chat_00629,user_0124,default,manual,default_v3,0.341,1770784029000,5,42.2,1,0,1770783480000.0,1770784011000.0,5,186.4,8.85,4,0.2,0.0,0,user_0124,0
label_chat_00630,chat_00630,user_0124,default,manual,default_v3,0.184,1771231917000,4,35.75,0,0,1771231500000.0,1771231904000.0,4,125.25,6.733333333333333,3,0.0,0.0,0,user_0124,0
label_chat_00631,chat_00631,user_0125,art,manual,art_v3,0.862,1767381505000,5,38.4,6,0,1767380520000.0,1767381493000.0,5,169.4,16.216666666666665,4,1.2,0.0,1,user_0125,0
label_chat_00632,chat_00632,user_0125,art,manual,art_v3,0.735,1767836887000,5,38.6,5,0,1767836160000.0,1767836871000.0,5,183.6,11.85,4,1.0,0.0,1,user_0125,0
label_chat_00633,chat_00633,user_0125,art,manual,art_v3,0.803,1768283901000,5,40.0,4,0,1768283100000.0,1768283884000.0,5,170.2,13.066666666666666,4,0.8,0.0,1,user_0125,0
label_chat_00634,chat_00634,user_0125,default,manual,default_v3,0.219,1768716957000,4,37.75,1,0,1768716360000.0,1768716944000.0,4,189.75,9.733333333333333,3,0.25,0.0,0,user_0125,0
label_chat_00635,chat_00635,user_0125,art,manual,art_v3,0.72,1769066866000,3,43.0,4,0,1769066640000.0,1769066848000.0,3,208.0,3.466666666666667,2,1.3333333333333333,0.0,1,user_0125,0
label_chat_00636,chat_00636,user_0125,art,manual,art_v3,0.745,1769260268000,5,38.6,4,0,1769259840000.0,1769260258000.0,5,177.8,6.966666666666667,4,0.8,0.0,1,user_0125,0
label_chat_00637,chat_00637,user_0126,art,manual,art_v3,0.781,1771191735000,5,43.2,3,0,1771190760000.0,1771191721000.0,5,163.0,16.016666666666666,4,0.6,0.0,1,user_0126,0
label_chat_00638,chat_00638,user_0126,art,manual,art_v3,0.704,1771296485000,4,46.25,4,0,1771295700000.0,1771296473000.0,4,174.0,12.883333333333333,3,1.0,0.0,1,user_0126,0
label_chat_00639,chat_00639,user_0126,default,manual,default_v3,0.253,1771666728000,3,43.0,0,0,1771666440000.0,1771666710000.0,3,181.33333333333331,4.5,2,0.0,0.0,0,user_0126,0
label_chat_00640,chat_00640,user_0126,art,manual,art_v3,0.875,1772112017000,5,40.8,6,1,1772111160000.0,1772112002000.0,5,205.4,14.033333333333331,4,1.2,0.2,1,user_0126,0
label_chat_00641,chat_00641,user_0126,art,manual,art_v3,0.685,1772460638000,3,45.66666666666666,3,0,1772460360000.0,1772460627000.0,3,172.66666666666666,4.45,2,1.0,0.0,1,user_0126,0
label_chat_00642,chat_00642,user_0127,art,manual,art_v3,0.76,1771961023000,3,45.0,1,1,1771960380000.0,1771961005000.0,3,203.0,10.416666666666666,2,0.3333333333333333,0.3333333333333333,1,user_0127,0
label_chat_00643,chat_00643,user_0127,art,manual,art_v3,0.762,1772154999000,3,36.333333333333336,3,0,1772154360000.0,1772154987000.0,3,142.0,10.45,2,1.0,0.0,1,user_0127,0
label_chat_00644,chat_00644,user_0127,art,manual,art_v3,0.758,1772248801000,4,41.5,5,0,1772248200000.0,1772248783000.0,4,168.75,9.716666666666669,3,1.25,0.0,1,user_0127,0
label_chat_00645,chat_00645,user_0127,art,manual,art_v3,0.712,1772448585000,3,44.0,3,2,1772448300000.0,1772448575000.0,3,217.33333333333331,4.583333333333333,2,1.0,0.6666666666666666,1,user_0127,0
label_chat_00646,chat_00646,user_0127,art,manual,art_v3,0.785,1772714034000,4,39.0,3,0,1772713740000.0,1772714021000.0,4,173.25,4.683333333333334,3,0.75,0.0,1,user_0127,0
label_chat_00647,chat_00647,user_0127,default,manual,default_v3,0.319,1773080164000,5,37.0,0,3,1773079320000.0,1773080149000.0,5,182.8,13.816666666666666,4,0.0,0.6,0,user_0127,0
label_chat_00648,chat_00648,user_0128,art,manual,art_v3,0.808,1772483650000,5,43.2,5,0,1772482920000.0,1772483637000.0,5,130.8,11.95,4,1.0,0.0,1,user_0128,0
label_chat_00649,chat_00649,user_0128,art,manual,art_v3,0.876,1772669395000,4,40.5,4,0,1772668980000.0,1772669382000.0,4,177.25,6.7,3,1.0,0.0,1,user_0128,0
label_chat_00650,chat_00650,user_0128,art,manual,art_v3,0.769,1772950605000,3,44.66666666666666,2,0,1772950020000.0,1772950587000.0,3,203.0,9.45,2,0.6666666666666666,0.0,1,user_0128,0
label_chat_00651,chat_00651,user_0128,art,manual,art_v3,0.626,1773228814000,3,48.0,1,0,1773228420000.0,1773228800000.0,3,195.0,6.333333333333333,2,0.3333333333333333,0.0,1,user_0128,0
label_chat_00652,chat_00652,user_0128,art,manual,art_v3,0.782,1773408675000,5,41.2,5,0,1773408000000.0,1773408665000.0,5,205.2,11.083333333333334,4,1.0,0.0,1,user_0128,0
label_chat_00653,chat_00653,user_0128,art,manual,art_v3,0.715,1773671261000,3,44.0,5,0,1773670800000.0,1773671246000.0,3,189.66666666666663,7.433333333333334,2,1.6666666666666667,0.0,1,user_0128,0
label_chat_00654,chat_00654,user_0129,default,manual,default_v3,0.195,1770662804000,3,43.0,0,0,1770662340000.0,1770662791000.0,3,175.0,7.516666666666667,2,0.0,0.0,0,user_0129,0
label_chat_00655,chat_00655,user_0129,default,manual,default_v3,0.296,1770772619000,4,40.25,1,0,1770771780000.0,1770772608000.0,4,142.0,13.8,3,0.25,0.0,0,user_0129,0
label_chat_00656,chat_00656,user_0129,default,manual,default_v3,0.199,1770876465000,3,42.66666666666666,1,0,1770876060000.0,1770876454000.0,3,188.66666666666663,6.566666666666666,2,0.3333333333333333,0.0,0,user_0129,0
label_chat_00657,chat_00657,user_0129,default,manual,default_v3,0.224,1771334286000,5,36.8,0,0,1771333440000.0,1771334271000.0,5,220.4,13.85,4,0.0,0.0,0,user_0129,0
label_chat_00658,chat_00658,user_0130,art,manual,art_v3,0.748,1767479629000,3,43.66666666666666,3,0,1767479040000.0,1767479618000.0,3,131.33333333333334,9.633333333333333,2,1.0,0.0,1,user_0130,0
label_chat_00659,chat_00659,user_0130,art,manual,art_v3,0.802,1767663974000,5,39.4,7,1,1767663240000.0,1767663957000.0,5,155.8,11.95,4,1.4,0.2,1,user_0130,0
label_chat_00660,chat_00660,user_0130,art,manual,art_v3,0.844,1768012865000,4,44.0,5,0,1768012080000.0,1768012849000.0,4,211.5,12.816666666666666,3,1.25,0.0,1,user_0130,0
label_chat_00661,chat_00661,user_0130,art,manual,art_v3,0.816,1768189492000,3,42.66666666666666,3,0,1768189200000.0,1768189478000.0,3,190.0,4.633333333333334,2,1.0,0.0,1,user_0130,0
label_chat_00662,chat_00662,user_0131,default,manual,default_v3,0.314,1774035652000,3,46.0,1,0,1774035420000.0,1774035634000.0,3,228.66666666666663,3.566666666666667,2,0.3333333333333333,0.0,0,user_0131,0
label_chat_00663,chat_00663,user_0131,default,manual,default_v3,0.217,1774308054000,4,40.0,1,0,1774307520000.0,1774308041000.0,4,168.75,8.683333333333334,3,0.25,0.0,0,user_0131,0
label_chat_00664,chat_00664,user_0131,default,manual,default_v3,0.222,1774498689000,5,38.4,0,0,1774497900000.0,1774498678000.0,5,169.2,12.966666666666669,4,0.0,0.0,0,user_0131,0
label_chat_00665,chat_00665,user_0131,default,manual,default_v3,0.287,1774599782000,5,36.6,0,0,1774598940000.0,1774599769000.0,5,149.4,13.816666666666666,4,0.0,0.0,0,user_0131,0
label_chat_00666,chat_00666,user_0131,default,manual,default_v3,0.26,1775046241000,4,39.5,0,0,1775045640000.0,1775046231000.0,4,142.75,9.85,3,0.0,0.0,0,user_0131,0
label_chat_00667,chat_00667,user_0131,default,manual,default_v3,0.186,1775395684000,5,43.6,1,0,1775394600000.0,1775395673000.0,5,175.8,17.883333333333333,4,0.2,0.0,0,user_0131,0
label_chat_00668,chat_00668,user_0132,art,manual,art_v3,0.735,1771011521000,3,30.666666666666668,4,0,1771011000000.0,1771011504000.0,3,127.66666666666669,8.4,2,1.3333333333333333,0.0,1,user_0132,0
label_chat_00669,chat_00669,user_0132,art,manual,art_v3,0.642,1771468656000,3,39.66666666666666,2,0,1771468260000.0,1771468642000.0,3,222.0,6.366666666666666,2,0.6666666666666666,0.0,1,user_0132,0
label_chat_00670,chat_00670,user_0132,default,manual,default_v3,0.258,1771835051000,5,36.8,0,0,1771833840000.0,1771835036000.0,5,175.4,19.933333333333334,4,0.0,0.0,0,user_0132,0
label_chat_00671,chat_00671,user_0132,default,manual,default_v3,0.187,1772188196000,4,31.5,1,0,1772187600000.0,1772188178000.0,4,157.75,9.633333333333333,3,0.25,0.0,0,user_0132,0
label_chat_00672,chat_00672,user_0132,art,manual,art_v3,0.745,1772382323000,5,31.0,5,0,1772381640000.0,1772382305000.0,5,131.6,11.083333333333334,4,1.0,0.0,1,user_0132,0
label_chat_00673,chat_00673,user_0132,default,manual,default_v3,0.24,1772832950000,4,35.0,0,0,1772832360000.0,1772832938000.0,4,170.5,9.633333333333333,3,0.0,0.0,0,user_0132,0
label_chat_00674,chat_00674,user_0133,default,manual,default_v3,0.366,1772147375000,3,29.33333333333333,1,0,1772146860000.0,1772147362000.0,3,160.33333333333334,8.366666666666667,2,0.3333333333333333,0.0,0,user_0133,0
label_chat_00675,chat_00675,user_0133,default,manual,default_v3,0.242,1772605852000,4,34.25,2,0,1772605380000.0,1772605837000.0,4,187.75,7.616666666666666,3,0.5,0.0,0,user_0133,0
label_chat_00676,chat_00676,user_0133,default,manual,default_v3,0.267,1772789383000,3,29.33333333333333,0,0,1772788860000.0,1772789368000.0,3,219.66666666666663,8.466666666666667,2,0.0,0.0,0,user_0133,0
label_chat_00677,chat_00677,user_0133,default,manual,default_v3,0.185,1773225107000,3,24.33333333333333,0,0,1773224460000.0,1773225089000.0,3,159.0,10.483333333333333,2,0.0,0.0,0,user_0133,0
label_chat_00678,chat_00678,user_0134,default,manual,default_v3,0.383,1774725351000,3,46.0,1,0,1774725120000.0,1774725337000.0,3,207.66666666666663,3.6166666666666663,2,0.3333333333333333,0.0,0,user_0134,0
label_chat_00679,chat_00679,user_0134,default,manual,default_v3,0.367,1774819433000,4,39.25,2,0,1774819020000.0,1774819422000.0,4,157.5,6.7,3,0.5,0.0,0,user_0134,0
label_chat_00680,chat_00680,user_0134,default,manual,default_v3,0.477,1775184553000,5,36.8,3,0,1775183940000.0,1775184541000.0,5,169.4,10.016666666666667,4,0.6,0.0,0,user_0134,0
label_chat_00681,chat_00681,user_0134,default,manual,default_v3,0.257,1775445890000,3,37.66666666666666,1,0,1775445240000.0,1775445878000.0,3,180.33333333333331,10.633333333333333,2,0.3333333333333333,0.0,0,user_0134,0
label_chat_00682,chat_00682,user_0135,default,manual,default_v3,0.216,1768778345000,4,36.75,2,0,1768777920000.0,1768778328000.0,4,199.0,6.8,3,0.5,0.0,0,user_0135,0
label_chat_00683,chat_00683,user_0135,art,manual,art_v3,0.689,1769235768000,3,39.0,3,0,1769235420000.0,1769235757000.0,3,209.0,5.616666666666666,2,1.0,0.0,1,user_0135,0
label_chat_00684,chat_00684,user_0135,art,manual,art_v3,0.868,1769675106000,4,44.5,3,0,1769674500000.0,1769675091000.0,4,209.75,9.85,3,0.75,0.0,1,user_0135,0
label_chat_00685,chat_00685,user_0135,art,manual,art_v3,0.831,1769774933000,3,44.0,2,0,1769774520000.0,1769774915000.0,3,124.66666666666669,6.583333333333333,2,0.6666666666666666,0.0,1,user_0135,0
label_chat_00686,chat_00686,user_0136,art,manual,art_v3,0.697,1772311618000,4,40.25,6,1,1772311140000.0,1772311603000.0,4,161.25,7.716666666666667,3,1.5,0.25,1,user_0136,0
label_chat_00687,chat_00687,user_0136,art,manual,art_v3,0.735,1772400286000,3,43.333333333333336,4,0,1772399700000.0,1772400268000.0,3,179.66666666666666,9.466666666666669,2,1.3333333333333333,0.0,1,user_0136,0
label_chat_00688,chat_00688,user_0136,art,manual,art_v3,0.809,1772680335000,5,41.8,4,0,1772679720000.0,1772680322000.0,5,145.8,10.033333333333331,4,0.8,0.0,1,user_0136,0
label_chat_00689,chat_00689,user_0136,default,manual,default_v3,0.333,1773046559000,4,46.0,2,0,1773045900000.0,1773046546000.0,4,150.5,10.766666666666667,3,0.5,0.0,0,user_0136,0
label_chat_00690,chat_00690,user_0136,art,manual,art_v3,0.824,1773482742000,3,39.66666666666666,5,0,1773482580000.0,1773482730000.0,3,176.33333333333334,2.5,2,1.6666666666666667,0.0,1,user_0136,0
label_chat_00691,chat_00691,user_0136,art,manual,art_v3,0.8,1773584517000,4,40.25,3,0,1773583620000.0,1773584506000.0,4,175.0,14.766666666666667,3,0.75,0.0,1,user_0136,0
label_chat_00692,chat_00692,user_0137,default,manual,default_v3,0.215,1772228060000,5,38.0,0,1,1772227380000.0,1772228046000.0,5,170.2,11.1,4,0.0,0.2,0,user_0137,0
label_chat_00693,chat_00693,user_0137,art,manual,art_v3,0.722,1772504093000,4,46.25,4,2,1772503620000.0,1772504077000.0,4,175.0,7.616666666666666,3,1.0,0.5,1,user_0137,0
label_chat_00694,chat_00694,user_0137,art,manual,art_v3,0.699,1772784589000,3,44.0,2,0,1772784240000.0,1772784576000.0,3,230.66666666666663,5.6,2,0.6666666666666666,0.0,1,user_0137,0
label_chat_00695,chat_00695,user_0137,art,manual,art_v3,0.759,1773136075000,4,43.75,2,1,1773135660000.0,1773136057000.0,4,158.75,6.616666666666666,3,0.5,0.25,1,user_0137,0
label_chat_00696,chat_00696,user_0137,art,manual,art_v3,0.81,1773402965000,5,36.2,6,0,1773402060000.0,1773402954000.0,5,188.6,14.9,4,1.2,0.0,1,user_0137,0
label_chat_00697,chat_00697,user_0138,default,manual,default_v3,0.263,1769726521000,5,32.8,1,0,1769725860000.0,1769726507000.0,5,156.0,10.783333333333331,4,0.2,0.0,0,user_0138,0
label_chat_00698,chat_00698,user_0138,default,manual,default_v3,0.498,1770007333000,5,40.8,5,0,1770006840000.0,1770007322000.0,5,135.6,8.033333333333333,4,1.0,0.0,0,user_0138,0
label_chat_00699,chat_00699,user_0138,default,manual,default_v3,0.393,1770364024000,4,37.25,3,0,1770363180000.0,1770364007000.0,4,203.25,13.783333333333331,3,0.75,0.0,0,user_0138,0
label_chat_00700,chat_00700,user_0138,default,manual,default_v3,0.32,1770540201000,5,37.4,4,0,1770539520000.0,1770540183000.0,5,160.8,11.05,4,0.8,0.0,0,user_0138,0
label_chat_00701,chat_00701,user_0138,default,manual,default_v3,0.311,1770734658000,5,36.4,1,0,1770733560000.0,1770734643000.0,5,185.8,18.05,4,0.2,0.0,0,user_0138,0
label_chat_00702,chat_00702,user_0138,default,manual,default_v3,0.33,1770931029000,5,40.8,1,0,1770930360000.0,1770931017000.0,5,183.8,10.95,4,0.2,0.0,0,user_0138,0
label_chat_00703,chat_00703,user_0139,art,manual,art_v3,0.782,1770748140000,4,45.75,4,0,1770747480000.0,1770748126000.0,4,160.5,10.766666666666667,3,1.0,0.0,1,user_0139,0
label_chat_00704,chat_00704,user_0139,art,manual,art_v3,0.831,1770946331000,5,41.0,7,3,1770945300000.0,1770946317000.0,5,175.2,16.95,4,1.4,0.6,1,user_0139,0
label_chat_00705,chat_00705,user_0139,art,manual,art_v3,0.806,1771385336000,4,43.5,3,0,1771384500000.0,1771385319000.0,4,140.0,13.65,3,0.75,0.0,1,user_0139,0
label_chat_00706,chat_00706,user_0139,art,manual,art_v3,0.804,1771579877000,5,36.8,2,3,1771579020000.0,1771579862000.0,5,173.4,14.033333333333331,4,0.4,0.6,1,user_0139,0
label_chat_00707,chat_00707,user_0139,art,manual,art_v3,0.716,1771678147000,5,41.2,2,2,1771677300000.0,1771678136000.0,5,158.6,13.933333333333334,4,0.4,0.4,1,user_0139,0
label_chat_00708,chat_00708,user_0139,default,manual,default_v3,0.315,1772037162000,4,42.75,0,1,1772036640000.0,1772037152000.0,4,220.75,8.533333333333333,3,0.0,0.25,0,user_0139,0
label_chat_00709,chat_00709,user_0140,default,manual,default_v3,0.322,1770233038000,4,39.5,2,0,1770232500000.0,1770233024000.0,4,153.0,8.733333333333333,3,0.5,0.0,0,user_0140,0
label_chat_00710,chat_00710,user_0140,default,manual,default_v3,0.344,1770581951000,5,40.4,2,0,1770580980000.0,1770581934000.0,5,170.6,15.9,4,0.4,0.0,0,user_0140,0
label_chat_00711,chat_00711,user_0140,default,manual,default_v3,0.319,1770935768000,4,35.0,1,0,1770935280000.0,1770935754000.0,4,188.5,7.9,3,0.25,0.0,0,user_0140,0
label_chat_00712,chat_00712,user_0140,default,manual,default_v3,0.513,1771283772000,5,37.0,4,0,1771283040000.0,1771283761000.0,5,183.4,12.016666666666667,4,0.8,0.0,0,user_0140,0
label_chat_00713,chat_00713,user_0140,default,manual,default_v3,0.325,1771481938000,5,41.8,2,0,1771481160000.0,1771481923000.0,5,174.2,12.716666666666669,4,0.4,0.0,0,user_0140,0
aug_v3_000001,aug_chat_000001,aug_user_0_0000,default,synthetic_aug_v3,default_v3,0.3630284649826764,1774119249000,6,41.765422169181946,3,0,,,6,165.42133851183516,7.757213781331107,5,0.5,0.0,0,user_0010,1
aug_v3_000002,aug_chat_000002,aug_user_0_0000,default,synthetic_aug_v3,default_v3,0.25962629261016096,1768282006000,4,46.15092355426507,0,0,,,4,206.55885102044036,4.007088200610565,3,0.0,0.0,0,user_0023,1
aug_v3_000003,aug_chat_000003,aug_user_0_0000,default,synthetic_aug_v3,default_v3,0.27994108937539663,1769999630000,4,38.76655109435507,0,0,,,4,221.6451914388121,11.396240073046263,3,0.0,0.0,0,user_0033,1
aug_v3_000004,aug_chat_000004,aug_user_0_0001,default,synthetic_aug_v3,default_v3,0.26419130371854105,1767868859000,3,43.44755857010649,0,0,,,3,178.48221973279578,11.064994791873524,2,0.0,0.0,0,user_0060,1
aug_v3_000005,aug_chat_000005,aug_user_0_0001,default,synthetic_aug_v3,default_v3,0.13850638742137994,1774546375000,3,38.477483626023655,0,2,,,3,151.39605994109453,11.79908087036733,2,0.0,0.6666666666666666,0,user_0107,1
aug_v3_000006,aug_chat_000006,aug_user_0_0001,default,synthetic_aug_v3,default_v3,0.31296656526125893,1770079968000,4,45.10894888973224,0,0,,,4,230.83667105176656,8.802309980226324,3,0.0,0.0,0,user_0052,1
aug_v3_000007,aug_chat_000007,aug_user_0_0001,default,synthetic_aug_v3,default_v3,0.1830171327767968,1772289583000,3,44.49880115624132,0,0,,,3,177.5687228750109,6.7209845325420075,2,0.0,0.0,0,user_0105,1
aug_v3_000008,aug_chat_000008,aug_user_0_0002,default,synthetic_aug_v3,default_v3,0.24683642405712494,1772234882000,4,36.73864720944296,0,0,,,4,182.67548634526247,12.76508463652566,3,0.0,0.0,0,user_0083,1
aug_v3_000009,aug_chat_000009,aug_user_0_0002,default,synthetic_aug_v3,default_v3,0.2299019109094088,1767671657000,5,39.78170442198262,0,0,,,5,121.7914189262026,11.716930991014296,4,0.0,0.0,0,user_0039,1
aug_v3_000010,aug_chat_000010,aug_user_0_0002,default,synthetic_aug_v3,default_v3,0.315582809349595,1769902805000,4,41.013668599088554,1,0,,,4,173.72840294136597,8.471129069156115,3,0.25,0.0,0,user_0052,1
aug_v3_000011,aug_chat_000011,aug_user_0_0002,default,synthetic_aug_v3,default_v3,0.2321986730369633,1771366909000,4,39.139544386540464,0,0,,,4,176.8873960975225,11.292913054404666,3,0.0,0.0,0,user_0105,1
aug_v3_000012,aug_chat_000012,aug_user_0_0003,default,synthetic_aug_v3,default_v3,0.2231116274285159,1774781337000,3,40.00686259435529,3,4,,,3,153.09668674362672,11.035291967154826,2,1.0,1.3333333333333333,0,user_0029,1
aug_v3_000013,aug_chat_000013,aug_user_0_0003,default,synthetic_aug_v3,default_v3,0.2671036673882946,1770652004000,4,29.87623135967988,0,0,,,4,214.2534988141416,3.624811191224446,3,0.0,0.0,0,user_0053,1
aug_v3_000014,aug_chat_000014,aug_user_0_0003,default,synthetic_aug_v3,default_v3,0.2946570235949765,1767497475000,6,39.468877962689895,0,1,,,6,197.9263478859348,11.520955037754604,5,0.0,0.16666666666666666,0,user_0060,1
aug_v3_000015,aug_chat_000015,aug_user_0_0003,default,synthetic_aug_v3,default_v3,0.21671667113327836,1769646242000,3,44.6825692519026,0,1,,,3,159.4833887167564,13.379751597295561,2,0.0,0.3333333333333333,0,user_0024,1
aug_v3_000016,aug_chat_000016,aug_user_0_0004,default,synthetic_aug_v3,default_v3,0.2134248287311879,1775162160000,3,41.003244311840625,0,0,,,3,168.26191496656028,11.392367789241368,2,0.0,0.0,0,user_0034,1
aug_v3_000017,aug_chat_000017,aug_user_0_0004,default,synthetic_aug_v3,default_v3,0.128,1772312931000,3,33.97038454963132,0,4,,,3,206.06981890613676,3.2694677285077036,2,0.0,1.3333333333333333,0,user_0058,1
aug_v3_000018,aug_chat_000018,aug_user_0_0004,default,synthetic_aug_v3,default_v3,0.24127730963866484,1770860020000,2,50.98406955785877,1,0,,,2,143.51222238753255,11.933073637195971,1,0.5,0.0,0,user_0057,1
aug_v3_000019,aug_chat_000019,aug_user_0_0004,default,synthetic_aug_v3,default_v3,0.2302042746079038,1770538993000,5,41.82950214291718,0,0,,,5,162.29177914292745,15.994294525433613,4,0.0,0.0,0,user_0033,1
aug_v3_000020,aug_chat_000020,aug_user_0_0005,default,synthetic_aug_v3,default_v3,0.2640831991679254,1769451577000,4,39.50765418448224,0,0,,,4,144.48502508996597,5.173179928653166,3,0.0,0.0,0,user_0041,1
aug_v3_000021,aug_chat_000021,aug_user_0_0005,default,synthetic_aug_v3,default_v3,0.27256462621081695,1774308054000,3,44.17920557346184,0,0,,,3,172.45207971051508,8.14810061517239,2,0.0,0.0,0,user_0131,1
aug_v3_000022,aug_chat_000022,aug_user_0_0005,default,synthetic_aug_v3,default_v3,0.3402160269103977,1774083016000,5,33.84079603429318,0,0,,,4,196.20162637877425,13.802096777355192,4,0.0,0.0,0,user_0121,1
aug_v3_000023,aug_chat_000023,aug_user_0_0005,default,synthetic_aug_v3,default_v3,0.3168090922230412,1775449432000,5,35.280029862374285,1,0,,,5,173.2201435835642,9.016088469222673,4,0.2,0.0,0,user_0094,1
aug_v3_000024,aug_chat_000024,aug_user_0_0006,default,synthetic_aug_v3,default_v3,0.20091123298893,1770352904000,2,33.16078719939488,0,0,,,2,212.9574261986955,4.760659254035578,1,0.0,0.0,0,user_0033,1
aug_v3_000025,aug_chat_000025,aug_user_0_0006,default,synthetic_aug_v3,default_v3,0.3085255056934817,1769727299000,5,38.59434499719081,3,0,,,5,154.39435094416268,10.221627135341338,4,0.6,0.0,0,user_0004,1
aug_v3_000026,aug_chat_000026,aug_user_0_0006,default,synthetic_aug_v3,default_v3,0.21274256546194073,1773180940000,3,37.747623441148335,0,0,,,3,224.34522281152638,2.5855856238020896,2,0.0,0.0,0,user_0076,1
aug_v3_000027,aug_chat_000027,aug_user_0_0006,default,synthetic_aug_v3,default_v3,0.27137672074661745,1769581126000,4,37.47457526272823,2,4,,,4,151.9832470528977,12.37953815218008,3,0.5,1.0,0,user_0096,1
aug_v3_000028,aug_chat_000028,aug_user_0_0007,default,synthetic_aug_v3,default_v3,0.26231276643360063,1767644140000,3,44.472911220566026,1,0,,,2,143.4671081616876,2.882413463149724,2,0.3333333333333333,0.0,0,user_0014,1
aug_v3_000029,aug_chat_000029,aug_user_0_0007,default,synthetic_aug_v3,default_v3,0.26552416175689136,1772710851000,4,34.76969162314672,1,0,,,4,164.85480440357833,10.68214608831527,3,0.25,0.0,0,user_0054,1
aug_v3_000030,aug_chat_000030,aug_user_0_0007,default,synthetic_aug_v3,default_v3,0.3464556438953349,1769705169000,5,37.68722287329371,1,0,,,5,153.3814859663792,13.812427041124844,4,0.2,0.0,0,user_0017,1
aug_v3_000031,aug_chat_000031,aug_user_0_0007,default,synthetic_aug_v3,default_v3,0.21252876266161969,1773013933000,6,38.96214255548686,0,1,,,7,154.87843760081302,14.409928534857498,5,0.0,0.16666666666666666,0,user_0003,1
aug_v3_000032,aug_chat_000032,aug_user_0_0008,default,synthetic_aug_v3,default_v3,0.42916153123759215,1768873061000,4,45.34396762251468,6,0,,,4,129.61000000450517,7.3662819937781014,3,1.5,0.0,0,user_0011,1
aug_v3_000033,aug_chat_000033,aug_user_0_0008,default,synthetic_aug_v3,default_v3,0.254774166416582,1775445890000,4,36.952957869610806,0,0,,,4,183.51644066541647,11.105443746884257,3,0.0,0.0,0,user_0134,1
aug_v3_000034,aug_chat_000034,aug_user_0_0008,default,synthetic_aug_v3,default_v3,0.27697989224674546,1774204299000,2,50.604362078537136,0,0,,,2,183.4356382681024,6.374155339608496,1,0.0,0.0,0,user_0076,1
aug_v3_000035,aug_chat_000035,aug_user_0_0008,default,synthetic_aug_v3,default_v3,0.21715559087919067,1773015796000,6,40.047462010926694,0,0,,,6,165.14635126066588,12.700007801180034,5,0.0,0.0,0,user_0085,1
aug_v3_000036,aug_chat_000036,aug_user_0_0009,default,synthetic_aug_v3,default_v3,0.41887136051389684,1772502173000,4,46.1343770563144,3,0,,,4,150.40992322589153,15.214617241054741,3,0.75,0.0,0,user_0103,1
aug_v3_000037,aug_chat_000037,aug_user_0_0009,default,synthetic_aug_v3,default_v3,0.43445,1773001304000,4,40.17661449026372,5,0,,,4,202.27669669618612,10.365482039178243,3,1.25,0.0,0,user_0062,1
aug_v3_000038,aug_chat_000038,aug_user_0_0009,default,synthetic_aug_v3,default_v3,0.16698673674749592,1772600613000,3,29.12885393546675,0,0,,,3,138.76547195094082,3.3861968705493704,2,0.0,0.0,0,user_0015,1
aug_v3_000039,aug_chat_000039,aug_user_0_0009,default,synthetic_aug_v3,default_v3,0.43445,1769048395000,5,37.77768337788936,6,0,,,5,211.15746248418455,10.165608638685784,4,1.2,0.0,0,user_0017,1
aug_v3_000040,aug_chat_000040,aug_user_0_0010,default,synthetic_aug_v3,default_v3,0.36300375605489027,1771112839000,4,41.25546289855786,4,4,,,4,141.99044701818286,16.779351837230283,3,1.0,1.0,0,user_0036,1
aug_v3_000041,aug_chat_000041,aug_user_0_0010,default,synthetic_aug_v3,default_v3,0.3779390643520918,1773108648000,3,45.50972740649531,2,0,,,3,183.21217092562893,3.5566372332800924,2,0.6666666666666666,0.0,0,user_0118,1
aug_v3_000042,aug_chat_000042,aug_user_0_0010,default,synthetic_aug_v3,default_v3,0.30654458289367187,1773703207000,4,33.705191712967206,0,0,,,5,146.2618326352471,9.963912523674574,3,0.0,0.0,0,user_0002,1
aug_v3_000043,aug_chat_000043,aug_user_0_0010,default,synthetic_aug_v3,default_v3,0.20592508457357975,1772289583000,3,46.17170869845437,0,0,,,3,200.4971464908367,7.688904015471635,2,0.0,0.0,0,user_0105,1
aug_v3_000044,aug_chat_000044,aug_user_0_0011,default,synthetic_aug_v3,default_v3,0.22030099616441667,1771481938000,6,40.48332952008103,0,0,,,6,183.2787335948534,12.209579171088084,5,0.0,0.0,0,user_0140,1
aug_v3_000045,aug_chat_000045,aug_user_0_0011,default,synthetic_aug_v3,default_v3,0.3822174684567425,1772015230000,6,31.71911770607329,4,0,,,6,123.97908294593616,14.350154595973176,5,0.6666666666666666,0.0,0,user_0105,1
aug_v3_000046,aug_chat_000046,aug_user_0_0011,default,synthetic_aug_v3,default_v3,0.2837181442155972,1774664568000,3,42.86015873208456,0,0,,,3,186.00828614233046,6.544188410646639,2,0.0,0.0,0,user_0109,1
aug_v3_000047,aug_chat_000047,aug_user_0_0011,default,synthetic_aug_v3,default_v3,0.19232769765414037,1772620364000,3,39.11494335434227,0,0,,,3,181.2122596304134,4.378838610705889,2,0.0,0.0,0,user_0097,1
aug_v3_000048,aug_chat_000048,aug_user_0_0012,default,synthetic_aug_v3,default_v3,0.43278692762270415,1774265380000,2,45.850918096331306,2,0,,,2,181.82600488131195,5.736169508538301,1,1.0,0.0,0,user_0104,1
aug_v3_000049,aug_chat_000049,aug_user_0_0012,default,synthetic_aug_v3,default_v3,0.1844052111616603,1771735855000,3,40.45380413539296,0,1,,,3,150.99359578788884,5.945587570204236,2,0.0,0.3333333333333333,0,user_0055,1
aug_v3_000050,aug_chat_000050,aug_user_0_0012,default,synthetic_aug_v3,default_v3,0.27296756282526585,1768873061000,2,44.83019250167976,1,0,,,2,156.59395328712444,6.771157631780494,1,0.5,0.0,0,user_0011,1
aug_v3_000051,aug_chat_000051,aug_user_0_0012,default,synthetic_aug_v3,default_v3,0.24001521349743318,1771666728000,2,49.66407519875754,0,0,,,2,201.388679774319,3.8505884964694017,1,0.0,0.0,0,user_0126,1
aug_v3_000052,aug_chat_000052,aug_user_0_0013,default,synthetic_aug_v3,default_v3,0.24733262519466964,1773200868000,3,37.292940649422356,0,0,,,3,217.22028509268455,2.168455912905773,2,0.0,0.0,0,user_0074,1
aug_v3_000053,aug_chat_000053,aug_user_0_0013,default,synthetic_aug_v3,default_v3,0.25934688633289843,1775657519000,5,40.81375112239197,1,1,,,4,140.07169196841008,6.7849798711072875,4,0.2,0.2,0,user_0109,1
aug_v3_000054,aug_chat_000054,aug_user_0_0013,default,synthetic_aug_v3,default_v3,0.23501882213976835,1771666728000,4,42.01530435656842,0,0,,,4,189.56524250479768,4.291645687506171,3,0.0,0.0,0,user_0126,1
aug_v3_000055,aug_chat_000055,aug_user_0_0013,default,synthetic_aug_v3,default_v3,0.2418146652781314,1769682527000,4,32.995992106957104,0,0,,,5,229.0712642459547,8.549080497986447,3,0.0,0.0,0,user_0114,1
aug_v3_000056,aug_chat_000056,aug_user_0_0014,default,synthetic_aug_v3,default_v3,0.19832809865352216,1773061540000,4,37.89095727893628,0,0,,,4,224.65038849727318,3.4335888409445703,3,0.0,0.0,0,user_0009,1
aug_v3_000057,aug_chat_000057,aug_user_0_0014,default,synthetic_aug_v3,default_v3,0.3059428603942682,1772326131000,3,28.970317239837595,1,0,,,3,158.76325258796555,6.429809763815633,2,0.3333333333333333,0.0,0,user_0086,1
aug_v3_000058,aug_chat_000058,aug_user_0_0014,default,synthetic_aug_v3,default_v3,0.2466678998007346,1771961222000,3,34.966646435512665,0,0,,,3,232.25104905888864,8.905579753348475,2,0.0,0.0,0,user_0083,1
aug_v3_000059,aug_chat_000059,aug_user_0_0014,default,synthetic_aug_v3,default_v3,0.2808023098295143,1775203777000,2,36.44746975939828,1,0,,,3,217.71357114092623,8.640332442158982,1,0.5,0.0,0,user_0035,1
aug_v3_000060,aug_chat_000060,aug_user_0_0015,default,synthetic_aug_v3,default_v3,0.253609297835212,1773342911000,5,30.309102501393603,0,0,,,5,205.4100677344206,5.759121388828646,4,0.0,0.0,0,user_0006,1
aug_v3_000061,aug_chat_000061,aug_user_0_0015,default,synthetic_aug_v3,default_v3,0.2257668350046918,1769945638000,4,38.299164765403695,0,0,,,4,215.88156408362153,4.785956983168753,3,0.0,0.0,0,user_0114,1
aug_v3_000062,aug_chat_000062,aug_user_0_0015,default,synthetic_aug_v3,default_v3,0.27942245511303015,1775441084000,2,39.01364102754411,0,0,,,2,206.8608253822485,2.5728534597229102,1,0.0,0.0,0,user_0038,1
aug_v3_000063,aug_chat_000063,aug_user_0_0015,default,synthetic_aug_v3,default_v3,0.2705434175975072,1770264828000,2,32.224068086511984,0,0,,,2,148.73283368370016,7.762880087828012,1,0.0,0.0,0,user_0115,1
aug_v3_000064,aug_chat_000064,aug_user_0_0016,default,synthetic_aug_v3,default_v3,0.16016230030362918,1770018433000,4,37.2885192897697,0,4,,,4,205.41169213222054,16.56133534373686,3,0.0,1.0,0,user_0024,1
aug_v3_000065,aug_chat_000065,aug_user_0_0016,default,synthetic_aug_v3,default_v3,0.2774699405492534,1773714596000,4,38.95287223035546,1,0,,,4,162.99951526533562,13.244452504266059,3,0.25,0.0,0,user_0090,1
aug_v3_000066,aug_chat_000066,aug_user_0_0016,default,synthetic_aug_v3,default_v3,0.22424613053153003,1768414837000,2,42.80643073806333,1,1,,,2,192.46430292201487,10.811530794852946,1,0.5,0.5,0,user_0096,1
aug_v3_000067,aug_chat_000067,aug_user_0_0016,default,synthetic_aug_v3,default_v3,0.3234861911360139,1774949580000,4,45.359208569592326,0,0,,,5,192.50623078052453,5.005974696028268,3,0.0,0.0,0,user_0005,1
aug_v3_000068,aug_chat_000068,aug_user_0_0017,default,synthetic_aug_v3,default_v3,0.3121823493997164,1770782921000,4,42.09624394449346,0,0,,,4,157.4937339852932,5.996645527558617,3,0.0,0.0,0,user_0101,1
aug_v3_000069,aug_chat_000069,aug_user_0_0017,default,synthetic_aug_v3,default_v3,0.2535094873238989,1774050415000,6,38.408891650617235,0,4,,,6,126.44690320794629,12.580377717117376,5,0.0,0.6666666666666666,0,user_0029,1
aug_v3_000070,aug_chat_000070,aug_user_0_0017,default,synthetic_aug_v3,default_v3,0.29373275073241084,1771177666000,2,39.331505036807755,0,0,,,2,219.5313613336009,5.359504688220749,1,0.0,0.0,0,user_0123,1
aug_v3_000071,aug_chat_000071,aug_user_0_0017,default,synthetic_aug_v3,default_v3,0.25759539671281656,1772151784000,6,52.62250889471634,0,0,,,6,181.6712115373259,9.367425426805278,5,0.0,0.0,0,user_0054,1
aug_v3_000072,aug_chat_000072,aug_user_0_0018,default,synthetic_aug_v3,default_v3,0.21376615335038135,1772603040000,4,40.18219688779584,0,0,,,3,148.7655670417739,4.7841163332408065,3,0.0,0.0,0,user_0008,1
aug_v3_000073,aug_chat_000073,aug_user_0_0018,default,synthetic_aug_v3,default_v3,0.23808419320504573,1767868859000,5,40.91205987359702,0,0,,,5,122.12814905720447,11.752291037534446,4,0.0,0.0,0,user_0060,1
aug_v3_000074,aug_chat_000074,aug_user_0_0018,default,synthetic_aug_v3,default_v3,0.38318196144938504,1774934810000,3,42.58117922052372,2,0,,,3,174.38197599047788,5.332499022299929,2,0.6666666666666666,0.0,0,user_0080,1
aug_v3_000075,aug_chat_000075,aug_user_0_0018,default,synthetic_aug_v3,default_v3,0.16016217322997256,1774050415000,4,38.7583901831484,0,3,,,3,140.46414231081218,12.4333267864743,3,0.0,0.75,0,user_0029,1
aug_v3_000076,aug_chat_000076,aug_user_0_0019,default,synthetic_aug_v3,default_v3,0.22469027565296898,1772019706000,2,38.822158447756266,0,0,,,2,125.94330549042922,8.052041891146912,1,0.0,0.0,0,user_0056,1
aug_v3_000077,aug_chat_000077,aug_user_0_0019,default,synthetic_aug_v3,default_v3,0.25638313444463345,1774498689000,6,35.99641702207044,0,0,,,6,129.93957627042641,11.092389892369345,5,0.0,0.0,0,user_0131,1
aug_v3_000078,aug_chat_000078,aug_user_0_0019,default,synthetic_aug_v3,default_v3,0.2631631008810243,1773779357000,4,29.26604291906578,0,0,,,4,202.1998772723767,13.643472071697849,3,0.0,0.0,0,user_0006,1
aug_v3_000079,aug_chat_000079,aug_user_1_0019,art,synthetic_aug_v3,art_v3,0.6848419568043088,1773004362000,3,36.96465821465079,3,0,,,3,164.9545627016522,5.4900301630996795,2,1.0,0.0,1,user_0049,1
aug_v3_000080,aug_chat_000080,aug_user_1_0020,art,synthetic_aug_v3,art_v3,0.8109736258618668,1773444354000,3,31.475327436254478,3,0,,,3,137.11670112530885,7.466914292202818,2,1.0,0.0,1,user_0090,1
aug_v3_000081,aug_chat_000081,aug_user_1_0020,art,synthetic_aug_v3,art_v3,0.624,1771105626000,3,42.354411791206125,1,0,,,3,211.2158535786426,10.06655898356837,2,0.3333333333333333,0.0,1,user_0044,1
aug_v3_000082,aug_chat_000082,aug_user_1_0020,art,synthetic_aug_v3,art_v3,0.763763878601367,1772561816000,3,39.71864435248385,5,0,,,3,162.19277952457833,13.954259318327352,2,1.6666666666666667,0.0,1,user_0085,1
aug_v3_000083,aug_chat_000083,aug_user_1_0020,art,synthetic_aug_v3,art_v3,0.660547330243941,1772784589000,3,40.75860659971187,1,0,,,2,250.38911241379054,6.1372861839782376,2,0.3333333333333333,0.0,1,user_0137,1
aug_v3_000084,aug_chat_000084,aug_user_1_0021,art,synthetic_aug_v3,art_v3,0.8315272209928185,1772757237000,6,32.063435499895164,9,0,,,6,174.44664463920262,12.618130271643224,5,1.5,0.0,1,user_0069,1
aug_v3_000085,aug_chat_000085,aug_user_1_0021,art,synthetic_aug_v3,art_v3,0.7581670471877492,1772943962000,3,44.03648839326549,4,0,,,3,188.46989058328197,8.748326858543154,2,1.3333333333333333,0.0,1,user_0019,1
aug_v3_000086,aug_chat_000086,aug_user_1_0021,art,synthetic_aug_v3,art_v3,0.6778912981785918,1773206380000,2,36.28235056150011,2,1,,,2,109.9674443692209,11.991606002266714,1,1.0,0.5,1,user_0003,1
aug_v3_000087,aug_chat_000087,aug_user_1_0021,art,synthetic_aug_v3,art_v3,0.7476160609076474,1767295516000,6,37.42714399774141,5,0,,,6,159.857895764195,12.186980620593529,5,0.8333333333333334,0.0,1,user_0059,1
aug_v3_000088,aug_chat_000088,aug_user_1_0022,art,synthetic_aug_v3,art_v3,0.6887545351892381,1772858567000,4,41.12971695358383,3,0,,,4,128.69979375914488,9.803899485339988,3,0.75,0.0,1,user_0103,1
aug_v3_000089,aug_chat_000089,aug_user_1_0022,art,synthetic_aug_v3,art_v3,0.8823837974210573,1769974326000,5,27.340315231221336,6,0,,,5,216.4338636983201,5.351735192975397,4,1.2,0.0,1,user_0071,1
aug_v3_000090,aug_chat_000090,aug_user_1_0022,art,synthetic_aug_v3,art_v3,0.8151995731676401,1772483650000,5,43.322952304458866,7,0,,,4,153.73827862925015,11.782762170496115,4,1.4,0.0,1,user_0128,1
aug_v3_000091,aug_chat_000091,aug_user_1_0022,art,synthetic_aug_v3,art_v3,0.8249672636232176,1772757237000,5,38.40705671480346,6,0,,,5,180.3519100256454,9.766829950629985,4,1.2,0.0,1,user_0069,1
aug_v3_000092,aug_chat_000092,aug_user_1_0023,art,synthetic_aug_v3,art_v3,0.7029982261275346,1769559396000,3,47.70775999601635,2,0,,,3,204.42056694522475,8.203953771976414,2,0.6666666666666666,0.0,1,user_0016,1
aug_v3_000093,aug_chat_000093,aug_user_1_0023,art,synthetic_aug_v3,art_v3,0.624,1771017393000,4,35.50179496999951,1,0,,,5,148.44454815467677,6.085374794195704,3,0.25,0.0,1,user_0066,1
aug_v3_000094,aug_chat_000094,aug_user_1_0023,art,synthetic_aug_v3,art_v3,0.6328441263200233,1767479629000,3,40.75659171503259,1,0,,,3,124.00849394422953,9.043211766950254,2,0.3333333333333333,0.0,1,user_0130,1
aug_v3_000095,aug_chat_000095,aug_user_1_0023,art,synthetic_aug_v3,art_v3,0.6901915107989136,1774686553000,4,38.81382707246154,3,0,,,4,208.83280327693205,13.132286509762292,3,0.75,0.0,1,user_0021,1
aug_v3_000096,aug_chat_000096,aug_user_1_0024,art,synthetic_aug_v3,art_v3,0.7794194647668427,1770636044000,3,38.8475273298967,3,0,,,3,248.142528093703,8.179196715396268,2,1.0,0.0,1,user_0111,1
aug_v3_000097,aug_chat_000097,aug_user_1_0024,art,synthetic_aug_v3,art_v3,0.7583544799919524,1775028407000,4,37.03356409216947,6,0,,,4,156.7830764331145,4.6653011128584145,3,1.5,0.0,1,user_0050,1
aug_v3_000098,aug_chat_000098,aug_user_1_0024,art,synthetic_aug_v3,art_v3,0.6911824099136035,1773585192000,4,35.66198230803512,1,0,,,4,161.808276418624,11.610763541497715,3,0.25,0.0,1,user_0049,1
aug_v3_000099,aug_chat_000099,aug_user_1_0024,art,synthetic_aug_v3,art_v3,0.7748310942514602,1773206380000,2,46.398370527971565,3,0,,,2,114.55486528078916,9.876665469464665,1,1.5,0.0,1,user_0003,1
aug_v3_000100,aug_chat_000100,aug_user_1_0025,art,synthetic_aug_v3,art_v3,0.752694657127166,1768283901000,6,37.721273465987395,7,1,,,6,193.52660762621252,12.117967608784221,5,1.1666666666666667,0.16666666666666666,1,user_0125,1
aug_v3_000101,aug_chat_000101,aug_user_1_0025,art,synthetic_aug_v3,art_v3,0.895247869619862,1769974326000,5,26.975586985882167,8,0,,,5,190.95068873898427,9.232316837997596,4,1.6,0.0,1,user_0071,1
aug_v3_000102,aug_chat_000102,aug_user_1_0025,art,synthetic_aug_v3,art_v3,0.9176567730661683,1770946331000,6,36.39399735826234,13,2,,,6,180.99982351553334,16.180589261546388,5,2.1666666666666665,0.3333333333333333,1,user_0139,1
aug_v3_000103,aug_chat_000103,aug_user_1_0025,art,synthetic_aug_v3,art_v3,0.7365825379292006,1768842588000,4,47.3941407807269,4,0,,,4,180.56285040962354,11.717463756597457,3,1.0,0.0,1,user_0023,1
aug_v3_000104,aug_chat_000104,aug_user_1_0026,art,synthetic_aug_v3,art_v3,0.6988482910925636,1771180983000,4,34.65459344222215,5,3,,,4,196.7457578435123,15.13001977277465,3,1.25,0.75,1,user_0055,1
aug_v3_000105,aug_chat_000105,aug_user_1_0026,art,synthetic_aug_v3,art_v3,0.923,1773618479000,5,35.58784138895152,11,0,,,5,168.56858677218304,11.879030047193131,4,2.2,0.0,1,user_0106,1
aug_v3_000106,aug_chat_000106,aug_user_1_0026,art,synthetic_aug_v3,art_v3,0.774322391767473,1771774987000,5,45.74183016897801,6,3,,,5,214.2619180727685,11.008686156139028,4,1.2,0.6,1,user_0099,1
aug_v3_000107,aug_chat_000107,aug_user_1_0026,art,synthetic_aug_v3,art_v3,0.7483312249789288,1775730070000,4,39.2659406650025,4,0,,,4,139.94167900453004,13.321597367439239,3,1.0,0.0,1,user_0098,1
aug_v3_000108,aug_chat_000108,aug_user_1_0027,art,synthetic_aug_v3,art_v3,0.923,1774300984000,3,29.53102830493506,7,0,,,2,156.02011501346757,12.919643885658035,2,2.3333333333333335,0.0,1,user_0050,1
aug_v3_000109,aug_chat_000109,aug_user_1_0027,art,synthetic_aug_v3,art_v3,0.923,1768868301000,4,39.690849209369944,11,0,,,4,163.24484534399215,18.580272572894014,3,2.75,0.0,1,user_0102,1
aug_v3_000110,aug_chat_000110,aug_user_1_0027,art,synthetic_aug_v3,art_v3,0.7343199306146048,1773402965000,4,33.33693577523738,3,0,,,4,197.09298386390628,14.906947609664897,3,0.75,0.0,1,user_0137,1
aug_v3_000111,aug_chat_000111,aug_user_1_0027,art,synthetic_aug_v3,art_v3,0.7270298168468294,1768532164000,3,35.28160964998239,1,0,,,2,187.43583657921522,9.703870699570063,2,0.3333333333333333,0.0,1,user_0041,1
aug_v3_000112,aug_chat_000112,aug_user_1_0028,art,synthetic_aug_v3,art_v3,0.752682767913719,1772019239000,6,34.21038654443632,4,0,,,6,210.7039341548365,7.705156653500132,5,0.6666666666666666,0.0,1,user_0066,1
aug_v3_000113,aug_chat_000113,aug_user_1_0028,art,synthetic_aug_v3,art_v3,0.7078959361709164,1775072695000,5,42.81125108050816,5,0,,,5,143.30340142487822,7.997790568247755,4,1.0,0.0,1,user_0012,1
aug_v3_000114,aug_chat_000114,aug_user_1_0028,art,synthetic_aug_v3,art_v3,0.6349607051665248,1772400286000,2,39.91811882132247,1,0,,,2,164.20021117585983,12.956208877414436,1,0.5,0.0,1,user_0136,1
aug_v3_000115,aug_chat_000115,aug_user_1_0028,art,synthetic_aug_v3,art_v3,0.8389837104697306,1773239258000,3,40.487561018981026,3,0,,,3,212.51470360471092,4.154497870451015,2,1.0,0.0,1,user_0069,1
aug_v3_000116,aug_chat_000116,aug_user_1_0029,art,synthetic_aug_v3,art_v3,0.7567836793477264,1775810401000,6,42.5637433900852,4,0,,,6,124.69743676333287,11.192701545675657,5,0.6666666666666666,0.0,1,user_0100,1
aug_v3_000117,aug_chat_000117,aug_user_1_0029,art,synthetic_aug_v3,art_v3,0.675492824262842,1772079514000,2,39.376853749660064,1,0,,,2,146.38526580666465,10.270997671284652,1,0.5,0.0,1,user_0067,1
aug_v3_000118,aug_chat_000118,aug_user_1_0029,art,synthetic_aug_v3,art_v3,0.6651605682539958,1772943962000,3,36.306001841608854,1,0,,,2,157.7844834242003,11.722272402564974,2,0.3333333333333333,0.0,1,user_0019,1
aug_v3_000119,aug_chat_000119,aug_user_1_0029,art,synthetic_aug_v3,art_v3,0.8420282809810843,1771656341000,2,32.03133328267815,3,0,,,2,102.36726650024507,4.902740006473715,1,1.5,0.0,1,user_0066,1
aug_v3_000120,aug_chat_000120,aug_user_1_0030,art,synthetic_aug_v3,art_v3,0.7520028807220286,1769235768000,3,41.27358841031196,4,0,,,3,196.9480715923158,6.088079428910786,2,1.3333333333333333,0.0,1,user_0135,1
aug_v3_000121,aug_chat_000121,aug_user_1_0030,art,synthetic_aug_v3,art_v3,0.6654673641934487,1775072695000,5,39.834541385417,2,1,,,5,147.45899165413186,9.543163169544876,4,0.4,0.2,1,user_0012,1
aug_v3_000122,aug_chat_000122,aug_user_1_0030,art,synthetic_aug_v3,art_v3,0.8054940072849506,1769974326000,6,23.60860533361695,7,0,,,6,189.68880495282448,6.843759798023817,5,1.1666666666666667,0.0,1,user_0071,1
aug_v3_000123,aug_chat_000123,aug_user_1_0030,art,synthetic_aug_v3,art_v3,0.7429029984311152,1773595962000,4,44.31926003248077,5,0,,,4,186.917281838244,10.339230982992317,3,1.25,0.0,1,user_0088,1
aug_v3_000124,aug_chat_000124,aug_user_1_0031,art,synthetic_aug_v3,art_v3,0.7767424625058605,1769031835000,5,41.82800675582262,6,1,,,5,129.9584638659317,14.543223392533767,4,1.2,0.2,1,user_0022,1
aug_v3_000125,aug_chat_000125,aug_user_1_0031,art,synthetic_aug_v3,art_v3,0.7955977118784482,1771385336000,4,44.09057877709699,5,0,,,4,133.85324525853088,12.842112085797416,3,1.25,0.0,1,user_0139,1
aug_v3_000126,aug_chat_000126,aug_user_1_0031,art,synthetic_aug_v3,art_v3,0.7974572860456307,1769657330000,3,43.014807037811174,4,0,,,3,227.26480381126512,6.287252797057159,2,1.3333333333333333,0.0,1,user_0093,1
aug_v3_000127,aug_chat_000127,aug_user_1_0031,art,synthetic_aug_v3,art_v3,0.8015905855849902,1771939686000,6,39.09185757415392,7,3,,,6,224.8882909548704,11.537748630539465,5,1.1666666666666667,0.5,1,user_0046,1
aug_v3_000128,aug_chat_000128,aug_user_1_0032,art,synthetic_aug_v3,art_v3,0.7505856165555612,1772144582000,5,45.58726060270982,5,0,,,5,184.86171781555115,8.211220368600367,4,1.0,0.0,1,user_0088,1
aug_v3_000129,aug_chat_000129,aug_user_1_0032,art,synthetic_aug_v3,art_v3,0.7772055870939892,1769153700000,5,37.96745667234855,4,0,,,5,164.59461162629913,10.027984491431436,4,0.8,0.0,1,user_0045,1
aug_v3_000130,aug_chat_000130,aug_user_1_0032,art,synthetic_aug_v3,art_v3,0.7250899649647241,1773584517000,5,38.61712099702106,3,0,,,5,167.8190504664606,14.204139334790833,4,0.6,0.0,1,user_0136,1
aug_v3_000131,aug_chat_000131,aug_user_1_0032,art,synthetic_aug_v3,art_v3,0.8360395343660868,1768810439000,3,43.71111917334656,5,0,,,3,191.51884443748253,6.749004577043796,2,1.6666666666666667,0.0,1,user_0041,1
aug_v3_000132,aug_chat_000132,aug_user_1_0033,art,synthetic_aug_v3,art_v3,0.6920068777143903,1772504093000,3,35.64189667100385,2,0,,,3,169.44482529034056,7.428552867697702,2,0.6666666666666666,0.0,1,user_0137,1
aug_v3_000133,aug_chat_000133,aug_user_1_0033,art,synthetic_aug_v3,art_v3,0.6256364078677202,1773136075000,5,48.920877719595126,2,3,,,5,150.13689460572476,7.075412562009712,4,0.4,0.6,1,user_0137,1
aug_v3_000134,aug_chat_000134,aug_user_1_0033,art,synthetic_aug_v3,art_v3,0.923,1772112792000,4,35.47198142542914,8,0,,,4,164.27014059461237,12.408713028811817,3,2.0,0.0,1,user_0068,1
aug_v3_000135,aug_chat_000135,aug_user_1_0033,art,synthetic_aug_v3,art_v3,0.7657806738523208,1771681848000,4,42.58028265150859,3,0,,,4,148.81698582899796,6.95133930404139,3,0.75,0.0,1,user_0099,1
aug_v3_000136,aug_chat_000136,aug_user_1_0034,art,synthetic_aug_v3,art_v3,0.7720561394087195,1767479629000,2,40.6337776156282,3,0,,,3,109.85424933692013,9.97572407701723,1,1.5,0.0,1,user_0130,1
aug_v3_000137,aug_chat_000137,aug_user_1_0034,art,synthetic_aug_v3,art_v3,0.7218201042718125,1771947165000,4,39.400074163468766,4,0,,,4,173.4651131830377,8.956760343805886,3,1.0,0.0,1,user_0043,1
aug_v3_000138,aug_chat_000138,aug_user_1_0034,art,synthetic_aug_v3,art_v3,0.624,1772394524000,4,43.92826891716127,1,7,,,4,198.84335700410332,6.605367522734415,3,0.25,1.75,1,user_0019,1
aug_v3_000139,aug_chat_000139,aug_user_1_0034,art,synthetic_aug_v3,art_v3,0.7104406976639329,1775100768000,3,47.233485595254486,2,0,,,3,187.41489706537772,4.957033397994916,2,0.6666666666666666,0.0,1,user_0119,1
aug_v3_000140,aug_chat_000140,aug_user_1_0035,art,synthetic_aug_v3,art_v3,0.7741009573421144,1771414733000,2,48.76970214112798,2,0,,,2,168.91356009829877,7.976135634069282,1,1.0,0.0,1,user_0113,1
aug_v3_000141,aug_chat_000141,aug_user_1_0035,art,synthetic_aug_v3,art_v3,0.624,1771642200000,4,44.169694125347206,1,0,,,4,151.6804130306347,7.357379421843474,3,0.25,0.0,1,user_0044,1
aug_v3_000142,aug_chat_000142,aug_user_1_0035,art,synthetic_aug_v3,art_v3,0.624,1770017807000,2,36.91492772780275,0,0,,,2,123.75523501155965,8.970810536495339,1,0.0,0.0,1,user_0053,1
aug_v3_000143,aug_chat_000143,aug_user_1_0035,art,synthetic_aug_v3,art_v3,0.7019747041409918,1774703829000,6,44.768323781061106,3,0,,,6,181.976943254992,13.031411982342664,5,0.5,0.0,1,user_0122,1
aug_v3_000144,aug_chat_000144,aug_user_1_0036,art,synthetic_aug_v3,art_v3,0.7635795621882363,1773479591000,5,26.540458791888646,5,0,,,5,152.2858372902407,5.855901017318958,4,1.0,0.0,1,user_0049,1
aug_v3_000145,aug_chat_000145,aug_user_1_0036,art,synthetic_aug_v3,art_v3,0.923,1773595962000,3,44.93826583102704,7,0,,,3,172.8748635792456,13.555346957580944,2,2.3333333333333335,0.0,1,user_0088,1
aug_v3_000146,aug_chat_000146,aug_user_1_0036,art,synthetic_aug_v3,art_v3,0.624,1770464025000,3,32.12710054743932,1,0,,,3,167.76394848635695,7.980258623522967,2,0.3333333333333333,0.0,1,user_0071,1
aug_v3_000147,aug_chat_000147,aug_user_1_0036,art,synthetic_aug_v3,art_v3,0.6911441346765793,1769774933000,2,41.43529109188646,1,0,,,2,134.28511463836526,7.382340627936198,1,0.5,0.0,1,user_0135,1
aug_v3_000148,aug_chat_000148,aug_user_1_0037,art,synthetic_aug_v3,art_v3,0.783662308819663,1769260268000,6,36.63969694965614,7,0,,,6,157.1134358396934,7.13601890588737,5,1.1666666666666667,0.0,1,user_0125,1
aug_v3_000149,aug_chat_000149,aug_user_1_0037,art,synthetic_aug_v3,art_v3,0.624,1774703829000,5,42.27355275232824,1,0,,,5,176.8516552633364,13.964641829811162,4,0.2,0.0,1,user_0122,1
aug_v3_000150,aug_chat_000150,aug_user_1_0037,art,synthetic_aug_v3,art_v3,0.684660756893423,1771579877000,4,35.458926024309896,3,3,,,4,149.35909132829485,11.065347108341772,3,0.75,0.75,1,user_0139,1
aug_v3_000151,aug_chat_000151,aug_user_1_0037,art,synthetic_aug_v3,art_v3,0.720776382166427,1771947165000,4,31.314481417852676,4,0,,,4,170.50254422685668,10.331914244262432,3,1.0,0.0,1,user_0043,1
aug_v3_000152,aug_chat_000152,aug_user_1_0038,art,synthetic_aug_v3,art_v3,0.6862420458943352,1774686553000,3,46.133737983540286,1,0,,,2,259.57631743314994,9.485979253040748,2,0.3333333333333333,0.0,1,user_0021,1
aug_v3_000153,aug_chat_000153,aug_user_1_0038,art,synthetic_aug_v3,art_v3,0.624,1769839906000,5,38.33111177565991,1,4,,,5,204.27315949240017,5.565049795080411,4,0.2,0.8,1,user_0075,1
aug_v3_000154,aug_chat_000154,aug_user_1_0038,art,synthetic_aug_v3,art_v3,0.6935806523736916,1769005192000,4,42.39761734567046,4,0,,,4,173.47688643927077,4.427076091796351,3,1.0,0.0,1,user_0041,1
aug_v3_000155,aug_chat_000155,aug_user_1_0038,art,synthetic_aug_v3,art_v3,0.923,1772061553000,5,40.019728011042886,14,0,,,5,124.51242605187102,8.26988588065866,4,2.8,0.0,1,user_0103,1
aug_v3_000156,aug_chat_000156,aug_user_1_0039,art,synthetic_aug_v3,art_v3,0.735354852628933,1774686553000,3,43.9338057744394,3,0,,,3,168.87914725693804,13.195472829957412,2,1.0,0.0,1,user_0021,1
aug_v3_000157,aug_chat_000157,aug_user_1_0039,art,synthetic_aug_v3,art_v3,0.624,1772400286000,2,39.77857822370327,0,0,,,2,170.0039894771167,11.211024220104484,1,0.0,0.0,1,user_0136,1
aug_v3_000158,aug_chat_000158,aug_user_1_0039,art,synthetic_aug_v3,art_v3,0.780675144472292,1771596515000,2,47.073159232326454,4,1,,,2,144.50188023653,4.8649021879143355,1,2.0,0.5,1,user_0113,1
aug_v3_000159,aug_chat_000159,aug_user_1_0039,art,synthetic_aug_v3,art_v3,0.7485317773375574,1770464025000,2,34.72176548677537,3,0,,,2,122.02659513949884,7.800946845303804,1,1.5,0.0,1,user_0071,1
aug_v3_000160,aug_chat_000160,aug_user_1_0040,art,synthetic_aug_v3,art_v3,0.708343029224093,1769467095000,4,40.0342396997562,4,0,,,4,147.93122380615085,8.134932893890872,3,1.0,0.0,1,user_0108,1
aug_v3_000161,aug_chat_000161,aug_user_1_0040,art,synthetic_aug_v3,art_v3,0.8702127306175287,1771721476000,4,41.7232644231449,7,0,,,4,175.39133502789645,10.111357208045257,3,1.75,0.0,1,user_0068,1
aug_v3_000162,aug_chat_000162,aug_user_1_0040,art,synthetic_aug_v3,art_v3,0.7206570330188005,1771385336000,4,42.147556529887474,3,0,,,4,160.68351130964535,14.687229008204547,3,0.75,0.0,1,user_0139,1
aug_v3_000163,aug_chat_000163,aug_user_1_0040,art,synthetic_aug_v3,art_v3,0.8250756434965236,1768289948000,5,39.2074763764485,9,0,,,5,140.85520877976228,8.083861991762907,4,1.8,0.0,1,user_0120,1
aug_v3_000164,aug_chat_000164,aug_user_1_0041,art,synthetic_aug_v3,art_v3,0.8089444338732005,1771481637000,4,39.1479930435288,6,2,,,4,234.41511215276398,10.022142572819913,3,1.5,0.5,1,user_0046,1
aug_v3_000165,aug_chat_000165,aug_user_1_0041,art,synthetic_aug_v3,art_v3,0.7348957573052834,1773515564000,4,47.12426644358354,4,0,,,4,230.2378784700488,8.67005767314706,3,1.0,0.0,1,user_0021,1
aug_v3_000166,aug_chat_000166,aug_user_1_0041,art,synthetic_aug_v3,art_v3,0.6968887032889993,1774273788000,4,49.01538346750644,4,0,,,4,223.31035883025086,7.842605884995452,3,1.0,0.0,1,user_0090,1
aug_v3_000167,aug_chat_000167,aug_user_1_0041,art,synthetic_aug_v3,art_v3,0.7521049498701491,1774300984000,5,33.35558478074952,3,0,,,5,202.22554797511788,8.31994725613151,4,0.6,0.0,1,user_0050,1
aug_v3_000168,aug_chat_000168,aug_user_1_0042,art,synthetic_aug_v3,art_v3,0.6482195759362825,1774010319000,4,40.47086056420885,4,4,,,4,165.73852286009753,7.231415545649441,3,1.0,1.0,1,user_0003,1
aug_v3_000169,aug_chat_000169,aug_user_1_0042,art,synthetic_aug_v3,art_v3,0.6826882514518923,1775353200000,5,42.29555533167216,4,0,,,5,180.6822615125414,14.209652996345225,4,0.8,0.0,1,user_0100,1
aug_v3_000170,aug_chat_000170,aug_user_1_0042,art,synthetic_aug_v3,art_v3,0.7091420253546458,1769559396000,2,42.491658282428894,1,0,,,2,218.591227498926,8.134129790779795,1,0.5,0.0,1,user_0016,1
aug_v3_000171,aug_chat_000171,aug_user_1_0042,art,synthetic_aug_v3,art_v3,0.777654744443527,1774010319000,2,40.775658202089176,2,0,,,2,231.91861135213037,6.865892339655442,1,1.0,0.0,1,user_0003,1
aug_v3_000172,aug_chat_000172,aug_user_1_0043,art,synthetic_aug_v3,art_v3,0.8154289058598019,1774727453000,5,40.06855484535061,6,0,,,5,211.96870043529054,12.890831698026428,4,1.2,0.0,1,user_0100,1
aug_v3_000173,aug_chat_000173,aug_user_1_0043,art,synthetic_aug_v3,art_v3,0.6463010748062044,1774203517000,3,50.07811635629281,0,0,,,3,124.88169609249752,9.733950355192144,2,0.0,0.0,1,user_0119,1
aug_v3_000174,aug_chat_000174,aug_user_1_0043,art,synthetic_aug_v3,art_v3,0.6785125346769992,1773585192000,5,30.453611064626156,3,0,,,5,161.09487367001768,16.189932515106513,4,0.6,0.0,1,user_0049,1
aug_v3_000175,aug_chat_000175,aug_user_1_0043,art,synthetic_aug_v3,art_v3,0.6391828355203653,1769904887000,3,37.471586055643634,1,0,,,3,143.25565184778654,12.303374216898089,2,0.3333333333333333,0.0,1,user_0041,1
aug_v3_000176,aug_chat_000176,aug_user_1_0044,art,synthetic_aug_v3,art_v3,0.624,1768109355000,4,39.458936252124175,2,0,,,4,165.50636920828464,12.361089745246652,3,0.5,0.0,1,user_0089,1
aug_v3_000177,aug_chat_000177,aug_user_1_0044,art,synthetic_aug_v3,art_v3,0.70601584588743,1773463606000,3,45.48212955905754,4,0,,,3,134.83426147698123,2.9397203666111227,2,1.3333333333333333,0.0,1,user_0085,1
aug_v3_000178,aug_chat_000178,aug_user_1_0044,art,synthetic_aug_v3,art_v3,0.748478924926213,1772015406000,5,35.18865805902858,8,0,,,5,190.58466052620602,10.359213592715466,4,1.6,0.0,1,user_0007,1
aug_v3_000179,aug_chat_000179,aug_user_1_0044,art,synthetic_aug_v3,art_v3,0.7493557697017076,1773513841000,3,42.05726409231828,3,0,,,3,193.4088360449636,11.127265141710438,2,1.0,0.0,1,user_0091,1
aug_v3_000180,aug_chat_000180,aug_user_1_0045,art,synthetic_aug_v3,art_v3,0.6980459433057296,1771214820000,5,26.66163605727357,3,0,,,5,131.3768980124235,6.141421176958019,4,0.6,0.0,1,user_0066,1
aug_v3_000181,aug_chat_000181,aug_user_1_0045,art,synthetic_aug_v3,art_v3,0.6258612597057387,1773513841000,3,43.20895916620619,1,0,,,3,229.69647424931293,12.347198251876772,2,0.3333333333333333,0.0,1,user_0091,1
aug_v3_000182,aug_chat_000182,aug_user_1_0045,art,synthetic_aug_v3,art_v3,0.8067255299618499,1772203596000,3,31.877964716626412,4,0,,,3,170.9253897543556,7.942422062158711,2,1.3333333333333333,0.0,1,user_0066,1
aug_v3_000183,aug_chat_000183,aug_user_1_0045,art,synthetic_aug_v3,art_v3,0.6711363866263126,1772861256000,3,45.153146599626375,1,0,,,3,121.22512530437048,4.75991335289826,2,0.3333333333333333,0.0,1,user_0117,1
aug_v3_000184,aug_chat_000184,aug_user_1_0046,art,synthetic_aug_v3,art_v3,0.7245543409430283,1774203517000,4,45.32328801081574,3,0,,,4,133.5414019326582,9.741566839079626,3,0.75,0.0,1,user_0119,1
aug_v3_000185,aug_chat_000185,aug_user_1_0046,art,synthetic_aug_v3,art_v3,0.7093071364892846,1772943962000,4,40.427080760516155,1,0,,,4,151.1234235393011,11.06144285407095,3,0.25,0.0,1,user_0019,1
aug_v3_000186,aug_chat_000186,aug_user_1_0046,art,synthetic_aug_v3,art_v3,0.8417984017408867,1770946331000,4,38.834215619447875,8,3,,,4,185.39401969666002,18.161763044421217,3,2.0,0.75,1,user_0139,1
aug_v3_000187,aug_chat_000187,aug_user_1_0046,art,synthetic_aug_v3,art_v3,0.8290666020450579,1770270778000,4,33.945592879964686,7,0,,,4,197.38816017674634,6.594826217863713,3,1.75,0.0,1,user_0071,1
aug_v3_000188,aug_chat_000188,aug_user_1_0047,art,synthetic_aug_v3,art_v3,0.8808492657079703,1769642757000,4,37.884991947094186,9,0,,,4,181.8908781927435,15.333809194588515,3,2.25,0.0,1,user_0075,1
aug_v3_000189,aug_chat_000189,aug_user_1_0047,art,synthetic_aug_v3,art_v3,0.624,1775100768000,2,43.22123132185659,0,0,,,2,197.62602290359746,7.279495164924357,1,0.0,0.0,1,user_0119,1
aug_v3_000190,aug_chat_000190,aug_user_1_0047,art,synthetic_aug_v3,art_v3,0.7206730806390897,1772649882000,2,42.616838494679534,1,0,,,2,172.2441629410562,7.428054817827878,1,0.5,0.0,1,user_0066,1
aug_v3_000191,aug_chat_000191,aug_user_1_0047,art,synthetic_aug_v3,art_v3,0.8025852268239886,1775730070000,4,45.570412981799045,6,0,,,4,169.74507127055125,14.385026826583244,3,1.5,0.0,1,user_0098,1
aug_v3_000192,aug_chat_000192,aug_user_1_0048,art,synthetic_aug_v3,art_v3,0.7986230697033542,1769747090000,5,40.23242839202664,7,0,,,5,167.31865784266503,17.980249354671873,4,1.4,0.0,1,user_0108,1
aug_v3_000193,aug_chat_000193,aug_user_1_0048,art,synthetic_aug_v3,art_v3,0.8465375465805521,1773402965000,5,38.838945377071674,8,0,,,5,192.34519278605342,15.993773103527346,4,1.6,0.0,1,user_0137,1
aug_v3_000194,aug_chat_000194,aug_user_1_0048,art,synthetic_aug_v3,art_v3,0.923,1773686643000,4,43.935782665026224,11,2,,,4,230.7774341020436,9.893327799370347,3,2.75,0.5,1,user_0117,1
aug_v3_000195,aug_chat_000195,aug_user_1_0048,art,synthetic_aug_v3,art_v3,0.6693300166387637,1771294958000,4,39.39737092404824,3,0,,,4,194.75522998100993,7.157718904682855,3,0.75,0.0,1,user_0043,1
aug_v3_000196,aug_chat_000196,aug_user_1_0049,art,synthetic_aug_v3,art_v3,0.7168862157567168,1772649882000,4,42.80303524262998,3,0,,,4,179.00785199466173,8.92396401715694,3,0.75,0.0,1,user_0066,1
aug_v3_000197,aug_chat_000197,aug_user_1_0049,art,synthetic_aug_v3,art_v3,0.7073521069772737,1772536851000,2,36.55173360766812,1,0,,,2,161.67244893241056,6.172196292434748,1,0.5,0.0,1,user_0067,1
aug_v3_000198,aug_chat_000198,aug_user_1_0049,art,synthetic_aug_v3,art_v3,0.7979207062653166,1775265741000,4,45.85190571065919,4,0,,,4,151.67426914626466,7.302356509343645,3,1.0,0.0,1,user_0098,1
aug_v3_000199,aug_chat_000199,aug_user_1_0049,art,synthetic_aug_v3,art_v3,0.624,1768284608000,3,36.80273634774076,1,1,,,3,208.2637141062618,10.139816417867758,2,0.3333333333333333,0.3333333333333333,1,user_0082,1
aug_v3_000200,aug_chat_000200,aug_user_1_0050,art,synthetic_aug_v3,art_v3,0.8349314067624765,1774165565000,5,43.51380488159632,8,0,,,5,195.12816511893044,12.5897246663785,4,1.6,0.0,1,user_0104,1
aug_v3_000201,aug_chat_000201,aug_user_1_0050,art,synthetic_aug_v3,art_v3,0.6850444666295111,1774093096000,6,30.527498719084292,4,0,,,6,142.87226958578265,14.177728471379169,5,0.6666666666666666,0.0,1,user_0106,1
aug_v3_000202,aug_chat_000202,aug_user_1_0050,art,synthetic_aug_v3,art_v3,0.7806392748009022,1768810439000,5,41.29256001926393,5,0,,,5,155.9196157780435,7.0474845862306825,4,1.0,0.0,1,user_0041,1
aug_v3_000203,aug_chat_000203,aug_user_1_0050,art,synthetic_aug_v3,art_v3,0.6663407895100217,1769904887000,4,44.09170707655132,2,0,,,4,159.13316983106023,9.613375393168628,3,0.5,0.0,1,user_0041,1
aug_v3_000204,aug_chat_000204,aug_user_1_0051,art,synthetic_aug_v3,art_v3,0.7287292596189898,1771017393000,4,26.71345422207813,5,0,,,4,184.26422900457962,6.073769324614704,3,1.25,0.0,1,user_0066,1
aug_v3_000205,aug_chat_000205,aug_user_1_0051,art,synthetic_aug_v3,art_v3,0.7792073238773977,1773578701000,4,42.73355266076076,2,0,,,4,217.24309627529087,9.279134586926409,3,0.5,0.0,1,user_0117,1
aug_v3_000206,aug_chat_000206,aug_user_1_0051,art,synthetic_aug_v3,art_v3,0.724105618893921,1772127241000,3,51.50255718763077,3,3,,,2,134.00282678382274,6.824777918956157,2,1.0,1.0,1,user_0055,1
aug_v3_000207,aug_chat_000207,aug_user_1_0051,art,synthetic_aug_v3,art_v3,0.7055921281367029,1770677839000,5,42.99794738106134,5,0,,,5,187.98131953367653,13.119729689784911,4,1.0,0.0,1,user_0046,1
aug_v3_000208,aug_chat_000208,aug_user_1_0052,art,synthetic_aug_v3,art_v3,0.6669205941340873,1772394524000,4,45.64332325173566,2,3,,,4,153.69291349765442,8.408501773566371,3,0.5,0.75,1,user_0019,1
aug_v3_000209,aug_chat_000209,aug_user_1_0052,art,synthetic_aug_v3,art_v3,0.7103729869504615,1773290393000,4,34.75741904563713,4,0,,,4,199.8283086878955,5.3568758943284,3,1.0,0.0,1,user_0049,1
aug_v3_000210,aug_chat_000210,aug_user_1_0052,art,synthetic_aug_v3,art_v3,0.6950243211947513,1773805800000,3,43.4689503439878,1,0,,,3,149.43282455537624,7.479457820298671,2,0.3333333333333333,0.0,1,user_0104,1
aug_v3_000211,aug_chat_000211,aug_user_1_0052,art,synthetic_aug_v3,art_v3,0.6515112809451162,1775730070000,4,48.77819498110795,2,0,,,4,166.99662812992167,15.742393926327697,3,0.5,0.0,1,user_0098,1
aug_v3_000212,aug_chat_000212,aug_user_1_0053,art,synthetic_aug_v3,art_v3,0.923,1770946331000,6,45.92665594604547,14,2,,,6,188.33048690992297,18.606542027987263,5,2.3333333333333335,0.3333333333333333,1,user_0139,1
aug_v3_000213,aug_chat_000213,aug_user_1_0053,art,synthetic_aug_v3,art_v3,0.7070344787944239,1774765070000,4,35.008894330821235,4,0,,,4,190.51018866458483,6.233069746660652,3,1.0,0.0,1,user_0050,1
aug_v3_000214,aug_chat_000214,aug_user_1_0053,art,synthetic_aug_v3,art_v3,0.663231433085396,1768652350000,6,41.34514289553611,5,0,,,6,124.45723587893367,6.7522430431245875,5,0.8333333333333334,0.0,1,user_0023,1
aug_v3_000215,aug_chat_000215,aug_user_1_0053,art,synthetic_aug_v3,art_v3,0.9118983155644262,1775075680000,4,40.39878401491859,9,0,,,4,130.04550531962838,6.94701672222434,3,2.25,0.0,1,user_0098,1
aug_v3_000216,aug_chat_000216,aug_user_1_0054,art,synthetic_aug_v3,art_v3,0.8736290973963183,1772113501000,3,36.062719436276346,6,0,,,3,106.34121631330439,17.18636624459693,2,2.0,0.0,1,user_0092,1
aug_v3_000217,aug_chat_000217,aug_user_1_0054,art,synthetic_aug_v3,art_v3,0.7623765926134447,1773973795000,5,51.708371955804644,6,0,,,5,135.457803198493,12.70117519100249,4,1.2,0.0,1,user_0021,1
aug_v3_000218,aug_chat_000218,aug_user_1_0054,art,synthetic_aug_v3,art_v3,0.7170005147691879,1773627662000,5,46.15474450231637,5,0,,,5,163.10610924231,9.852540494647329,4,1.0,0.0,1,user_0031,1
aug_v3_000219,aug_chat_000219,aug_user_1_0054,art,synthetic_aug_v3,art_v3,0.7253915305462558,1773584517000,4,38.95181618028524,4,0,,,4,184.4697896688157,12.933567573439392,3,1.0,0.0,1,user_0136,1
aug_v3_000220,aug_chat_000220,aug_user_1_0055,art,synthetic_aug_v3,art_v3,0.6879066453610844,1768283901000,4,36.195583508487665,2,0,,,4,158.23911058384311,11.54945833210185,3,0.5,0.0,1,user_0125,1
aug_v3_000221,aug_chat_000221,aug_user_1_0055,art,synthetic_aug_v3,art_v3,0.6599663995385916,1769260268000,5,40.40391409851187,3,0,,,4,161.66256074153134,7.004789056283538,4,0.6,0.0,1,user_0125,1
aug_v3_000222,aug_chat_000222,aug_user_1_0055,art,synthetic_aug_v3,art_v3,0.629543946926536,1771259202000,4,28.767309411531294,2,0,,,4,234.29056461828748,4.555361466014703,3,0.5,0.0,1,user_0042,1
aug_v3_000223,aug_chat_000223,aug_user_1_0055,art,synthetic_aug_v3,art_v3,0.718131950654737,1775266628000,5,44.308291212105615,4,0,,,5,174.13645977586123,13.769254719889767,4,0.8,0.0,1,user_0012,1
aug_v3_000224,aug_chat_000224,aug_user_1_0056,art,synthetic_aug_v3,art_v3,0.7502658938320932,1774670921000,3,30.361898414891847,3,0,,,3,216.56856958683187,10.440168077239623,2,1.0,0.0,1,user_0050,1
aug_v3_000225,aug_chat_000225,aug_user_1_0056,art,synthetic_aug_v3,art_v3,0.8434171199316758,1773303286000,4,46.06547281644281,6,1,,,4,157.17243141354368,11.586804778741163,3,1.5,0.25,1,user_0019,1
aug_v3_000226,aug_chat_000226,aug_user_1_0056,art,synthetic_aug_v3,art_v3,0.7594909496919491,1772112792000,4,40.42107934306021,5,0,,,4,145.27513497252568,14.008249640944907,3,1.25,0.0,1,user_0068,1
aug_v3_000227,aug_chat_000227,aug_user_1_0056,art,synthetic_aug_v3,art_v3,0.7952229577290856,1773239258000,3,45.43520386105549,1,0,,,3,207.46308455763187,6.112402484262797,2,0.3333333333333333,0.0,1,user_0069,1
aug_v3_000228,aug_chat_000228,aug_user_1_0057,art,synthetic_aug_v3,art_v3,0.765037425830957,1772680335000,6,36.18505473002629,6,0,,,6,144.22195792725105,9.380723968176278,5,1.0,0.0,1,user_0136,1
aug_v3_000229,aug_chat_000229,aug_user_1_0057,art,synthetic_aug_v3,art_v3,0.7791085019809746,1773290393000,4,36.719745039745014,4,0,,,4,147.9548858302466,5.751959647900829,3,1.0,0.0,1,user_0049,1
aug_v3_000230,aug_chat_000230,aug_user_1_0057,art,synthetic_aug_v3,art_v3,0.7931867075734743,1773584517000,4,37.623038193490125,5,0,,,4,158.1339342233982,17.57153126079681,3,1.25,0.0,1,user_0136,1
aug_v3_000231,aug_chat_000231,aug_user_1_0057,art,synthetic_aug_v3,art_v3,0.8680980260414608,1774727453000,4,42.78484072825068,7,0,,,4,181.95973755798565,18.06985432441815,3,1.75,0.0,1,user_0100,1
aug_v3_000232,aug_chat_000232,aug_user_1_0058,art,synthetic_aug_v3,art_v3,0.741366604449867,1769640234000,5,45.41412920092427,5,0,,,5,135.62735473426554,8.269592444248701,4,1.0,0.0,1,user_0111,1
aug_v3_000233,aug_chat_000233,aug_user_1_0058,art,synthetic_aug_v3,art_v3,0.8750720163682633,1769974326000,4,29.654274309631344,5,0,,,4,178.11525779167147,11.154217334444878,3,1.25,0.0,1,user_0071,1
aug_v3_000234,aug_chat_000234,aug_user_1_0058,art,synthetic_aug_v3,art_v3,0.630704422219052,1770093522000,4,36.93112669449154,5,4,,,4,123.18805182293983,8.329836833661007,3,1.25,1.0,1,user_0093,1
aug_v3_000235,aug_chat_000235,aug_user_1_0058,art,synthetic_aug_v3,art_v3,0.7736668388220229,1769950395000,5,34.759517114732475,4,0,,,5,206.49988162575605,10.121735017790641,4,0.8,0.0,1,user_0102,1
aug_v3_000236,aug_chat_000236,aug_user_1_0059,art,synthetic_aug_v3,art_v3,0.7805722859682992,1769467095000,4,41.26670210804758,6,0,,,4,148.95417402972268,7.767855078093075,3,1.5,0.0,1,user_0108,1
aug_v3_000237,aug_chat_000237,aug_user_1_0059,art,synthetic_aug_v3,art_v3,0.7324598761002041,1773671261000,2,46.432540231851405,3,0,,,2,216.90238510040697,6.915549196035409,1,1.5,0.0,1,user_0128,1
aug_v3_000238,aug_chat_000238,aug_user_1_0059,art,synthetic_aug_v3,art_v3,0.6642380942998897,1767566653000,6,38.89798333344601,3,0,,,6,189.34483136134907,12.5656987413947,5,0.5,0.0,1,user_0059,1
aug_v3_000239,aug_chat_000239,aug_user_1_0059,art,synthetic_aug_v3,art_v3,0.8149401826412404,1773826487000,4,49.41507575741511,6,0,,,4,206.4948035609829,7.864157972153684,3,1.5,0.0,1,user_0090,1
aug_v3_000240,aug_chat_000240,aug_user_1_0060,art,synthetic_aug_v3,art_v3,0.8137432630872468,1768002711000,4,48.763171453410564,5,0,,,4,124.0311183195008,9.024757726272005,3,1.25,0.0,1,user_0089,1
aug_v3_000241,aug_chat_000241,aug_user_1_0060,art,synthetic_aug_v3,art_v3,0.9217820830505689,1773444354000,3,35.155013576654824,7,0,,,3,164.08316985565818,10.34357527487038,2,2.3333333333333335,0.0,1,user_0090,1
aug_v3_000242,aug_chat_000242,aug_user_1_0060,art,synthetic_aug_v3,art_v3,0.871326321813076,1774158819000,4,46.570947508035346,6,0,,,4,142.99853417751703,7.167110344800128,3,1.5,0.0,1,user_0122,1
aug_v3_000243,aug_chat_000243,aug_user_1_0060,art,synthetic_aug_v3,art_v3,0.7276136232289825,1773687479000,4,38.08499653340187,3,0,,,4,185.32595814506607,14.575105983790507,3,0.75,0.0,1,user_0122,1
aug_v3_000244,aug_chat_000244,aug_user_1_0061,art,synthetic_aug_v3,art_v3,0.8411731697648868,1771788299000,3,41.18568453913454,5,0,,,3,160.52047457678768,6.640365055449763,2,1.6666666666666667,0.0,1,user_0113,1
aug_v3_000245,aug_chat_000245,aug_user_1_0061,art,synthetic_aug_v3,art_v3,0.624,1768426839000,4,42.15950873818242,1,4,,,4,194.75747073838042,6.020733721501933,3,0.25,1.0,1,user_0045,1
aug_v3_000246,aug_chat_000246,aug_user_1_0061,art,synthetic_aug_v3,art_v3,0.7275597775506808,1772950605000,2,45.004239437435494,2,0,,,2,203.2192823225771,9.369994745162526,1,1.0,0.0,1,user_0128,1
aug_v3_000247,aug_chat_000247,aug_user_1_0061,art,synthetic_aug_v3,art_v3,0.6983538224448835,1768013575000,4,43.215989756779486,3,1,,,4,183.48571947178547,9.357352382925036,3,0.75,0.25,1,user_0082,1
aug_v3_000248,aug_chat_000248,aug_user_1_0062,art,synthetic_aug_v3,art_v3,0.6517809789215727,1771593788000,4,30.4831723263293,1,0,,,4,112.23939570010991,7.03652903567438,3,0.25,0.0,1,user_0047,1
aug_v3_000249,aug_chat_000249,aug_user_1_0062,art,synthetic_aug_v3,art_v3,0.7148898707446107,1774273788000,2,44.44450493032061,1,0,,,2,244.34371121718289,9.534107401452976,1,0.5,0.0,1,user_0090,1
aug_v3_000250,aug_chat_000250,aug_user_1_0062,art,synthetic_aug_v3,art_v3,0.8189935006188682,1769974326000,4,27.343283247154712,4,0,,,4,228.5535077103675,11.512158022930182,3,1.0,0.0,1,user_0071,1
aug_v3_000251,aug_chat_000251,aug_user_1_0062,art,synthetic_aug_v3,art_v3,0.7346801258023035,1768652350000,5,42.951720626121094,5,0,,,4,133.59979794211677,8.675888117315875,4,1.0,0.0,1,user_0023,1
aug_v3_000252,aug_chat_000252,aug_user_1_0063,art,synthetic_aug_v3,art_v3,0.7448076248120311,1768159726000,2,49.779817293932346,2,0,,,2,226.2325409359261,7.739273453035271,1,1.0,0.0,1,user_0041,1
aug_v3_000253,aug_chat_000253,aug_user_1_0063,art,synthetic_aug_v3,art_v3,0.7985042849468923,1775906983000,3,51.48084382834456,6,0,,,3,156.68218208375745,9.55598943248938,2,2.0,0.0,1,user_0078,1
aug_v3_000254,aug_chat_000254,aug_user_1_0063,art,synthetic_aug_v3,art_v3,0.7048216648755038,1769919794000,6,33.31529588500931,3,0,,,6,123.39837336223646,13.79131396346981,5,0.5,0.0,1,user_0016,1
aug_v3_000255,aug_chat_000255,aug_user_1_0063,art,synthetic_aug_v3,art_v3,0.6818535828267379,1773479591000,5,32.68492241922101,3,0,,,5,176.8704928024995,9.372861173340642,4,0.6,0.0,1,user_0049,1
aug_v3_000256,aug_chat_000256,aug_user_1_0064,art,synthetic_aug_v3,art_v3,0.7455092714025211,1772714034000,3,35.2235559693177,2,0,,,4,190.20842623693449,4.738562246179414,2,0.6666666666666666,0.0,1,user_0127,1
aug_v3_000257,aug_chat_000257,aug_user_1_0064,art,synthetic_aug_v3,art_v3,0.91052980383264,1774670921000,3,27.757811778372847,6,0,,,3,220.99468625200393,8.525547545854547,2,2.0,0.0,1,user_0050,1
aug_v3_000258,aug_chat_000258,aug_user_1_0064,art,synthetic_aug_v3,art_v3,0.7256964706167215,1771105626000,3,46.137804242160115,4,1,,,3,190.66301220841055,10.164160197473297,2,1.3333333333333333,0.3333333333333333,1,user_0044,1
aug_v3_000259,aug_chat_000259,aug_user_1_0064,art,synthetic_aug_v3,art_v3,0.7575583966573369,1768842588000,3,49.88749895659365,2,0,,,4,190.4424799600094,5.674707971625035,2,0.6666666666666666,0.0,1,user_0023,1
aug_v3_000260,aug_chat_000260,aug_user_1_0065,art,synthetic_aug_v3,art_v3,0.7903240113759621,1774686553000,3,43.21135305763353,4,0,,,3,198.34476562245618,13.37402916220502,2,1.3333333333333333,0.0,1,user_0021,1
aug_v3_000261,aug_chat_000261,aug_user_1_0065,art,synthetic_aug_v3,art_v3,0.8188671502702926,1773303286000,3,44.39661190212775,4,0,,,3,165.34020468890353,9.696066711769957,2,1.3333333333333333,0.0,1,user_0019,1
aug_v3_000262,aug_chat_000262,aug_user_1_0065,art,synthetic_aug_v3,art_v3,0.7430730529288517,1770770918000,3,40.0249320487636,2,0,,,2,249.04998341091502,4.361981465357607,2,0.6666666666666666,0.0,1,user_0113,1
aug_v3_000263,aug_chat_000263,aug_user_1_0065,art,synthetic_aug_v3,art_v3,0.892097122691692,1775083875000,5,34.44797035326019,9,0,,,5,174.9147735007899,7.800884534087088,4,1.8,0.0,1,user_0078,1
aug_v3_000264,aug_chat_000264,aug_user_1_0066,art,synthetic_aug_v3,art_v3,0.7023392804698517,1773004362000,3,39.55672375050112,2,0,,,3,182.91362320158697,7.471933736287738,2,0.6666666666666666,0.0,1,user_0049,1
aug_v3_000265,aug_chat_000265,aug_user_1_0066,art,synthetic_aug_v3,art_v3,0.8034666829948469,1771214820000,3,34.140060832446395,3,0,,,2,114.3155609371927,6.465319623935937,2,1.0,0.0,1,user_0066,1
aug_v3_000266,aug_chat_000266,aug_user_1_0066,art,synthetic_aug_v3,art_v3,0.8498022385255016,1774703829000,4,38.9664349561077,7,0,,,4,197.33096245958203,11.803410296024861,3,1.75,0.0,1,user_0122,1
aug_v3_000267,aug_chat_000267,aug_user_1_0066,art,synthetic_aug_v3,art_v3,0.923,1768517261000,2,39.2133932890992,6,1,,,2,215.43038276295525,4.366161691061979,1,3.0,0.5,1,user_0102,1
aug_v3_000268,aug_chat_000268,aug_user_1_0067,art,synthetic_aug_v3,art_v3,0.7251395551983771,1770614291000,5,44.25121402286339,5,1,,,5,148.4121918308661,12.05920083890186,4,1.0,0.2,1,user_0070,1
aug_v3_000269,aug_chat_000269,aug_user_1_0067,art,synthetic_aug_v3,art_v3,0.7878248285927972,1769467095000,4,38.94180124540221,6,0,,,4,145.86314207422288,7.454407409811172,3,1.5,0.0,1,user_0108,1
aug_v3_000270,aug_chat_000270,aug_user_1_0067,art,synthetic_aug_v3,art_v3,0.7886126668871183,1773513841000,3,52.1846265465753,5,0,,,3,194.76580710760223,14.449368431701254,2,1.6666666666666667,0.0,1,user_0091,1
aug_v3_000271,aug_chat_000271,aug_user_1_0067,art,synthetic_aug_v3,art_v3,0.7662802976756746,1767752696000,5,33.03447137267969,6,0,,,5,118.91747673682924,8.018251776982515,4,1.2,0.0,1,user_0059,1
aug_v3_000272,aug_chat_000272,aug_user_1_0068,art,synthetic_aug_v3,art_v3,0.7115158789369023,1768652350000,4,35.644494064283734,3,0,,,4,150.21562903109836,8.023591047397003,3,0.75,0.0,1,user_0023,1
aug_v3_000273,aug_chat_000273,aug_user_1_0068,art,synthetic_aug_v3,art_v3,0.6831886839142391,1771947165000,4,37.476944572273894,1,0,,,4,178.31965231539044,6.917945826935176,3,0.25,0.0,1,user_0043,1
aug_v3_000274,aug_chat_000274,aug_user_1_0068,art,synthetic_aug_v3,art_v3,0.8692161586186158,1773654756000,2,44.51601465690112,4,0,,,2,189.77606604579393,8.206928990074651,1,2.0,0.0,1,user_0003,1
aug_v3_000275,aug_chat_000275,aug_user_1_0068,art,synthetic_aug_v3,art_v3,0.6655332435207165,1772248801000,4,42.87079943213837,2,0,,,4,156.49631320466767,10.255513053285702,3,0.5,0.0,1,user_0127,1
aug_v3_000276,aug_chat_000276,aug_user_1_0069,art,synthetic_aug_v3,art_v3,0.6696159265137605,1769235768000,4,42.324937745126554,3,0,,,4,220.2323675533513,7.278241756179329,3,0.75,0.0,1,user_0135,1
aug_v3_000277,aug_chat_000277,aug_user_1_0069,art,synthetic_aug_v3,art_v3,0.717359765456719,1774334860000,4,40.626354230785886,5,0,,,4,243.38554350709745,6.698641472761124,3,1.25,0.0,1,user_0021,1
aug_v3_000278,aug_chat_000278,aug_user_1_0069,art,synthetic_aug_v3,art_v3,0.8179062067713342,1770287204000,3,47.47002130546403,5,0,,,3,177.53556171571086,11.319643547804427,2,1.6666666666666667,0.0,1,user_0053,1
aug_v3_000279,aug_chat_000279,aug_user_1_0069,art,synthetic_aug_v3,art_v3,0.6609242426084039,1775036612000,2,47.482198810012,2,0,,,2,171.71046933525136,3.948828695929418,1,1.0,0.0,1,user_0021,1
aug_v3_000280,aug_chat_000280,aug_user_1_0070,art,synthetic_aug_v3,art_v3,0.7790545573595097,1773250204000,3,42.59163033694969,3,0,,,3,149.66127981245555,6.19950753546322,2,1.0,0.0,1,user_0067,1
aug_v3_000281,aug_chat_000281,aug_user_1_0070,art,synthetic_aug_v3,art_v3,0.7950761399476876,1775036612000,4,46.894824042240245,7,0,,,5,176.1996082038596,4.31873397804879,3,1.75,0.0,1,user_0021,1
aug_v3_000282,aug_chat_000282,aug_user_1_0070,art,synthetic_aug_v3,art_v3,0.6738213063069357,1772488244000,2,40.47626977843048,1,0,,,2,140.91159180383542,6.489560844788444,1,0.5,0.0,1,user_0009,1
aug_v3_000283,aug_chat_000283,aug_user_1_0070,art,synthetic_aug_v3,art_v3,0.7388573045465925,1771681848000,4,51.07818934676547,3,2,,,4,167.227876337151,7.972246662384738,3,0.75,0.5,1,user_0099,1
aug_v3_000284,aug_chat_000284,aug_user_1_0071,art,synthetic_aug_v3,art_v3,0.7125121852573745,1771468656000,2,44.45798963443512,3,0,,,2,198.12859795908548,7.1972886004092,1,1.5,0.0,1,user_0132,1
aug_v3_000285,aug_chat_000285,aug_user_1_0071,art,synthetic_aug_v3,art_v3,0.8131047694707583,1772448585000,2,44.91358701481182,4,2,,,2,222.94588379740637,4.91685509255617,1,2.0,1.0,1,user_0127,1
aug_v3_000286,aug_chat_000286,aug_user_1_0071,art,synthetic_aug_v3,art_v3,0.6986931147171802,1773649874000,3,37.928129828865536,3,0,,,3,185.43550473547154,8.656202254512788,2,1.0,0.0,1,user_0085,1
aug_v3_000287,aug_chat_000287,aug_user_1_0071,art,synthetic_aug_v3,art_v3,0.7102165987534784,1769639215000,3,39.87542655844851,3,0,,,3,193.49698033862404,12.01798742704666,2,1.0,0.0,1,user_0070,1
aug_v3_000288,aug_chat_000288,aug_user_1_0072,art,synthetic_aug_v3,art_v3,0.7720773954930789,1772015406000,4,38.29874669885434,6,0,,,4,190.66155968208528,15.012365033115444,3,1.5,0.0,1,user_0007,1
aug_v3_000289,aug_chat_000289,aug_user_1_0072,art,synthetic_aug_v3,art_v3,0.775526875661768,1772203596000,3,30.093163934148876,3,0,,,3,155.84671343853094,6.752876789132885,2,1.0,0.0,1,user_0066,1
aug_v3_000290,aug_chat_000290,aug_user_1_0072,art,synthetic_aug_v3,art_v3,0.8466261646802182,1773264117000,4,51.44209024303893,6,0,,,3,170.09562836171986,8.277641531009962,3,1.5,0.0,1,user_0090,1
aug_v3_000291,aug_chat_000291,aug_user_1_0072,art,synthetic_aug_v3,art_v3,0.7685304316656844,1771838296000,5,41.66939957993215,8,1,,,5,217.20164620714286,8.362327274433548,4,1.6,0.2,1,user_0055,1
aug_v3_000292,aug_chat_000292,aug_user_1_0073,art,synthetic_aug_v3,art_v3,0.7392130801489875,1772213925000,4,42.35791736139357,3,0,,,4,196.68905345718298,7.995330356874128,3,0.75,0.0,1,user_0007,1
aug_v3_000293,aug_chat_000293,aug_user_1_0073,art,synthetic_aug_v3,art_v3,0.9139248320633845,1768517261000,3,41.84176076994742,7,0,,,3,204.23032841293337,5.926911328128847,2,2.3333333333333335,0.0,1,user_0102,1
aug_v3_000294,aug_chat_000294,aug_user_1_0073,art,synthetic_aug_v3,art_v3,0.661597939134083,1772536851000,4,39.82097461745514,1,0,,,4,129.01310204037313,7.794062775234238,3,0.25,0.0,1,user_0067,1
aug_v3_000295,aug_chat_000295,aug_user_1_0073,art,synthetic_aug_v3,art_v3,0.7773741278917672,1772203596000,2,31.64590784264604,2,0,,,2,143.89874234884985,5.694737731410888,1,1.0,0.0,1,user_0066,1
aug_v3_000296,aug_chat_000296,aug_user_1_0074,art,synthetic_aug_v3,art_v3,0.6847195933545439,1772079514000,3,42.69518361649556,2,0,,,4,164.9772053592404,8.809354745718977,2,0.6666666666666666,0.0,1,user_0067,1
aug_v3_000297,aug_chat_000297,aug_user_1_0074,art,synthetic_aug_v3,art_v3,0.7054684800794802,1774334860000,4,39.32446264630611,5,0,,,4,184.4768168038321,4.791858185976602,3,1.25,0.0,1,user_0021,1
aug_v3_000298,aug_chat_000298,aug_user_1_0074,art,synthetic_aug_v3,art_v3,0.8047363359066303,1771161173000,4,29.545961981893768,6,0,,,4,228.77339561291964,3.5670500110185874,3,1.5,0.0,1,user_0042,1
aug_v3_000299,aug_chat_000299,aug_user_1_0074,art,synthetic_aug_v3,art_v3,0.8363668970286572,1773482742000,4,40.07732626374955,5,0,,,4,170.01949492656163,2.085311806692956,3,1.25,0.0,1,user_0136,1
aug_v3_000300,aug_chat_000300,aug_user_1_0075,art,synthetic_aug_v3,art_v3,0.923,1772572517000,5,39.14078273362688,15,0,,,5,181.24927875454577,14.005957742644966,4,3.0,0.0,1,user_0007,1
aug_v3_000301,aug_chat_000301,aug_user_1_0075,art,synthetic_aug_v3,art_v3,0.624,1769818966000,4,44.975995401609396,0,0,,,4,179.32040937992645,6.458401974147707,3,0.0,0.0,1,user_0070,1
aug_v3_000302,aug_chat_000302,aug_user_1_0075,art,synthetic_aug_v3,art_v3,0.706451858707484,1771022260000,2,34.303166732929284,2,1,,,2,153.0605972781573,7.131082991601996,1,1.0,0.5,1,user_0099,1
aug_v3_000303,aug_chat_000303,aug_user_1_0075,art,synthetic_aug_v3,art_v3,0.6271335761372689,1773136075000,5,37.114051802988776,2,3,,,5,181.30958051685784,7.5460440805537035,4,0.4,0.6,1,user_0137,1
aug_v3_000304,aug_chat_000304,aug_user_1_0076,art,synthetic_aug_v3,art_v3,0.923,1769377005000,5,34.5630598561096,9,0,,,5,177.7685775928336,13.219653973433116,4,1.8,0.0,1,user_0089,1
aug_v3_000305,aug_chat_000305,aug_user_1_0076,art,synthetic_aug_v3,art_v3,0.856257136488867,1771237973000,3,46.44125954499785,7,0,,,3,173.8802470011395,11.60001761266387,2,2.3333333333333335,0.0,1,user_0073,1
aug_v3_000306,aug_chat_000306,aug_user_1_0076,art,synthetic_aug_v3,art_v3,0.6769637145280828,1773004362000,4,33.24825250207609,2,0,,,4,203.79330260189315,5.794323939504395,3,0.5,0.0,1,user_0049,1
aug_v3_000307,aug_chat_000307,aug_user_1_0076,art,synthetic_aug_v3,art_v3,0.6288745512017231,1770378169000,5,39.48825104947444,2,3,,,5,136.52358524711087,7.35514996533423,4,0.4,0.6,1,user_0075,1
aug_v3_000308,aug_chat_000308,aug_user_1_0077,art,synthetic_aug_v3,art_v3,0.9085824462228076,1771721476000,4,36.976093673183264,7,0,,,4,211.75044376507532,10.431532801925064,3,1.75,0.0,1,user_0068,1
aug_v3_000309,aug_chat_000309,aug_user_1_0077,art,synthetic_aug_v3,art_v3,0.7452109539055843,1769103541000,4,42.32635612307585,4,1,,,4,169.9152034934087,4.293015430246596,3,1.0,0.25,1,user_0089,1
aug_v3_000310,aug_chat_000310,aug_user_1_0077,art,synthetic_aug_v3,art_v3,0.7930028386367377,1769950395000,6,34.72163345423946,4,0,,,6,201.90388973601534,13.724665109780839,5,0.6666666666666666,0.0,1,user_0102,1
aug_v3_000311,aug_chat_000311,aug_user_1_0077,art,synthetic_aug_v3,art_v3,0.6597164580250114,1773228814000,3,40.711927608954255,1,0,,,3,201.62301445091032,6.510083534802913,2,0.3333333333333333,0.0,1,user_0128,1
aug_v3_000312,aug_chat_000312,aug_user_1_0078,art,synthetic_aug_v3,art_v3,0.8073843561597078,1769559396000,3,47.820275462719934,4,0,,,3,273.5351283617483,6.263750984513122,2,1.3333333333333333,0.0,1,user_0016,1
aug_v3_000313,aug_chat_000313,aug_user_1_0078,art,synthetic_aug_v3,art_v3,0.8692759845163346,1768749474000,5,35.01009200414439,6,0,,,5,130.82548918825864,7.838987104395924,4,1.2,0.0,1,user_0023,1
aug_v3_000314,aug_chat_000314,aug_user_1_0078,art,synthetic_aug_v3,art_v3,0.624,1776065595000,6,43.53661322153363,0,0,,,6,145.90517424353246,10.089578058148334,5,0.0,0.0,1,user_0012,1
aug_v3_000315,aug_chat_000315,aug_user_1_0078,art,synthetic_aug_v3,art_v3,0.7777739017752642,1773513841000,3,49.01590513877358,5,1,,,3,197.82890321377425,13.468549790614052,2,1.6666666666666667,0.3333333333333333,1,user_0091,1
aug_v3_000316,aug_chat_000316,aug_user_1_0079,art,synthetic_aug_v3,art_v3,0.8587963346353741,1773479591000,6,33.22590463360542,12,0,,,6,195.1640758394565,8.990736207367206,5,2.0,0.0,1,user_0049,1
aug_v3_000317,aug_chat_000317,aug_user_1_0079,art,synthetic_aug_v3,art_v3,0.7285124704662689,1769066866000,4,47.91758999251544,4,0,,,4,213.3392455800962,3.9103476513585864,3,1.0,0.0,1,user_0125,1
aug_v3_000318,aug_chat_000318,aug_user_1_0079,art,synthetic_aug_v3,art_v3,0.7088146742968819,1773136075000,5,42.24684573936925,3,0,,,5,163.74659760123473,6.449090400852723,4,0.6,0.0,1,user_0137,1
aug_v3_000319,aug_chat_000319,aug_user_1_0079,art,synthetic_aug_v3,art_v3,0.6732559856707472,1772483650000,4,36.52097234362925,1,0,,,4,112.9978985829703,15.487537175488503,3,0.25,0.0,1,user_0128,1
aug_v3_000320,aug_chat_000320,aug_user_1_0080,art,synthetic_aug_v3,art_v3,0.70045309086371,1772382323000,4,31.339199810945413,5,0,,,4,125.70050657884188,9.337422184364152,3,1.25,0.0,1,user_0132,1
aug_v3_000321,aug_chat_000321,aug_user_1_0080,art,synthetic_aug_v3,art_v3,0.7967146243876212,1772079514000,3,40.90778542676409,5,0,,,3,150.05206614962006,8.191280400638133,2,1.6666666666666667,0.0,1,user_0067,1
aug_v3_000322,aug_chat_000322,aug_user_1_0080,art,synthetic_aug_v3,art_v3,0.7336495025272587,1773515564000,4,44.159111799914285,3,0,,,4,199.61985595434604,7.957885479794075,3,0.75,0.0,1,user_0021,1
aug_v3_000323,aug_chat_000323,aug_user_1_0080,art,synthetic_aug_v3,art_v3,0.8257986602138957,1768532164000,3,38.85379722012559,3,0,,,3,193.38941305943786,11.94659495952661,2,1.0,0.0,1,user_0041,1
aug_v3_000324,aug_chat_000324,aug_user_1_0081,art,synthetic_aug_v3,art_v3,0.6919373092260922,1771543555000,3,44.70414243704879,3,0,,,3,223.92576629236547,10.986315026118323,2,1.0,0.0,1,user_0007,1
aug_v3_000325,aug_chat_000325,aug_user_1_0081,art,synthetic_aug_v3,art_v3,0.8289011302599795,1770614291000,4,37.76352069387214,6,1,,,4,124.53983360784072,15.235558976271568,3,1.5,0.25,1,user_0070,1
aug_v3_000326,aug_chat_000326,aug_user_1_0081,art,synthetic_aug_v3,art_v3,0.6461377438683057,1770017807000,4,38.051614241452015,1,0,,,4,115.21151156458832,7.929001306908326,3,0.25,0.0,1,user_0053,1
aug_v3_000327,aug_chat_000327,aug_user_1_0081,art,synthetic_aug_v3,art_v3,0.710791322389593,1775810401000,6,46.58649498479865,2,0,,,6,157.97115038529117,12.536323519986526,5,0.3333333333333333,0.0,1,user_0100,1
aug_v3_000328,aug_chat_000328,aug_user_1_0082,art,synthetic_aug_v3,art_v3,0.6940166780547754,1772954784000,6,37.37380963905361,5,0,,,6,175.86962331357967,15.072689063240935,5,0.8333333333333334,0.0,1,user_0069,1
aug_v3_000329,aug_chat_000329,aug_user_1_0082,art,synthetic_aug_v3,art_v3,0.9141271579623649,1772061553000,5,46.38542506078494,10,0,,,5,127.2054134781095,8.309783199077824,4,2.0,0.0,1,user_0103,1
aug_v3_000330,aug_chat_000330,aug_user_1_0082,art,synthetic_aug_v3,art_v3,0.6395869306774249,1770579859000,6,29.86155642729127,1,0,,,6,166.1284875223579,12.388759679573045,5,0.16666666666666666,0.0,1,user_0073,1
aug_v3_000331,aug_chat_000331,aug_user_1_0082,art,synthetic_aug_v3,art_v3,0.8573855920370048,1772861256000,4,55.32290232461484,7,0,,,4,108.12657411610002,4.35854756272499,3,1.75,0.0,1,user_0117,1
aug_v3_000332,aug_chat_000332,aug_user_1_0083,art,synthetic_aug_v3,art_v3,0.6890879528207435,1770437899000,5,35.125309799947075,2,0,,,5,175.95329329273042,13.23719552089408,4,0.4,0.0,1,user_0070,1
aug_v3_000333,aug_chat_000333,aug_user_1_0083,art,synthetic_aug_v3,art_v3,0.8001290821115784,1774686553000,3,39.35510687714286,2,0,,,3,199.23265907066005,13.507637502796012,2,0.6666666666666666,0.0,1,user_0021,1
aug_v3_000334,aug_chat_000334,aug_user_1_0083,art,synthetic_aug_v3,art_v3,0.6864465900644248,1773826487000,4,52.01532988400407,3,1,,,4,198.4295122598632,5.1800376684418135,3,0.75,0.25,1,user_0090,1
aug_v3_000335,aug_chat_000335,aug_user_1_0083,art,synthetic_aug_v3,art_v3,0.6944074926609991,1774334860000,3,37.11727016164256,3,0,,,4,240.61650890671098,4.8023811308196995,2,1.0,0.0,1,user_0021,1
aug_v3_000336,aug_chat_000336,aug_user_1_0084,art,synthetic_aug_v3,art_v3,0.7303781813029485,1768842588000,5,41.5401722304689,4,0,,,5,179.65857466379643,10.213860521750366,4,0.8,0.0,1,user_0023,1
aug_v3_000337,aug_chat_000337,aug_user_1_0084,art,synthetic_aug_v3,art_v3,0.7637367877974912,1771774987000,4,45.40301431832291,3,1,,,4,185.609226285967,10.145592160313848,3,0.75,0.25,1,user_0099,1
aug_v3_000338,aug_chat_000338,aug_user_1_0084,art,synthetic_aug_v3,art_v3,0.624,1773166726000,3,41.759533904534145,1,0,,,3,144.15060926133555,7.162804136903818,2,0.3333333333333333,0.0,1,user_0031,1
aug_v3_000339,aug_chat_000339,aug_user_1_0084,art,synthetic_aug_v3,art_v3,0.6380216104751184,1771678147000,6,37.746318638605075,3,1,,,6,142.09607044221374,10.805312936982514,5,0.5,0.16666666666666666,1,user_0139,1
aug_v3_000340,aug_chat_000340,aug_user_1_0085,art,synthetic_aug_v3,art_v3,0.7291962474032714,1775906983000,2,50.54907871983671,3,0,,,2,175.49241538494434,6.239407313290961,1,1.5,0.0,1,user_0078,1
aug_v3_000341,aug_chat_000341,aug_user_1_0085,art,synthetic_aug_v3,art_v3,0.7765399717123475,1771310738000,4,40.58711201859576,6,2,,,4,157.02667592925107,7.8425885629164975,3,1.5,0.5,1,user_0099,1
aug_v3_000342,aug_chat_000342,aug_user_1_0085,art,synthetic_aug_v3,art_v3,0.7912289368643883,1771939686000,5,37.248642494911174,6,5,,,5,214.85039685181692,8.383523167930736,4,1.2,1.0,1,user_0046,1
aug_v3_000343,aug_chat_000343,aug_user_1_0085,art,synthetic_aug_v3,art_v3,0.6577268688214867,1771017393000,2,31.79849023813792,2,0,,,2,163.0008332125574,6.492737250889067,1,1.0,0.0,1,user_0066,1
aug_v3_000344,aug_chat_000344,aug_user_1_0086,art,synthetic_aug_v3,art_v3,0.7929685846425335,1772112017000,4,46.351387563510016,4,0,,,4,191.67232991399442,14.656625074490316,3,1.0,0.0,1,user_0126,1
aug_v3_000345,aug_chat_000345,aug_user_1_0086,art,synthetic_aug_v3,art_v3,0.7823500815860942,1767651194000,5,37.62948016427946,7,0,,,5,138.82108163560366,11.725874545034646,4,1.4,0.0,1,user_0120,1
aug_v3_000346,aug_chat_000346,aug_user_1_0086,art,synthetic_aug_v3,art_v3,0.724418022430683,1768863169000,3,36.389143536042724,3,2,,,3,181.22379942369548,9.92418273018106,2,1.0,0.6666666666666666,1,user_0093,1
aug_v3_000347,aug_chat_000347,aug_user_1_0086,art,synthetic_aug_v3,art_v3,0.7577360498711749,1769260268000,6,43.920098679843655,8,0,,,6,180.83958616189386,6.84853947910607,5,1.3333333333333333,0.0,1,user_0125,1
aug_v3_000348,aug_chat_000348,aug_user_1_0087,art,synthetic_aug_v3,art_v3,0.843515271248438,1774686553000,4,44.94523690173607,7,0,,,5,176.39150145815051,12.0377474596667,3,1.75,0.0,1,user_0021,1
aug_v3_000349,aug_chat_000349,aug_user_1_0087,art,synthetic_aug_v3,art_v3,0.7556876520418598,1768749474000,4,35.81692781249266,3,0,,,5,136.45690691593867,9.776015020370183,3,0.75,0.0,1,user_0023,1
aug_v3_000350,aug_chat_000350,aug_user_1_0087,art,synthetic_aug_v3,art_v3,0.6427786714555892,1774530653000,5,39.562818329412266,0,0,,,5,171.4153673991118,7.2191252781000745,4,0.0,0.0,1,user_0106,1
aug_v3_000351,aug_chat_000351,aug_user_1_0087,art,synthetic_aug_v3,art_v3,0.624,1769839906000,5,38.2979228218101,3,4,,,5,191.12038231637106,7.522296215530928,4,0.6,0.8,1,user_0075,1
aug_v3_000352,aug_chat_000352,aug_user_1_0088,art,synthetic_aug_v3,art_v3,0.8978077535084894,1775463202000,4,38.17623267055173,6,0,,,4,185.72036511616844,14.866386273282169,3,1.5,0.0,1,user_0078,1
aug_v3_000353,aug_chat_000353,aug_user_1_0088,art,synthetic_aug_v3,art_v3,0.8003015867742378,1767295516000,6,31.138975746801844,7,0,,,6,170.9416693201507,11.01735875559969,5,1.1666666666666667,0.0,1,user_0059,1
aug_v3_000354,aug_chat_000354,aug_user_1_0088,art,synthetic_aug_v3,art_v3,0.624,1773166726000,4,49.17004838118413,0,0,,,4,140.08334522686872,7.080928947376336,3,0.0,0.0,1,user_0031,1
aug_v3_000355,aug_chat_000355,aug_user_1_0088,art,synthetic_aug_v3,art_v3,0.798644367290565,1769031835000,5,45.51399009832908,5,0,,,5,151.7246425739303,10.460310993786784,4,1.0,0.0,1,user_0022,1
aug_v3_000356,aug_chat_000356,aug_user_1_0089,art,synthetic_aug_v3,art_v3,0.7297162745065877,1773618479000,4,34.33780623122707,3,0,,,4,171.86796662287523,9.543486510345009,3,0.75,0.0,1,user_0106,1
aug_v3_000357,aug_chat_000357,aug_user_1_0089,art,synthetic_aug_v3,art_v3,0.870723030279392,1768532164000,5,37.555813343952586,7,0,,,5,258.9903932432005,11.279280099244502,4,1.4,0.0,1,user_0041,1
aug_v3_000358,aug_chat_000358,aug_user_1_0089,art,synthetic_aug_v3,art_v3,0.624,1772394524000,2,42.348263038322,0,0,,,2,167.50603245887294,7.8247533866142005,1,0.0,0.0,1,user_0019,1
aug_v3_000359,aug_chat_000359,aug_user_1_0089,art,synthetic_aug_v3,art_v3,0.7701410915372848,1772536851000,3,35.694492486614735,3,0,,,3,162.90721631552324,7.894450380305846,2,1.0,0.0,1,user_0067,1
aug_v3_000360,aug_chat_000360,aug_user_1_0090,art,synthetic_aug_v3,art_v3,0.6498434061089013,1773482742000,2,36.86552800067023,1,0,,,3,163.17543251227738,2.0984098765583052,1,0.5,0.0,1,user_0136,1
aug_v3_000361,aug_chat_000361,aug_user_1_0090,art,synthetic_aug_v3,art_v3,0.6989547657872032,1773671261000,2,44.278836968270575,2,0,,,2,162.79073094814666,10.060073950815271,1,1.0,0.0,1,user_0128,1
aug_v3_000362,aug_chat_000362,aug_user_1_0090,art,synthetic_aug_v3,art_v3,0.7855390310576762,1769657330000,4,43.69595401963646,7,2,,,4,223.5122449183115,5.5500822907788825,3,1.75,0.5,1,user_0093,1
aug_v3_000363,aug_chat_000363,aug_user_1_0090,art,synthetic_aug_v3,art_v3,0.7247225479272155,1768426839000,2,46.860120388232076,2,1,,,2,191.19799276725118,6.466314829007548,1,1.0,0.5,1,user_0045,1
aug_v3_000364,aug_chat_000364,aug_user_1_0091,art,synthetic_aug_v3,art_v3,0.6419190278345549,1770378169000,5,46.06991338687429,2,0,,,5,155.9799175078764,10.61073934757894,4,0.4,0.0,1,user_0075,1
aug_v3_000365,aug_chat_000365,aug_user_1_0091,art,synthetic_aug_v3,art_v3,0.7387236068191619,1771656341000,2,34.07508091209734,1,0,,,2,136.31148148367356,8.690333935197016,1,0.5,0.0,1,user_0066,1
aug_v3_000366,aug_chat_000366,aug_user_1_0091,art,synthetic_aug_v3,art_v3,0.6702887114869497,1772858567000,3,40.97806779234288,1,0,,,3,144.10636261772305,11.582311104457105,2,0.3333333333333333,0.0,1,user_0103,1
aug_v3_000367,aug_chat_000367,aug_user_1_0091,art,synthetic_aug_v3,art_v3,0.652550156176872,1774273788000,4,50.22479116528756,1,0,,,5,231.54779264787828,9.210211543273418,3,0.25,0.0,1,user_0090,1
aug_v3_000368,aug_chat_000368,aug_user_1_0092,art,synthetic_aug_v3,art_v3,0.923,1773686643000,4,39.812182870942074,9,1,,,4,228.95536785272472,7.209020428746663,3,2.25,0.25,1,user_0117,1
aug_v3_000369,aug_chat_000369,aug_user_1_0092,art,synthetic_aug_v3,art_v3,0.672602718311336,1773408675000,5,37.63139831374266,2,0,,,5,213.29718012652347,14.149176870601307,4,0.4,0.0,1,user_0128,1
aug_v3_000370,aug_chat_000370,aug_user_1_0092,art,synthetic_aug_v3,art_v3,0.6812798128258044,1768659606000,4,33.14951605057443,2,0,,,4,164.34341702825046,13.894544672666852,3,0.5,0.0,1,user_0089,1
aug_v3_000371,aug_chat_000371,aug_user_1_0092,art,synthetic_aug_v3,art_v3,0.7215161532432124,1771593788000,4,31.46728628005665,3,0,,,4,99.74657586477113,10.57084069576448,3,0.75,0.0,1,user_0047,1
aug_v3_000372,aug_chat_000372,aug_user_1_0093,art,synthetic_aug_v3,art_v3,0.798753785898859,1769377005000,4,33.91960216646193,4,0,,,4,153.5410761128895,11.551060096682566,3,1.0,0.0,1,user_0089,1
aug_v3_000373,aug_chat_000373,aug_user_1_0093,art,synthetic_aug_v3,art_v3,0.7294806581327725,1770017807000,4,39.42746367706548,1,0,,,4,131.62144660269266,7.424276258878659,3,0.25,0.0,1,user_0053,1
aug_v3_000374,aug_chat_000374,aug_user_1_0093,art,synthetic_aug_v3,art_v3,0.6459510462616068,1774385354000,5,36.622442685086774,0,0,,,5,189.58261809806368,8.542827262806226,4,0.0,0.0,1,user_0119,1
aug_v3_000375,aug_chat_000375,aug_user_1_0093,art,synthetic_aug_v3,art_v3,0.7203992768682129,1775265741000,6,44.960503252583784,3,0,,,6,130.53631897184138,12.456745771060008,5,0.5,0.0,1,user_0098,1
aug_v3_000376,aug_chat_000376,aug_user_1_0094,art,synthetic_aug_v3,art_v3,0.7230527881202831,1769066866000,4,46.85893747938699,5,0,,,4,206.31297114377327,3.2145704589255035,3,1.25,0.0,1,user_0125,1
aug_v3_000377,aug_chat_000377,aug_user_1_0094,art,synthetic_aug_v3,art_v3,0.7209170925385722,1768012865000,5,40.384148299659444,5,0,,,5,195.62273864293698,14.439139530455682,4,1.0,0.0,1,user_0130,1
aug_v3_000378,aug_chat_000378,aug_user_1_0094,art,synthetic_aug_v3,art_v3,0.7965999058163478,1768159726000,4,44.026446850917395,6,0,,,3,196.2691886334585,8.291148240399048,3,1.5,0.0,1,user_0041,1
aug_v3_000379,aug_chat_000379,aug_user_1_0094,art,synthetic_aug_v3,art_v3,0.7844065365424756,1769467095000,4,41.934606355493514,7,0,,,4,153.20943393563775,8.84825662457899,3,1.75,0.0,1,user_0108,1
aug_v3_000380,aug_chat_000380,aug_user_1_0095,art,synthetic_aug_v3,art_v3,0.6292555262702108,1771180983000,4,32.544230440798884,2,3,,,4,169.8340922544682,11.218646249634176,3,0.5,0.75,1,user_0055,1
aug_v3_000381,aug_chat_000381,aug_user_1_0095,art,synthetic_aug_v3,art_v3,0.738888852690487,1774203517000,4,52.74197438638602,3,0,,,4,107.85565389644557,11.620010559274665,3,0.75,0.0,1,user_0119,1
aug_v3_000382,aug_chat_000382,aug_user_1_0095,art,synthetic_aug_v3,art_v3,0.7952516154057858,1772483650000,6,45.845023804887006,7,0,,,6,112.20380630075,10.702995178266345,5,1.1666666666666667,0.0,1,user_0128,1
aug_v3_000383,aug_chat_000383,aug_user_1_0095,art,synthetic_aug_v3,art_v3,0.8464598641606944,1772112017000,4,39.41960786899535,5,0,,,4,222.20315971585794,11.091250863943731,3,1.25,0.0,1,user_0126,1
aug_v3_000384,aug_chat_000384,aug_user_1_0096,art,synthetic_aug_v3,art_v3,0.7344345853602112,1772954784000,4,40.42176601421644,4,0,,,4,178.53444815204526,13.577836414925297,3,1.0,0.0,1,user_0069,1
aug_v3_000385,aug_chat_000385,aug_user_1_0096,art,synthetic_aug_v3,art_v3,0.7360350405411442,1773206380000,2,42.15257052686878,3,0,,,2,123.42776187451973,9.467760409957107,1,1.5,0.0,1,user_0003,1
aug_v3_000386,aug_chat_000386,aug_user_1_0096,art,synthetic_aug_v3,art_v3,0.7947693198328815,1769005192000,4,44.95208662232838,8,0,,,4,188.7049896991862,4.101996999660483,3,2.0,0.0,1,user_0041,1
aug_v3_000387,aug_chat_000387,aug_user_1_0096,art,synthetic_aug_v3,art_v3,0.624,1771947165000,4,36.54211837870008,2,0,,,4,170.36376293549478,10.848750442749308,3,0.5,0.0,1,user_0043,1
